dataset,workbook,sheet,ordinal,field,description,declared_primary_key,declared_size,declared_data_type,range_of_values,source_classification,language,declared_foreign_key
Accredited Trainers by the Dubai Real Estate Institute,Accredited Trainers by the Dubai Real Estate Institute/Accredited_Trainers_by_the_Dubai_Real_Estate_Institute_2026-09-04_attribute-details.xlsx,Sheet1,1,course_time_from,course time from,True,10,nvarchar,Time,Open,English,False
Accredited Trainers by the Dubai Real Estate Institute,Accredited Trainers by the Dubai Real Estate Institute/Accredited_Trainers_by_the_Dubai_Real_Estate_Institute_2026-09-04_attribute-details.xlsx,Sheet1,2,course_time_to,course time to,True,10,nvarchar,Time,Open,English,False
Accredited Trainers by the Dubai Real Estate Institute,Accredited Trainers by the Dubai Real Estate Institute/Accredited_Trainers_by_the_Dubai_Real_Estate_Institute_2026-09-04_attribute-details.xlsx,Sheet1,3,age_group,"age group (e,.g <15 , between 15 and 25 , beween 25 and 35 ..ect)",True,10,nvarchar,Free Text,Open,English,False
Accredited Trainers by the Dubai Real Estate Institute,Accredited Trainers by the Dubai Real Estate Institute/Accredited_Trainers_by_the_Dubai_Real_Estate_Institute_2026-09-04_attribute-details.xlsx,Sheet1,4,trainee_gender,gender of the trainee,True,10,nvarchar,"Male, Female",Open,English,False
Accredited Trainers by the Dubai Real Estate Institute,Accredited Trainers by the Dubai Real Estate Institute/Accredited_Trainers_by_the_Dubai_Real_Estate_Institute_2026-09-04_attribute-details.xlsx,Sheet1,5,no_of_trainees,count of tranees,True,4,numeric,1 to 9999,Open,English,False
Accredited Trainers by the Dubai Real Estate Institute,Accredited Trainers by the Dubai Real Estate Institute/Accredited_Trainers_by_the_Dubai_Real_Estate_Institute_2026-09-04_attribute-details.xlsx,Sheet1,6,course_code,course code,True,10,nvarchar,Free Text,Open,English,False
Accredited Trainers by the Dubai Real Estate Institute,Accredited Trainers by the Dubai Real Estate Institute/Accredited_Trainers_by_the_Dubai_Real_Estate_Institute_2026-09-04_attribute-details.xlsx,Sheet1,7,cource_title_ar,course name in Arabic,True,200,nvarchar,Free Text,Open,English,False
Accredited Trainers by the Dubai Real Estate Institute,Accredited Trainers by the Dubai Real Estate Institute/Accredited_Trainers_by_the_Dubai_Real_Estate_Institute_2026-09-04_attribute-details.xlsx,Sheet1,8,cource_title_en,course name in English,True,200,nvarchar,Free Text,Open,English,False
Accredited Trainers by the Dubai Real Estate Institute,Accredited Trainers by the Dubai Real Estate Institute/Accredited_Trainers_by_the_Dubai_Real_Estate_Institute_2026-09-04_attribute-details.xlsx,Sheet1,9,course_date,course end date,True,10,nvarchar,Date,Open,English,False
Accredited Trainers by the Dubai Real Estate Institute,Accredited Trainers by the Dubai Real Estate Institute/Accredited_Trainers_by_the_Dubai_Real_Estate_Institute_2026-09-04_attribute-details.xlsx,Sheet1,10,course_to,course start date,True,10,nvarchar,Date,Open,English,False
Approved Escrow Account Agents,Approved Escrow Account Agents/Approved_Escrow_Account_Agents_2026-09-04_attribute-details.xlsx,Sheet1,1,escrow_agent_number,Escrow agent (bank) serial number,True,22,numeric,-9999999999 To 9999999999,Open,English,False
Approved Escrow Account Agents,Approved Escrow Account Agents/Approved_Escrow_Account_Agents_2026-09-04_attribute-details.xlsx,Sheet1,2,escrow_agent_name_ar,Escrow agent name in Arabic,False,400,nvarchar,Free Text,Open,English,False
Approved Escrow Account Agents,Approved Escrow Account Agents/Approved_Escrow_Account_Agents_2026-09-04_attribute-details.xlsx,Sheet1,3,escrow_agent_name_en,Escrow agent name in English,False,400,nvarchar,Free Text,Open,English,False
Approved Escrow Account Agents,Approved Escrow Account Agents/Approved_Escrow_Account_Agents_2026-09-04_attribute-details.xlsx,Sheet1,4,phone,Escrow agent phone no,False,200,nvarchar,Free Text,Open,English,False
Building and Property Project Records,Building and Property Project Records/Building_and_Property_Project_Records_2026-09-04_attribute-details.xlsx,Sheet1,1,land_type_en,LAND_TYPE_EN,False,50,varchar2,-,Open,English,False
Building and Property Project Records,Building and Property Project Records/Building_and_Property_Project_Records_2026-09-04_attribute-details.xlsx,Sheet1,2,land_type_ar,LAND_TYPE_AR,False,50,varchar2,-,Open,Arabic,False
Building and Property Project Records,Building and Property Project Records/Building_and_Property_Project_Records_2026-09-04_attribute-details.xlsx,Sheet1,3,land_type_id,Number generated through the system,False,32,number,-,Open,English,False
Building and Property Project Records,Building and Property Project Records/Building_and_Property_Project_Records_2026-09-04_attribute-details.xlsx,Sheet1,4,project_name_en,PROJECT_NAME_EN,False,200,varchar2,-,Open,English,False
Building and Property Project Records,Building and Property Project Records/Building_and_Property_Project_Records_2026-09-04_attribute-details.xlsx,Sheet1,5,project_name_ar,PROJECT_NAME_AR,False,200,varchar2,-,Open,Arabic,False
Building and Property Project Records,Building and Property Project Records/Building_and_Property_Project_Records_2026-09-04_attribute-details.xlsx,Sheet1,6,project_id,PROJECT_ID,False,10,number,-,Open,English,False
Building and Property Project Records,Building and Property Project Records/Building_and_Property_Project_Records_2026-09-04_attribute-details.xlsx,Sheet1,7,master_project_ar,MASTER_PROJECT_AR,False,250,nvarchar,-,Open,Arabic,False
Building and Property Project Records,Building and Property Project Records/Building_and_Property_Project_Records_2026-09-04_attribute-details.xlsx,Sheet1,8,master_project_en,MASTER_PROJECT_EN,False,250,nvarchar,-,Open,English,False
Building and Property Project Records,Building and Property Project Records/Building_and_Property_Project_Records_2026-09-04_attribute-details.xlsx,Sheet1,9,master_project_id,Number generated through the system,False,10,number,-,Open,English,False
Building and Property Project Records,Building and Property Project Records/Building_and_Property_Project_Records_2026-09-04_attribute-details.xlsx,Sheet1,10,pre_registration_number,PRE_REGISTRATION_NUMBER,False,100,nvarchar,-,Open,English,False
Building and Property Project Records,Building and Property Project Records/Building_and_Property_Project_Records_2026-09-04_attribute-details.xlsx,Sheet1,11,is_registered,IS_REGISTERED,False,20,number,-,Open,English,False
Building and Property Project Records,Building and Property Project Records/Building_and_Property_Project_Records_2026-09-04_attribute-details.xlsx,Sheet1,12,is_lease_hold,IS_LEASE_HOLD,False,16,number,-,Open,English,False
Building and Property Project Records,Building and Property Project Records/Building_and_Property_Project_Records_2026-09-04_attribute-details.xlsx,Sheet1,13,is_free_hold,IS_FREE_HOLD,False,16,number,-,Open,English,False
Building and Property Project Records,Building and Property Project Records/Building_and_Property_Project_Records_2026-09-04_attribute-details.xlsx,Sheet1,14,parcel_id,PARCEL_ID,False,20,number,-,Open,English,False
Building and Property Project Records,Building and Property Project Records/Building_and_Property_Project_Records_2026-09-04_attribute-details.xlsx,Sheet1,15,creation_date,CREATION_DATE,False,-,date,DD-MM-YYYY,Open,English,False
Building and Property Project Records,Building and Property Project Records/Building_and_Property_Project_Records_2026-09-04_attribute-details.xlsx,Sheet1,16,parent_property_id,Number generated through the system,False,10,number,-,Open,English,False
Building and Property Project Records,Building and Property Project Records/Building_and_Property_Project_Records_2026-09-04_attribute-details.xlsx,Sheet1,17,property_sub_type_en,PROPERTY_SUB_TYPE_EN,False,50,nvarchar,-,Open,English,False
Building and Property Project Records,Building and Property Project Records/Building_and_Property_Project_Records_2026-09-04_attribute-details.xlsx,Sheet1,18,property_sub_type_ar,PROPERTY_SUB_TYPE_AR,False,50,nvarchar,-,Open,Arabic,False
Building and Property Project Records,Building and Property Project Records/Building_and_Property_Project_Records_2026-09-04_attribute-details.xlsx,Sheet1,19,property_sub_type_id,Number generated through the system,False,32,number,-,Open,English,False
Building and Property Project Records,Building and Property Project Records/Building_and_Property_Project_Records_2026-09-04_attribute-details.xlsx,Sheet1,20,property_type_en,PROPERTY_TYPE_EN,False,50,nvarchar,-,Open,English,False
Building and Property Project Records,Building and Property Project Records/Building_and_Property_Project_Records_2026-09-04_attribute-details.xlsx,Sheet1,21,property_type_ar,PROPERTY_TYPE_AR,False,50,nvarchar,-,Open,Arabic,False
Building and Property Project Records,Building and Property Project Records/Building_and_Property_Project_Records_2026-09-04_attribute-details.xlsx,Sheet1,22,property_type_id,Number generated through the system,False,32,number,-,Open,English,False
Building and Property Project Records,Building and Property Project Records/Building_and_Property_Project_Records_2026-09-04_attribute-details.xlsx,Sheet1,23,actual_area,ACTUAL_AREA,False,-,number,-,Open,English,False
Building and Property Project Records,Building and Property Project Records/Building_and_Property_Project_Records_2026-09-04_attribute-details.xlsx,Sheet1,24,elevators,ELEVATORS,False,32,number,-,Open,English,False
Building and Property Project Records,Building and Property Project Records/Building_and_Property_Project_Records_2026-09-04_attribute-details.xlsx,Sheet1,25,swimming_pools,SWIMMING_POOLS,False,32,number,-,Open,English,False
Building and Property Project Records,Building and Property Project Records/Building_and_Property_Project_Records_2026-09-04_attribute-details.xlsx,Sheet1,26,offices,OFFICES,False,10,number,-,Open,English,False
Building and Property Project Records,Building and Property Project Records/Building_and_Property_Project_Records_2026-09-04_attribute-details.xlsx,Sheet1,27,flats,FLATS,False,10,number,-,Open,English,False
Building and Property Project Records,Building and Property Project Records/Building_and_Property_Project_Records_2026-09-04_attribute-details.xlsx,Sheet1,28,shops,SHOPS,False,10,number,-,Open,English,False
Building and Property Project Records,Building and Property Project Records/Building_and_Property_Project_Records_2026-09-04_attribute-details.xlsx,Sheet1,29,bld_levels,LEVELS,False,10,number,-,Open,English,False
Building and Property Project Records,Building and Property Project Records/Building_and_Property_Project_Records_2026-09-04_attribute-details.xlsx,Sheet1,30,built_up_area,BUILT_UP_AREA,False,-,number,-,Open,English,False
Building and Property Project Records,Building and Property Project Records/Building_and_Property_Project_Records_2026-09-04_attribute-details.xlsx,Sheet1,31,car_parks,CAR_PARKS,False,10,number,-,Open,English,False
Building and Property Project Records,Building and Property Project Records/Building_and_Property_Project_Records_2026-09-04_attribute-details.xlsx,Sheet1,32,rooms_en,ROOMS_EN,False,60,varchar2,-,Open,English,False
Building and Property Project Records,Building and Property Project Records/Building_and_Property_Project_Records_2026-09-04_attribute-details.xlsx,Sheet1,33,rooms_ar,ROOMS_AR,False,60,varchar2,-,Open,Arabic,False
Building and Property Project Records,Building and Property Project Records/Building_and_Property_Project_Records_2026-09-04_attribute-details.xlsx,Sheet1,34,rooms,ROOMS,False,10,number,-,Open,English,False
Building and Property Project Records,Building and Property Project Records/Building_and_Property_Project_Records_2026-09-04_attribute-details.xlsx,Sheet1,35,floors,FLOOR,False,40,nvarchar,-,Open,English,False
Building and Property Project Records,Building and Property Project Records/Building_and_Property_Project_Records_2026-09-04_attribute-details.xlsx,Sheet1,36,actual_common_area,ACTUAL_COMMON_AREA,False,20,number,-,Open,English,False
Building and Property Project Records,Building and Property Project Records/Building_and_Property_Project_Records_2026-09-04_attribute-details.xlsx,Sheet1,37,common_area,COMMON_AREA,False,-,number,-,Open,English,False
Building and Property Project Records,Building and Property Project Records/Building_and_Property_Project_Records_2026-09-04_attribute-details.xlsx,Sheet1,38,building_number,BUILDING_NUMBER,False,100,nvarchar,-,Open,English,False
Building and Property Project Records,Building and Property Project Records/Building_and_Property_Project_Records_2026-09-04_attribute-details.xlsx,Sheet1,39,land_sub_number,LAND_SUB_NUMBER,False,10,number,-,Open,English,False
Building and Property Project Records,Building and Property Project Records/Building_and_Property_Project_Records_2026-09-04_attribute-details.xlsx,Sheet1,40,land_number,LAND_NUMBER,False,100,nvarchar,-,Open,English,False
Building and Property Project Records,Building and Property Project Records/Building_and_Property_Project_Records_2026-09-04_attribute-details.xlsx,Sheet1,41,area_name_en,AREA_NAME_EN,False,200,nvarchar,-,Open,English,False
Building and Property Project Records,Building and Property Project Records/Building_and_Property_Project_Records_2026-09-04_attribute-details.xlsx,Sheet1,42,area_name_ar,AREA_NAME_AR,False,200,nvarchar,-,Open,Arabic,False
Building and Property Project Records,Building and Property Project Records/Building_and_Property_Project_Records_2026-09-04_attribute-details.xlsx,Sheet1,43,zone_id,ZONE_ID,False,32,number,-,Open,English,False
Building and Property Project Records,Building and Property Project Records/Building_and_Property_Project_Records_2026-09-04_attribute-details.xlsx,Sheet1,44,area_id,Number generated through the system,False,10,number,-,Open,English,False
Building and Property Project Records,Building and Property Project Records/Building_and_Property_Project_Records_2026-09-04_attribute-details.xlsx,Sheet1,45,property_id,Number generated through the system,False,10,number,-,Open,English,False
Developers Recorded in Dubai Land Department,Developers Recorded in Dubai Land Department/Developers_Recorded_in_Dubai_Land_Department_2026-09-04_attribute-details.xlsx,Sheet1,1,participant_id,Number generated through the system,False,10,NUMBER(10),-,Open,English,False
Developers Recorded in Dubai Land Department,Developers Recorded in Dubai Land Department/Developers_Recorded_in_Dubai_Land_Department_2026-09-04_attribute-details.xlsx,Sheet1,2,developer_id,Number generated through the system,True,10,NUMBER(10),-,Open,English,False
Developers Recorded in Dubai Land Department,Developers Recorded in Dubai Land Department/Developers_Recorded_in_Dubai_Land_Department_2026-09-04_attribute-details.xlsx,Sheet1,3,developer_number,Number generated through the system,False,-,NUMBER,-,Open,English,False
Developers Recorded in Dubai Land Department,Developers Recorded in Dubai Land Department/Developers_Recorded_in_Dubai_Land_Department_2026-09-04_attribute-details.xlsx,Sheet1,4,developer_name_ar,DEVELOPER_NAME_AR,False,200,NVARCHAR2(200),-,Open,English,False
Developers Recorded in Dubai Land Department,Developers Recorded in Dubai Land Department/Developers_Recorded_in_Dubai_Land_Department_2026-09-04_attribute-details.xlsx,Sheet1,5,developer_name_en,DEVELOPER_NAME_EN,False,200,NVARCHAR2(200),-,Open,English,False
Developers Recorded in Dubai Land Department,Developers Recorded in Dubai Land Department/Developers_Recorded_in_Dubai_Land_Department_2026-09-04_attribute-details.xlsx,Sheet1,6,registration_date,REGISTRATION_DATE,False,-,DATE (DD-MM-YYYY),-,Open,English,False
Developers Recorded in Dubai Land Department,Developers Recorded in Dubai Land Department/Developers_Recorded_in_Dubai_Land_Department_2026-09-04_attribute-details.xlsx,Sheet1,7,license_source_id,issuer ID,False,10,NUMBER(10),-,Open,English,False
Developers Recorded in Dubai Land Department,Developers Recorded in Dubai Land Department/Developers_Recorded_in_Dubai_Land_Department_2026-09-04_attribute-details.xlsx,Sheet1,8,license_source_ar,DED/FZ,False,200,NVARCHAR2(200),-,Open,English,False
Developers Recorded in Dubai Land Department,Developers Recorded in Dubai Land Department/Developers_Recorded_in_Dubai_Land_Department_2026-09-04_attribute-details.xlsx,Sheet1,9,license_source_en,DED/FZ,False,200,NVARCHAR2(200),-,Open,English,False
Developers Recorded in Dubai Land Department,Developers Recorded in Dubai Land Department/Developers_Recorded_in_Dubai_Land_Department_2026-09-04_attribute-details.xlsx,Sheet1,10,license_type_id,Number generated through the system,False,10,NUMBER(10),-,Open,English,False
Developers Recorded in Dubai Land Department,Developers Recorded in Dubai Land Department/Developers_Recorded_in_Dubai_Land_Department_2026-09-04_attribute-details.xlsx,Sheet1,11,license_type_ar,if FZ,False,100,NVARCHAR2(100),-,Open,English,False
Developers Recorded in Dubai Land Department,Developers Recorded in Dubai Land Department/Developers_Recorded_in_Dubai_Land_Department_2026-09-04_attribute-details.xlsx,Sheet1,12,license_type_en,if FZ,False,100,NVARCHAR2(100),-,Open,English,False
Developers Recorded in Dubai Land Department,Developers Recorded in Dubai Land Department/Developers_Recorded_in_Dubai_Land_Department_2026-09-04_attribute-details.xlsx,Sheet1,13,legal_status,"determined by the legal form of a license as follows: a business license, a limited liability company,",False,-,NUMBER,-,Open,English,False
Developers Recorded in Dubai Land Department,Developers Recorded in Dubai Land Department/Developers_Recorded_in_Dubai_Land_Department_2026-09-04_attribute-details.xlsx,Sheet1,14,legal_status_ar,LEGAL_STATUS_AR,False,100,NVARCHAR2(100),-,Open,English,False
Developers Recorded in Dubai Land Department,Developers Recorded in Dubai Land Department/Developers_Recorded_in_Dubai_Land_Department_2026-09-04_attribute-details.xlsx,Sheet1,15,legal_status_en,LEGAL_STATUS_EN,False,100,NVARCHAR2(100),-,Open,English,False
Developers Recorded in Dubai Land Department,Developers Recorded in Dubai Land Department/Developers_Recorded_in_Dubai_Land_Department_2026-09-04_attribute-details.xlsx,Sheet1,16,webpage,WEBPAGE,False,100,NVARCHAR2(100),-,Open,English,False
Developers Recorded in Dubai Land Department,Developers Recorded in Dubai Land Department/Developers_Recorded_in_Dubai_Land_Department_2026-09-04_attribute-details.xlsx,Sheet1,17,phone,PHONE,False,50,NVARCHAR2(50),-,Open,English,False
Developers Recorded in Dubai Land Department,Developers Recorded in Dubai Land Department/Developers_Recorded_in_Dubai_Land_Department_2026-09-04_attribute-details.xlsx,Sheet1,18,fax,FAX,False,50,NVARCHAR2(50),-,Open,English,False
Developers Recorded in Dubai Land Department,Developers Recorded in Dubai Land Department/Developers_Recorded_in_Dubai_Land_Department_2026-09-04_attribute-details.xlsx,Sheet1,19,license_number,LICENSE_NUMBER,False,50,NVARCHAR2(50),-,Open,English,False
Developers Recorded in Dubai Land Department,Developers Recorded in Dubai Land Department/Developers_Recorded_in_Dubai_Land_Department_2026-09-04_attribute-details.xlsx,Sheet1,20,license_issue_date,LICENSE_ISSUE_DATE,False,-,DATE (DD-MM-YYYY),-,Open,English,False
Developers Recorded in Dubai Land Department,Developers Recorded in Dubai Land Department/Developers_Recorded_in_Dubai_Land_Department_2026-09-04_attribute-details.xlsx,Sheet1,21,license_expiry_date,LICENSE_EXPIRY_DATE,False,-,DATE (DD-MM-YYYY),-,Open,English,False
Developers Recorded in Dubai Land Department,Developers Recorded in Dubai Land Department/Developers_Recorded_in_Dubai_Land_Department_2026-09-04_attribute-details.xlsx,Sheet1,22,chamber_of_commerce_no,CHAMBER_OF_COMMERCE_NO,False,20,VARCHAR2(20),-,Open,English,False
Elders and People of Determination,Elders and People of Determination/Elders_and_People_of_Determination_2026-09-04_attribute-details.xlsx,Sheet1,1,service_year,The year in which the service was provided,True,4,NUMBER,From 2016 to 9999,Open,English,False
Elders and People of Determination,Elders and People of Determination/Elders_and_People_of_Determination_2026-09-04_attribute-details.xlsx,Sheet1,2,service_month,the month in which the service was provided,True,2,NUMBER,from 1 to 12,Open,English,False
Elders and People of Determination,Elders and People of Determination/Elders_and_People_of_Determination_2026-09-04_attribute-details.xlsx,Sheet1,3,service_name_ar,service name in Arabic,False,200,VARCHAR2,Free Text,Open,English,False
Elders and People of Determination,Elders and People of Determination/Elders_and_People_of_Determination_2026-09-04_attribute-details.xlsx,Sheet1,4,service_name_en,service name in English,False,200,NVARCHAR2,Free Text,Open,English,False
Elders and People of Determination,Elders and People of Determination/Elders_and_People_of_Determination_2026-09-04_attribute-details.xlsx,Sheet1,5,service_location_ar,"The location in which the service was provided( DLD Main Bracnch , RT Office ,… ) In Arabic",False,300,NVARCHAR2,Free Text,Open,English,False
Elders and People of Determination,Elders and People of Determination/Elders_and_People_of_Determination_2026-09-04_attribute-details.xlsx,Sheet1,6,service_location_en,"The location in which the service was provided( DLD Main Bracnch , RT Office ,… ) In English",False,300,NVARCHAR2,Free Text,Open,English,False
Elders and People of Determination,Elders and People of Determination/Elders_and_People_of_Determination_2026-09-04_attribute-details.xlsx,Sheet1,7,total_no_of_tickets,total no. of issued queue tickets,False,10,NVARCHAR2,From 0 to 9999999999,Open,English,False
Elders and People of Determination,Elders and People of Determination/Elders_and_People_of_Determination_2026-09-04_attribute-details.xlsx,Sheet1,8,average_wating_time,average waiting time from the issuing time untill calling the customer,False,10,VARCHAR2,Time Format (HH:MM:SS),Open,English,False
Elders and People of Determination,Elders and People of Determination/Elders_and_People_of_Determination_2026-09-04_attribute-details.xlsx,Sheet1,9,target_waiting_time,the maximum time allowed for letting the client wait till calling him/her,False,10,VARCHAR2,Time Format (HH:MM:SS),Open,English,False
Elders and People of Determination,Elders and People of Determination/Elders_and_People_of_Determination_2026-09-04_attribute-details.xlsx,Sheet1,10,percent_waiting_time_in_target,the percentage of services provided within the allowed waiting time,False,5,NUMERIC,From 0 to 100,Open,English,False
Elders and People of Determination,Elders and People of Determination/Elders_and_People_of_Determination_2026-09-04_attribute-details.xlsx,Sheet1,11,average_service_time,average service time from the time the client was called until getting the output from the service,False,10,VARCHAR2,Time Format (HH:MM:SS),Open,English,False
Elders and People of Determination,Elders and People of Determination/Elders_and_People_of_Determination_2026-09-04_attribute-details.xlsx,Sheet1,12,target_service_time,the maximum time allowed for serving the client once the service started,False,10,VARCHAR2,Time Format (HH:MM:SS),Open,English,False
Elders and People of Determination,Elders and People of Determination/Elders_and_People_of_Determination_2026-09-04_attribute-details.xlsx,Sheet1,13,percent_service_time_in_target,the percentage of services provided within the allowed service time,False,5,NUMERIC,From 0 To 100,Open,English,False
Free Zone Companies Licensing,Free Zone Companies Licensing/Free_Zone_Companies_Licensing_2026-09-04_attribute-details.xlsx,Sheet1,1,fz_company_number,free zone company code,True,10,nvarchar,Free Text,Open,English,False
Free Zone Companies Licensing,Free Zone Companies Licensing/Free_Zone_Companies_Licensing_2026-09-04_attribute-details.xlsx,Sheet1,2,fz_company_name_ar,free zone company name in Arabic,False,200,nvarchar,Free Text,Open,English,False
Free Zone Companies Licensing,Free Zone Companies Licensing/Free_Zone_Companies_Licensing_2026-09-04_attribute-details.xlsx,Sheet1,3,fz_company_name_en,free zone company name in English,False,200,nvarchar,Free Text,Open,English,False
Free Zone Companies Licensing,Free Zone Companies Licensing/Free_Zone_Companies_Licensing_2026-09-04_attribute-details.xlsx,Sheet1,4,license_source_id,the source code of the license ( the authority that issued the licenses),False,10,numeric,From -9999999999 To 9999999999,Open,English,False
Free Zone Companies Licensing,Free Zone Companies Licensing/Free_Zone_Companies_Licensing_2026-09-04_attribute-details.xlsx,Sheet1,5,license_source_ar,trade license source in Arabic,False,200,nvarchar,Free Text,Open,English,False
Free Zone Companies Licensing,Free Zone Companies Licensing/Free_Zone_Companies_Licensing_2026-09-04_attribute-details.xlsx,Sheet1,6,license_source_en,trade license source in English,False,200,nvarchar,Free Text,Open,English,False
Free Zone Companies Licensing,Free Zone Companies Licensing/Free_Zone_Companies_Licensing_2026-09-04_attribute-details.xlsx,Sheet1,7,license_number,trade license number,False,20,nvarchar,Free Text,Open,English,False
Free Zone Companies Licensing,Free Zone Companies Licensing/Free_Zone_Companies_Licensing_2026-09-04_attribute-details.xlsx,Sheet1,8,license_issue_date,trade license issue date,False,10,date,dd-mm-yyyy,Open,English,False
Free Zone Companies Licensing,Free Zone Companies Licensing/Free_Zone_Companies_Licensing_2026-09-04_attribute-details.xlsx,Sheet1,9,license_expiry_date,trade license expiry date,False,10,date,dd-mm-yyyy,Open,English,False
Free Zone Companies Licensing,Free Zone Companies Licensing/Free_Zone_Companies_Licensing_2026-09-04_attribute-details.xlsx,Sheet1,10,email,real estate office email,False,200,nvarchar,Free Text,Open,English,False
Free Zone Companies Licensing,Free Zone Companies Licensing/Free_Zone_Companies_Licensing_2026-09-04_attribute-details.xlsx,Sheet1,11,webpage,web page address,False,200,nvarchar,Free Text,Open,English,False
Free Zone Companies Licensing,Free Zone Companies Licensing/Free_Zone_Companies_Licensing_2026-09-04_attribute-details.xlsx,Sheet1,12,phone,free zone company phone no,False,15,numeric,Free Text,Open,English,False
Land Registry,Land Registry/Land_Registry_2026-09-04_attribute-details.xlsx,Sheet1,1,project_id,Number generated through the system,False,10,NUMBER(10),-,Open,English,False
Land Registry,Land Registry/Land_Registry_2026-09-04_attribute-details.xlsx,Sheet1,2,project_name_ar,Name by developer in Arabic,False,200,VARCHAR2(200),-,Open,English,False
Land Registry,Land Registry/Land_Registry_2026-09-04_attribute-details.xlsx,Sheet1,3,project_name_en,Name by developer in English,False,200,VARCHAR2(200),-,Open,English,False
Land Registry,Land Registry/Land_Registry_2026-09-04_attribute-details.xlsx,Sheet1,4,master_project_id,Number generated through the system,False,10,NUMBER(10),-,Open,English,False
Land Registry,Land Registry/Land_Registry_2026-09-04_attribute-details.xlsx,Sheet1,5,master_project_en,MASTER_PROJECT_EN,False,250,NVARCHAR2(250),-,Open,English,False
Land Registry,Land Registry/Land_Registry_2026-09-04_attribute-details.xlsx,Sheet1,6,master_project_ar,MASTER_PROJECT_AR,False,250,NVARCHAR2(250),-,Open,English,False
Land Registry,Land Registry/Land_Registry_2026-09-04_attribute-details.xlsx,Sheet1,7,land_type_id,Number generated through the system,False,4,NUMBER(4),-,Open,English,False
Land Registry,Land Registry/Land_Registry_2026-09-04_attribute-details.xlsx,Sheet1,8,land_type_ar,The purpose of land use in Arabic,False,50,VARCHAR2(50),-,Open,English,False
Land Registry,Land Registry/Land_Registry_2026-09-04_attribute-details.xlsx,Sheet1,9,land_type_en,The purpose of land use in English,False,50,VARCHAR2(50),-,Open,English,False
Land Registry,Land Registry/Land_Registry_2026-09-04_attribute-details.xlsx,Sheet1,10,property_id,Number generated through the system,True,10,NUMBER(10),-,Open,English,False
Land Registry,Land Registry/Land_Registry_2026-09-04_attribute-details.xlsx,Sheet1,11,area_id,Number generated through the system,False,10,NUMBER(10),-,Open,English,False
Land Registry,Land Registry/Land_Registry_2026-09-04_attribute-details.xlsx,Sheet1,12,zone_id,Number generated through the system,False,4,NUMBER(4),-,Open,English,False
Land Registry,Land Registry/Land_Registry_2026-09-04_attribute-details.xlsx,Sheet1,13,area_name_ar,Name of the area on which the project in Arabic,False,200,NVARCHAR2(200),-,Open,English,False
Land Registry,Land Registry/Land_Registry_2026-09-04_attribute-details.xlsx,Sheet1,14,area_name_en,Name of the area on which the project in English,False,200,NVARCHAR2(200),-,Open,English,False
Land Registry,Land Registry/Land_Registry_2026-09-04_attribute-details.xlsx,Sheet1,15,land_number,Number generated through the system,False,100,NVARCHAR2(100),-,Open,English,False
Land Registry,Land Registry/Land_Registry_2026-09-04_attribute-details.xlsx,Sheet1,16,land_sub_number,Number generated through the system,False,-,NUMBER,-,Open,English,False
Land Registry,Land Registry/Land_Registry_2026-09-04_attribute-details.xlsx,Sheet1,17,actual_area,Area Size - by Dubai Municipality,False,18,"NUMBER(18,2)",-,Open,English,False
Land Registry,Land Registry/Land_Registry_2026-09-04_attribute-details.xlsx,Sheet1,18,property_type_id,Number generated through the system,False,4,NUMBER(4),-,Open,English,False
Land Registry,Land Registry/Land_Registry_2026-09-04_attribute-details.xlsx,Sheet1,19,property_type_ar,Type of property was built on the land in Arabic,False,50,NVARCHAR2(50),-,Open,English,False
Land Registry,Land Registry/Land_Registry_2026-09-04_attribute-details.xlsx,Sheet1,20,property_type_en,Type of property was built on the land in English,False,50,NVARCHAR2(50),-,Open,English,False
Land Registry,Land Registry/Land_Registry_2026-09-04_attribute-details.xlsx,Sheet1,21,property_sub_type_id,Number generated through the system,False,4,NUMBER(4),-,Open,English,False
Land Registry,Land Registry/Land_Registry_2026-09-04_attribute-details.xlsx,Sheet1,22,property_sub_type_ar,PROPERTY_SUB_TYPE_AR,False,50,NVARCHAR2(50),-,Open,English,False
Land Registry,Land Registry/Land_Registry_2026-09-04_attribute-details.xlsx,Sheet1,23,property_sub_type_en,PROPERTY_SUB_TYPE_EN,False,50,NVARCHAR2(50),-,Open,English,False
Land Registry,Land Registry/Land_Registry_2026-09-04_attribute-details.xlsx,Sheet1,24,munc_zip_code,MUNC_ZIP_CODE,False,3,VARCHAR2(3),-,Open,English,False
Land Registry,Land Registry/Land_Registry_2026-09-04_attribute-details.xlsx,Sheet1,25,munc_number,Is a number that is given by the Dubai Municipality,False,10,NVARCHAR2(10),-,Open,English,False
Land Registry,Land Registry/Land_Registry_2026-09-04_attribute-details.xlsx,Sheet1,26,parcel_id,PARCEL_ID,False,-,NUMBER,-,Open,English,False
Land Registry,Land Registry/Land_Registry_2026-09-04_attribute-details.xlsx,Sheet1,27,is_free_hold,Is it in the list of lands which allows foreigners to own? (0 No or 1 Yes),False,1,NUMBER(1),-,Open,English,False
Land Registry,Land Registry/Land_Registry_2026-09-04_attribute-details.xlsx,Sheet1,28,is_registered,Flag,False,-,NUMBER,-,Open,English,False
Land Registry,Land Registry/Land_Registry_2026-09-04_attribute-details.xlsx,Sheet1,29,pre_registration_number,PRE_REGISTRATION_NUMBER,False,100,NVARCHAR2(100),-,Open,English,False
Land Registry,Land Registry/Land_Registry_2026-09-04_attribute-details.xlsx,Sheet1,30,separated_from,Number of land which it was separated from,False,10,NUMBER(10),-,Open,English,False
Land Registry,Land Registry/Land_Registry_2026-09-04_attribute-details.xlsx,Sheet1,31,separated_reference,Number generated through the system while separation,False,10,NUMBER(10),-,Open,English,False
Licenced Owner Associations,Licenced Owner Associations/Licenced_Owner_Associations_2026-09-04_attribute-details.xlsx,Sheet1,1,company_name_ar,owner association name in Arabic,True,200,nvarchar,Free Text,Open,English,False
Licenced Owner Associations,Licenced Owner Associations/Licenced_Owner_Associations_2026-09-04_attribute-details.xlsx,Sheet1,2,company_name_en,owner association name in englsih,True,200,nvarchar,Free Text,Open,English,False
Licenced Owner Associations,Licenced Owner Associations/Licenced_Owner_Associations_2026-09-04_attribute-details.xlsx,Sheet1,3,phone,owner association phone no,True,200,nvarchar,971XXXXXXXX,Open,English,False
Licenced Owner Associations,Licenced Owner Associations/Licenced_Owner_Associations_2026-09-04_attribute-details.xlsx,Sheet1,4,email,owner association email address,True,60,nvarchar,971XXXXXXXX,Open,English,False
Licenced Owner Associations,Licenced Owner Associations/Licenced_Owner_Associations_2026-09-04_attribute-details.xlsx,Sheet1,5,latitude,plot location (point y),True,15,numeric,From 1 to 99.9999999999999,Open,English,False
Licenced Owner Associations,Licenced Owner Associations/Licenced_Owner_Associations_2026-09-04_attribute-details.xlsx,Sheet1,6,longitude,plot location (point x),True,15,numeric,From 1 to 99.9999999999999,Open,English,False
Licensed Real Estate Valuators,Licensed Real Estate Valuators/Licensed_Real_Estate_Valuators_2026-09-04_attribute-details.xlsx,Sheet1,1,license_end_date,valuation company trade license expiry date,False,10,nvarchar,-,Open,English,False
Licensed Real Estate Valuators,Licensed Real Estate Valuators/Licensed_Real_Estate_Valuators_2026-09-04_attribute-details.xlsx,Sheet1,2,license_start_date,valuation company trade license issuence date,False,10,nvarchar,-,Open,English,False
Licensed Real Estate Valuators,Licensed Real Estate Valuators/Licensed_Real_Estate_Valuators_2026-09-04_attribute-details.xlsx,Sheet1,3,gender_en,valuator gender in English,False,10,nvarchar,-,Open,English,False
Licensed Real Estate Valuators,Licensed Real Estate Valuators/Licensed_Real_Estate_Valuators_2026-09-04_attribute-details.xlsx,Sheet1,4,gender_ar,valuator gender in Arabic,False,10,nvarchar,-,Open,Arabic,False
Licensed Real Estate Valuators,Licensed Real Estate Valuators/Licensed_Real_Estate_Valuators_2026-09-04_attribute-details.xlsx,Sheet1,5,gender_id,gender code of the valuator,False,1,number,-,Open,English,False
Licensed Real Estate Valuators,Licensed Real Estate Valuators/Licensed_Real_Estate_Valuators_2026-09-04_attribute-details.xlsx,Sheet1,6,valuator_nationality_en,valuator nationality in English,False,100,nvarchar,-,Open,English,False
Licensed Real Estate Valuators,Licensed Real Estate Valuators/Licensed_Real_Estate_Valuators_2026-09-04_attribute-details.xlsx,Sheet1,7,valuator_nationality_ar,valuator nationality in Arabic,False,100,nvarchar,-,Open,Arabic,False
Licensed Real Estate Valuators,Licensed Real Estate Valuators/Licensed_Real_Estate_Valuators_2026-09-04_attribute-details.xlsx,Sheet1,8,valuator_nationality_id,valuator nationality uniqe ID,False,10,number,-,Open,English,False
Licensed Real Estate Valuators,Licensed Real Estate Valuators/Licensed_Real_Estate_Valuators_2026-09-04_attribute-details.xlsx,Sheet1,9,valuator_name_en,valuator name in English,False,200,nvarchar,-,Open,English,False
Licensed Real Estate Valuators,Licensed Real Estate Valuators/Licensed_Real_Estate_Valuators_2026-09-04_attribute-details.xlsx,Sheet1,10,valuator_name_ar,valuator name in Arabic,False,200,nvarchar,-,Open,Arabic,False
Licensed Real Estate Valuators,Licensed Real Estate Valuators/Licensed_Real_Estate_Valuators_2026-09-04_attribute-details.xlsx,Sheet1,11,valuator_number,valuator unique number,True,10,number,-,Open,English,False
Licensed Real Estate Valuators,Licensed Real Estate Valuators/Licensed_Real_Estate_Valuators_2026-09-04_attribute-details.xlsx,Sheet1,12,valuation_company_name_en,valuation company name in English,False,200,nvarchar,-,Open,English,False
Licensed Real Estate Valuators,Licensed Real Estate Valuators/Licensed_Real_Estate_Valuators_2026-09-04_attribute-details.xlsx,Sheet1,13,valuation_company_name_ar,valuation company name in Arabic,False,200,nvarchar,-,Open,Arabic,False
Licensed Real Estate Valuators,Licensed Real Estate Valuators/Licensed_Real_Estate_Valuators_2026-09-04_attribute-details.xlsx,Sheet1,14,valuation_company_number,valuation company unique number,True,10,number,-,Open,English,False
Lookup Dubai Community Areas,Lookup Dubai Community Areas/Lookup_Dubai_Community_Areas_2026-09-04_attribute-details.xlsx,Sheet1,1,area_id,the community code(Land department coding),True,22,numeric,-,Open,English,False
Lookup Dubai Community Areas,Lookup Dubai Community Areas/Lookup_Dubai_Community_Areas_2026-09-04_attribute-details.xlsx,Sheet1,2,name_en,The community's name in English.,False,200,nvarchar,-,Open,English,False
Lookup Dubai Community Areas,Lookup Dubai Community Areas/Lookup_Dubai_Community_Areas_2026-09-04_attribute-details.xlsx,Sheet1,3,name_ar,The community's name in Arabic.,False,200,nvarchar,-,Open,English,False
Lookup Dubai Community Areas,Lookup Dubai Community Areas/Lookup_Dubai_Community_Areas_2026-09-04_attribute-details.xlsx,Sheet1,4,municipality_number,the community code(Dubai municipality coding),False,3,nvarchar,from 100 to 999,Open,English,False
Lookup Real Estate Market Types,Lookup Real Estate Market Types/Lookup_Real_Estate_Market_Types_2026-09-04_attribute-details.xlsx,Sheet1,1,market_type_id,"Market type code (primary market , secondary market)",True,22,numeric,standard,Open,English,False
Lookup Real Estate Market Types,Lookup Real Estate Market Types/Lookup_Real_Estate_Market_Types_2026-09-04_attribute-details.xlsx,Sheet1,2,name_ar,The market type's name in Arabic.,False,200,nvarchar,Free Text Including Null,Open,English,False
Lookup Real Estate Market Types,Lookup Real Estate Market Types/Lookup_Real_Estate_Market_Types_2026-09-04_attribute-details.xlsx,Sheet1,3,name_en,The market type's name in English.,False,200,nvarchar,Free Text Including Null,Open,English,False
Lookup Real Estate Transactions Groups,Lookup Real Estate Transactions Groups/Lookup_Real_Estate_Transactions_Groups_2026-09-04_attribute-details.xlsx,Sheet1,1,group_id,"group type of transaction (sale, mortgage , others)",True,22,numeric,standard,Open,English,False
Lookup Real Estate Transactions Groups,Lookup Real Estate Transactions Groups/Lookup_Real_Estate_Transactions_Groups_2026-09-04_attribute-details.xlsx,Sheet1,2,name_ar,The group's name in Arabic.,False,200,nvarchar,Free Text Including Null,Open,English,False
Lookup Real Estate Transactions Groups,Lookup Real Estate Transactions Groups/Lookup_Real_Estate_Transactions_Groups_2026-09-04_attribute-details.xlsx,Sheet1,3,name_en,The group's name in English.,False,200,nvarchar,Free Text Including Null,Open,English,False
Lookup Real Estate Transactions Procedures,Lookup Real Estate Transactions Procedures/Lookup_Real_Estate_Transactions_Procedures_2026-09-04_attribute-details.xlsx,Sheet1,1,group_id,"group type of transaction (sale, mortgage , others)",True,22,numeric,standard,Open,English,False
Lookup Real Estate Transactions Procedures,Lookup Real Estate Transactions Procedures/Lookup_Real_Estate_Transactions_Procedures_2026-09-04_attribute-details.xlsx,Sheet1,2,procedure_id,the type code of the procedure,False,22,numeric,standard,Open,English,False
Lookup Real Estate Transactions Procedures,Lookup Real Estate Transactions Procedures/Lookup_Real_Estate_Transactions_Procedures_2026-09-04_attribute-details.xlsx,Sheet1,3,is_pre_registration,"1= Off-plan property , 0=Existing property",False,22,numeric,standard,Open,English,False
Lookup Real Estate Transactions Procedures,Lookup Real Estate Transactions Procedures/Lookup_Real_Estate_Transactions_Procedures_2026-09-04_attribute-details.xlsx,Sheet1,4,name_ar,The procedure's name in Arabic.,False,400,nvarchar,Free Text Including Null,Open,English,False
Lookup Real Estate Transactions Procedures,Lookup Real Estate Transactions Procedures/Lookup_Real_Estate_Transactions_Procedures_2026-09-04_attribute-details.xlsx,Sheet1,5,name_en,The procedure's name in English.,False,400,nvarchar,Free Text Including Null,Open,English,False
Owners Association Service Charges,Owners Association Service Charges/Owners_Association_Service_Charges_2026-09-04_attribute-details.xlsx,Sheet1,1,master_community_id,master community id of the owner association,True,10,numeric,From -9999999999 To 9999999999,Open,English,False
Owners Association Service Charges,Owners Association Service Charges/Owners_Association_Service_Charges_2026-09-04_attribute-details.xlsx,Sheet1,2,master_community_name_en,master community of the owner association in English,False,200,nvarchar,Free Text,Open,English,False
Owners Association Service Charges,Owners Association Service Charges/Owners_Association_Service_Charges_2026-09-04_attribute-details.xlsx,Sheet1,3,master_community_name_ar,master community of the owner association in Arabic,False,200,nvarchar,Free Text,Open,English,False
Owners Association Service Charges,Owners Association Service Charges/Owners_Association_Service_Charges_2026-09-04_attribute-details.xlsx,Sheet1,4,property_group_id,owner accosiation id,True,10,numeric,From -9999999999 To 9999999999,Open,English,False
Owners Association Service Charges,Owners Association Service Charges/Owners_Association_Service_Charges_2026-09-04_attribute-details.xlsx,Sheet1,5,property_group_name_en,owner accosiation name in English,False,200,nvarchar,Free Text,Open,English,False
Owners Association Service Charges,Owners Association Service Charges/Owners_Association_Service_Charges_2026-09-04_attribute-details.xlsx,Sheet1,6,property_group_name_ar,owner accosiation name in Arabic,False,200,nvarchar,Free Text,Open,English,False
Owners Association Service Charges,Owners Association Service Charges/Owners_Association_Service_Charges_2026-09-04_attribute-details.xlsx,Sheet1,7,project_id,project id to which the owner association is belong,True,10,numeric,From -9999999999 To 9999999999,Open,English,False
Owners Association Service Charges,Owners Association Service Charges/Owners_Association_Service_Charges_2026-09-04_attribute-details.xlsx,Sheet1,8,project_name,project English name to which the owner association is belong,False,200,nvarchar,Free Text,Open,English,False
Owners Association Service Charges,Owners Association Service Charges/Owners_Association_Service_Charges_2026-09-04_attribute-details.xlsx,Sheet1,9,usage_id,usage id of the units concerned in the service charges,True,10,numeric,From -9999999999 To 9999999999,Open,English,False
Owners Association Service Charges,Owners Association Service Charges/Owners_Association_Service_Charges_2026-09-04_attribute-details.xlsx,Sheet1,10,usage_name_en,usage of the units concerned in the service charges in English,False,200,nvarchar,Free Text,Open,English,False
Owners Association Service Charges,Owners Association Service Charges/Owners_Association_Service_Charges_2026-09-04_attribute-details.xlsx,Sheet1,11,usage_name_ar,usage of the units concerned in the service charges in Arabic,False,200,nvarchar,Free Text,Open,English,False
Owners Association Service Charges,Owners Association Service Charges/Owners_Association_Service_Charges_2026-09-04_attribute-details.xlsx,Sheet1,12,budget_year,the year in which the service charges were approved,True,4,numeric,From 2018 to Current Year,Open,English,False
Owners Association Service Charges,Owners Association Service Charges/Owners_Association_Service_Charges_2026-09-04_attribute-details.xlsx,Sheet1,13,service_cost,the service charge per squre feet,False,10,numeric,From -9999999999 To 9999999999,Open,English,False
Owners Association Service Charges,Owners Association Service Charges/Owners_Association_Service_Charges_2026-09-04_attribute-details.xlsx,Sheet1,14,service_category_id,the category id of the service,True,10,numeric,From -9999999999 To 9999999999,Open,English,False
Owners Association Service Charges,Owners Association Service Charges/Owners_Association_Service_Charges_2026-09-04_attribute-details.xlsx,Sheet1,15,service_category_name_en,the category id of the service in English,False,200,nvarchar,Free Text,Open,English,False
Owners Association Service Charges,Owners Association Service Charges/Owners_Association_Service_Charges_2026-09-04_attribute-details.xlsx,Sheet1,16,service_category_name_ar,the category id of the service in Arabic,False,200,nvarchar,Free Text,Open,English,False
Owners Association Service Charges,Owners Association Service Charges/Owners_Association_Service_Charges_2026-09-04_attribute-details.xlsx,Sheet1,17,management_company_id,the id of the company managing the owner association,False,10,numeric,From -9999999999 To 9999999999,Open,English,False
Owners Association Service Charges,Owners Association Service Charges/Owners_Association_Service_Charges_2026-09-04_attribute-details.xlsx,Sheet1,18,management_company_name_en,the id of the company managing the owner association in English,False,200,nvarchar,Free Text,Open,English,False
Owners Association Service Charges,Owners Association Service Charges/Owners_Association_Service_Charges_2026-09-04_attribute-details.xlsx,Sheet1,19,management_company_name_ar,the id of the company managing the owner association in Arabic,False,200,nvarchar,Free Text,Open,English,False
Property Map Requests,Property Map Requests/Property_Map_Requests_2026-09-04_attribute-details.xlsx,Sheet1,1,no_of_siteplans,No. of maps issued,False,10,number,-,Open,English,False
Property Map Requests,Property Map Requests/Property_Map_Requests_2026-09-04_attribute-details.xlsx,Sheet1,2,property_type_en,The type of the property for which the map was issued in English,False,200,nvarchar,-,Open,English,False
Property Map Requests,Property Map Requests/Property_Map_Requests_2026-09-04_attribute-details.xlsx,Sheet1,3,property_type_ar,The type of the property for which the map was issued in Arabic,False,200,nvarchar,-,Open,Arabic,False
Property Map Requests,Property Map Requests/Property_Map_Requests_2026-09-04_attribute-details.xlsx,Sheet1,4,property_type_id,The type ID of the property for which the map was issued in Arabic,False,10,number,-,Open,English,False
Property Map Requests,Property Map Requests/Property_Map_Requests_2026-09-04_attribute-details.xlsx,Sheet1,5,procedure_name_en,the procedure name through which the map was issued in English,False,200,nvarchar,-,Open,English,False
Property Map Requests,Property Map Requests/Property_Map_Requests_2026-09-04_attribute-details.xlsx,Sheet1,6,procedure_name_ar,the procedure name through which the map was issued in Arabic,False,200,nvarchar,-,Open,Arabic,False
Property Map Requests,Property Map Requests/Property_Map_Requests_2026-09-04_attribute-details.xlsx,Sheet1,7,procedure_id,the procedure ID through which the map was issued,False,10,number,-,Open,English,False
Property Map Requests,Property Map Requests/Property_Map_Requests_2026-09-04_attribute-details.xlsx,Sheet1,8,request_source_en,The source name of sending the map issuance request in English,False,200,nvarchar,-,Open,English,False
Property Map Requests,Property Map Requests/Property_Map_Requests_2026-09-04_attribute-details.xlsx,Sheet1,9,request_source_ar,The source name of sending the map issuance request in Arabic,False,200,nvarchar,-,Open,English,False
Property Map Requests,Property Map Requests/Property_Map_Requests_2026-09-04_attribute-details.xlsx,Sheet1,10,request_source_id,The source ID of sending the map issuance request,False,10,number,-,Open,English,False
Property Map Requests,Property Map Requests/Property_Map_Requests_2026-09-04_attribute-details.xlsx,Sheet1,11,application_name_en,English name f the application throught which the request was entered.,False,200,nvarchar,-,Open,English,False
Property Map Requests,Property Map Requests/Property_Map_Requests_2026-09-04_attribute-details.xlsx,Sheet1,12,application_name_ar,Arabic name f the application throught which the request was entered.,False,200,nvarchar,-,Open,Arabic,False
Property Map Requests,Property Map Requests/Property_Map_Requests_2026-09-04_attribute-details.xlsx,Sheet1,13,application_id,ID of the application throught which the request was entered.,False,10,number,-,Open,English,False
Property Map Requests,Property Map Requests/Property_Map_Requests_2026-09-04_attribute-details.xlsx,Sheet1,14,request_date,the date in which the request was sent,False,29,date,DD-MM-YYYY,Open,English,False
Property Map Requests,Property Map Requests/Property_Map_Requests_2026-09-04_attribute-details.xlsx,Sheet1,15,request_id,the request ID,True,200,nvarchar,-,Open,English,False
Property Valuation Records,Property Valuation Records/Property_Valuation_Records_2026-09-04_attribute-details.xlsx,Sheet1,1,property_total_value,PROPERTY_TOTAL_VALUE,False,-,number,-,Open,English,False
Property Valuation Records,Property Valuation Records/Property_Valuation_Records_2026-09-04_attribute-details.xlsx,Sheet1,2,actual_area,ACTUAL_AREA,False,-,number,-,Open,English,False
Property Valuation Records,Property Valuation Records/Property_Valuation_Records_2026-09-04_attribute-details.xlsx,Sheet1,3,area_name_en,AREA_NAME_EN,False,200,nvarchar,-,Open,English,False
Property Valuation Records,Property Valuation Records/Property_Valuation_Records_2026-09-04_attribute-details.xlsx,Sheet1,4,area_name_ar,AREA_NAME_AR,False,200,nvarchar,-,Open,Arabic,False
Property Valuation Records,Property Valuation Records/Property_Valuation_Records_2026-09-04_attribute-details.xlsx,Sheet1,5,area_id,Number generated through the system,False,10,number,-,Open,English,False
Property Valuation Records,Property Valuation Records/Property_Valuation_Records_2026-09-04_attribute-details.xlsx,Sheet1,6,property_sub_type_en,PROPERTY_SUB_TYPE_EN,False,50,nvarchar,-,Open,English,False
Property Valuation Records,Property Valuation Records/Property_Valuation_Records_2026-09-04_attribute-details.xlsx,Sheet1,7,property_sub_type_ar,PROPERTY_SUB_TYPE_AR,False,50,nvarchar,-,Open,Arabic,False
Property Valuation Records,Property Valuation Records/Property_Valuation_Records_2026-09-04_attribute-details.xlsx,Sheet1,8,property_sub_type_id,PROPERTY_SUB_TYPE_ID,False,4,number,-,Open,English,False
Property Valuation Records,Property Valuation Records/Property_Valuation_Records_2026-09-04_attribute-details.xlsx,Sheet1,9,property_type_en,PROPERTY_TYPE_EN,False,50,nvarchar,-,Open,English,False
Property Valuation Records,Property Valuation Records/Property_Valuation_Records_2026-09-04_attribute-details.xlsx,Sheet1,10,property_type_ar,PROPERTY_TYPE_AR,False,50,nvarchar,-,Open,Arabic,False
Property Valuation Records,Property Valuation Records/Property_Valuation_Records_2026-09-04_attribute-details.xlsx,Sheet1,11,property_type_id,PROPERTY_TYPE_ID,False,4,number,-,Open,English,False
Property Valuation Records,Property Valuation Records/Property_Valuation_Records_2026-09-04_attribute-details.xlsx,Sheet1,12,procedure_area,PROCEDURE_AREA,False,-,number,-,Open,English,False
Property Valuation Records,Property Valuation Records/Property_Valuation_Records_2026-09-04_attribute-details.xlsx,Sheet1,13,row_status_code,ROW_STATUS_CODE,False,100,nvarchar,-,Open,English,False
Property Valuation Records,Property Valuation Records/Property_Valuation_Records_2026-09-04_attribute-details.xlsx,Sheet1,14,actual_worth,ACTUAL_WORTH,False,-,number,-,Open,English,False
Property Valuation Records,Property Valuation Records/Property_Valuation_Records_2026-09-04_attribute-details.xlsx,Sheet1,15,instance_date,INSTANCE_DATE,False,-,time,DD-MM-YYYY,Open,English,False
Property Valuation Records,Property Valuation Records/Property_Valuation_Records_2026-09-04_attribute-details.xlsx,Sheet1,16,procedure_number,PROCEDURE_NUMBER,False,10,number,-,Open,English,False
Property Valuation Records,Property Valuation Records/Property_Valuation_Records_2026-09-04_attribute-details.xlsx,Sheet1,17,procedure_year,PROCEDURE_YEAR,False,4,number,-,Open,English,False
Property Valuation Records,Property Valuation Records/Property_Valuation_Records_2026-09-04_attribute-details.xlsx,Sheet1,18,procedure_name_en,PROCEDURE_NAME_EN,False,100,nvarchar,-,Open,English,False
Property Valuation Records,Property Valuation Records/Property_Valuation_Records_2026-09-04_attribute-details.xlsx,Sheet1,19,procedure_name_ar,PROCEDURE_NAME_AR,False,100,nvarchar,-,Open,Arabic,False
Property Valuation Records,Property Valuation Records/Property_Valuation_Records_2026-09-04_attribute-details.xlsx,Sheet1,20,procedure_id,Number generated through the system,False,3,number,-,Open,English,False
Real Estate Brokers,Real Estate Brokers/Real_Estate_Brokers_2026-09-04_attribute-details.xlsx,Sheet1,1,participant_id,Number generated through the system,False,10,NUMBER(10),-,Open,English,False
Real Estate Brokers,Real Estate Brokers/Real_Estate_Brokers_2026-09-04_attribute-details.xlsx,Sheet1,2,real_estate_broker_id,Number generated through the system,True,10,NUMBER(10),-,Open,English,False
Real Estate Brokers,Real Estate Brokers/Real_Estate_Brokers_2026-09-04_attribute-details.xlsx,Sheet1,3,broker_number,BROKER_NUMBER,False,10,NUMBER(10),-,Open,English,False
Real Estate Brokers,Real Estate Brokers/Real_Estate_Brokers_2026-09-04_attribute-details.xlsx,Sheet1,4,broker_name_ar,BROKER_NAME_AR,False,200,NVARCHAR2(200),-,Open,English,False
Real Estate Brokers,Real Estate Brokers/Real_Estate_Brokers_2026-09-04_attribute-details.xlsx,Sheet1,5,broker_name_en,BROKER_NAME_EN,False,200,NVARCHAR2(200),-,Open,English,False
Real Estate Brokers,Real Estate Brokers/Real_Estate_Brokers_2026-09-04_attribute-details.xlsx,Sheet1,6,gender,GENDER,False,-,BOOLEAN,-,Open,English,False
Real Estate Brokers,Real Estate Brokers/Real_Estate_Brokers_2026-09-04_attribute-details.xlsx,Sheet1,7,license_start_date,LICENSE_START_DATE,False,-,DATE (DD-MM-YYYY),-,Open,English,False
Real Estate Brokers,Real Estate Brokers/Real_Estate_Brokers_2026-09-04_attribute-details.xlsx,Sheet1,8,license_end_date,LICENSE_END_DATE,False,-,DATE (DD-MM-YYYY),-,Open,English,False
Real Estate Brokers,Real Estate Brokers/Real_Estate_Brokers_2026-09-04_attribute-details.xlsx,Sheet1,9,webpage,WEBPAGE,False,200,NVARCHAR2(200),-,Open,English,False
Real Estate Brokers,Real Estate Brokers/Real_Estate_Brokers_2026-09-04_attribute-details.xlsx,Sheet1,10,phone,PHONE,False,100,NVARCHAR2(100),-,Open,English,False
Real Estate Brokers,Real Estate Brokers/Real_Estate_Brokers_2026-09-04_attribute-details.xlsx,Sheet1,11,fax,FAX,False,30,NVARCHAR2(30),-,Open,English,False
Real Estate Brokers,Real Estate Brokers/Real_Estate_Brokers_2026-09-04_attribute-details.xlsx,Sheet1,12,real_estate_id,Number generated through the system,False,10,NUMBER(10),-,Open,English,False
Real Estate Brokers,Real Estate Brokers/Real_Estate_Brokers_2026-09-04_attribute-details.xlsx,Sheet1,13,real_estate_number,REAL_ESTATE_NUMBER,False,-,NUMBER,-,Open,English,False
Real Estate Licenses,Real Estate Licenses/Real_Estate_Licenses_2026-09-04_attribute-details.xlsx,Sheet1,1,activity_name_en,the activity type in English,False,-,varchar2,-,Open,English,False
Real Estate Licenses,Real Estate Licenses/Real_Estate_Licenses_2026-09-04_attribute-details.xlsx,Sheet1,2,activity_name_ar,the activity type in Arabic,False,-,varchar2,-,Open,English,False
Real Estate Licenses,Real Estate Licenses/Real_Estate_Licenses_2026-09-04_attribute-details.xlsx,Sheet1,3,ded_activity_code,the code of the activity type in DED system,False,-,char,-,Open,English,False
Real Estate Licenses,Real Estate Licenses/Real_Estate_Licenses_2026-09-04_attribute-details.xlsx,Sheet1,4,activity_type_id,the code of the activity type in TABU system,True,-,number,-,Open,English,False
Real Estate Licenses,Real Estate Licenses/Real_Estate_Licenses_2026-09-04_attribute-details.xlsx,Sheet1,5,print_rmker_arabic,remarks on the license,False,-,varchar2,-,Open,English,False
Real Estate Licenses,Real Estate Licenses/Real_Estate_Licenses_2026-09-04_attribute-details.xlsx,Sheet1,6,rent_contract_no,Ejari rent contract number,False,-,varchar2,-,Open,English,False
Real Estate Licenses,Real Estate Licenses/Real_Estate_Licenses_2026-09-04_attribute-details.xlsx,Sheet1,7,parcel_id,Land Number in Dubai Municipality,False,-,varchar2,"1000000, 9999999",Open,English,False
Real Estate Licenses,Real Estate Licenses/Real_Estate_Licenses_2026-09-04_attribute-details.xlsx,Sheet1,8,legal_type_english,legal type of the license in English,False,-,nvarchar,-,Open,English,False
Real Estate Licenses,Real Estate Licenses/Real_Estate_Licenses_2026-09-04_attribute-details.xlsx,Sheet1,9,legal_type_arabic,legal type of the license in Arabic,False,-,nvarchar,-,Open,English,False
Real Estate Licenses,Real Estate Licenses/Real_Estate_Licenses_2026-09-04_attribute-details.xlsx,Sheet1,10,legal_type_id,"legal type code of the license (LLC , Offshore .. etc)",False,-,number,-,Open,English,False
Real Estate Licenses,Real Estate Licenses/Real_Estate_Licenses_2026-09-04_attribute-details.xlsx,Sheet1,11,status_english,license status in English,False,-,varchar2,-,Open,English,False
Real Estate Licenses,Real Estate Licenses/Real_Estate_Licenses_2026-09-04_attribute-details.xlsx,Sheet1,12,status_arabic,license status in Arabic,False,-,varchar2,-,Open,Arabic,False
Real Estate Licenses,Real Estate Licenses/Real_Estate_Licenses_2026-09-04_attribute-details.xlsx,Sheet1,13,status_id,license status code,False,-,number,-,Open,English,False
Real Estate Licenses,Real Estate Licenses/Real_Estate_Licenses_2026-09-04_attribute-details.xlsx,Sheet1,14,cancel_date,license cancellation date,False,-,date,DD-MM-YYYY,Open,English,False
Real Estate Licenses,Real Estate Licenses/Real_Estate_Licenses_2026-09-04_attribute-details.xlsx,Sheet1,15,expiry_date,license expiry date,False,-,date,DD-MM-YYYY,Open,English,False
Real Estate Licenses,Real Estate Licenses/Real_Estate_Licenses_2026-09-04_attribute-details.xlsx,Sheet1,16,issue_date,license issue date,False,-,date,DD-MM-YYYY,Open,English,False
Real Estate Licenses,Real Estate Licenses/Real_Estate_Licenses_2026-09-04_attribute-details.xlsx,Sheet1,17,trade_name_english,license trade name in English,False,-,nvarchar,-,Open,English,False
Real Estate Licenses,Real Estate Licenses/Real_Estate_Licenses_2026-09-04_attribute-details.xlsx,Sheet1,18,trade_name_arabic,license trade name in Arabic,False,-,nvarchar,-,Open,Arabic,False
Real Estate Licenses,Real Estate Licenses/Real_Estate_Licenses_2026-09-04_attribute-details.xlsx,Sheet1,19,commerce_registry_number,dubai chamber registration no,False,-,number,-,Open,English,False
Real Estate Licenses,Real Estate Licenses/Real_Estate_Licenses_2026-09-04_attribute-details.xlsx,Sheet1,20,chamber_commerce_number,dubai chamber license no,False,-,number,-,Open,English,False
Real Estate Licenses,Real Estate Licenses/Real_Estate_Licenses_2026-09-04_attribute-details.xlsx,Sheet1,21,license_number,the license number,False,-,nvarchar,-,Open,English,False
Real Estate Licenses,Real Estate Licenses/Real_Estate_Licenses_2026-09-04_attribute-details.xlsx,Sheet1,22,authority_id,key generated by the system,False,-,number,"0,9999999999",Open,English,False
Real Estate Licenses,Real Estate Licenses/Real_Estate_Licenses_2026-09-04_attribute-details.xlsx,Sheet1,23,participant_id,primary key generated by the system,True,-,number,"0,9999999999",Open,English,False
Real Estate Offices,Real Estate Offices/Real_Estate_Offices_2026-09-04_attribute-details.xlsx,Sheet1,1,activity_type_en,DED_ACTIVITY_en,False,100,NVARCHAR2(100),-,Open,English,False
Real Estate Offices,Real Estate Offices/Real_Estate_Offices_2026-09-04_attribute-details.xlsx,Sheet1,2,participant_id,Number generated through the system,False,10,NUMBER(10),-,Open,English,False
Real Estate Offices,Real Estate Offices/Real_Estate_Offices_2026-09-04_attribute-details.xlsx,Sheet1,3,real_estate_id,Number generated through the system,True,10,NUMBER(10),-,Open,English,False
Real Estate Offices,Real Estate Offices/Real_Estate_Offices_2026-09-04_attribute-details.xlsx,Sheet1,4,real_estate_number,REAL_ESTATE_NUMBER,False,-,NUMBER,-,Open,English,False
Real Estate Offices,Real Estate Offices/Real_Estate_Offices_2026-09-04_attribute-details.xlsx,Sheet1,5,license_source_id,Number generated through the system,False,10,NUMBER(10),-,Open,English,False
Real Estate Offices,Real Estate Offices/Real_Estate_Offices_2026-09-04_attribute-details.xlsx,Sheet1,6,license_source_ar,LICENSE_SOURCE_AR,False,200,NVARCHAR2(200),-,Open,English,False
Real Estate Offices,Real Estate Offices/Real_Estate_Offices_2026-09-04_attribute-details.xlsx,Sheet1,7,license_source_en,LICENSE_SOURCE_EN,False,200,NVARCHAR2(200),-,Open,English,False
Real Estate Offices,Real Estate Offices/Real_Estate_Offices_2026-09-04_attribute-details.xlsx,Sheet1,8,license_number,LICENSE_NUMBER,False,50,NVARCHAR2(50),-,Open,English,False
Real Estate Offices,Real Estate Offices/Real_Estate_Offices_2026-09-04_attribute-details.xlsx,Sheet1,9,license_issue_date,LICENSE_ISSUE_DATE,False,-,DATE (DD-MM-YYYY),-,Open,English,False
Real Estate Offices,Real Estate Offices/Real_Estate_Offices_2026-09-04_attribute-details.xlsx,Sheet1,10,license_expiry_date,LICENSE_EXPIRY_DATE,False,-,DATE (DD-MM-YYYY),-,Open,English,False
Real Estate Offices,Real Estate Offices/Real_Estate_Offices_2026-09-04_attribute-details.xlsx,Sheet1,11,is_branch,IS_BRANCH,False,-,NUMBER,-,Open,English,False
Real Estate Offices,Real Estate Offices/Real_Estate_Offices_2026-09-04_attribute-details.xlsx,Sheet1,12,main_office_id,Number generated through the system,False,10,NUMBER(10),-,Open,English,False
Real Estate Offices,Real Estate Offices/Real_Estate_Offices_2026-09-04_attribute-details.xlsx,Sheet1,13,webpage,WEBPAGE,False,200,NVARCHAR2(200),-,Open,English,False
Real Estate Offices,Real Estate Offices/Real_Estate_Offices_2026-09-04_attribute-details.xlsx,Sheet1,14,phone,PHONE,False,100,NVARCHAR2(100),-,Open,English,False
Real Estate Offices,Real Estate Offices/Real_Estate_Offices_2026-09-04_attribute-details.xlsx,Sheet1,15,fax,FAX,False,30,NVARCHAR2(30),-,Open,English,False
Real Estate Offices,Real Estate Offices/Real_Estate_Offices_2026-09-04_attribute-details.xlsx,Sheet1,16,activity_type_id,Number generated through the system,False,4,NUMBER(4),-,Open,English,False
Real Estate Offices,Real Estate Offices/Real_Estate_Offices_2026-09-04_attribute-details.xlsx,Sheet1,17,ded_activity_code,DED_ACTIVITY_CODE,False,10,NUMBER(10),-,Open,English,False
Real Estate Offices,Real Estate Offices/Real_Estate_Offices_2026-09-04_attribute-details.xlsx,Sheet1,18,activity_type_ar,DED_ACTIVITY_AR,False,100,NVARCHAR2(100),-,Open,English,False
Real Estate Permits,Real Estate Permits/Real_Estate_Permits_2026-09-04_attribute-details.xlsx,Sheet1,1,paricipant_name_en,company for which the permit was issued (English name),False,2000,varchar2,-,Open,English,False
Real Estate Permits,Real Estate Permits/Real_Estate_Permits_2026-09-04_attribute-details.xlsx,Sheet1,2,participant_name_ar,company for which the permit was issued (Arabic name),False,2000,nvarchar,-,Open,Arabic,False
Real Estate Permits,Real Estate Permits/Real_Estate_Permits_2026-09-04_attribute-details.xlsx,Sheet1,3,license_number,license number of the company for which the permit was issued,False,50,varchar2,-,Open,English,False
Real Estate Permits,Real Estate Permits/Real_Estate_Permits_2026-09-04_attribute-details.xlsx,Sheet1,4,service_en,the sub category of the permit in English,False,500,varchar2,-,Open,English,False
Real Estate Permits,Real Estate Permits/Real_Estate_Permits_2026-09-04_attribute-details.xlsx,Sheet1,5,service_ar,the sub category of the permit in Arabic,False,500,nvarchar,-,Open,Arabic,False
Real Estate Permits,Real Estate Permits/Real_Estate_Permits_2026-09-04_attribute-details.xlsx,Sheet1,6,service_id,"the sub category id of the permit (Inside Dubai , Outside Dubai … etc )",False,10,number,-,Open,English,False
Real Estate Permits,Real Estate Permits/Real_Estate_Permits_2026-09-04_attribute-details.xlsx,Sheet1,7,main_service_en,the main category of the permit in English,False,500,varchar2,-,Open,English,False
Real Estate Permits,Real Estate Permits/Real_Estate_Permits_2026-09-04_attribute-details.xlsx,Sheet1,8,main_service_ar,the main category of the permit in Arabic,False,500,nvarchar,-,Open,Arabic,False
Real Estate Permits,Real Estate Permits/Real_Estate_Permits_2026-09-04_attribute-details.xlsx,Sheet1,9,parent_service_id,"the main category id of the permit (Classified Advertisment , Real Estate Seminar .. etc)",False,10,number,-,Open,English,False
Real Estate Permits,Real Estate Permits/Real_Estate_Permits_2026-09-04_attribute-details.xlsx,Sheet1,10,permit_status_en,the status of the permit in English,False,1000,varchar2,-,Open,English,False
Real Estate Permits,Real Estate Permits/Real_Estate_Permits_2026-09-04_attribute-details.xlsx,Sheet1,11,permit_status_ar,the status of the permit in Arabic,False,1000,nvarchar,-,Open,Arabic,False
Real Estate Permits,Real Estate Permits/Real_Estate_Permits_2026-09-04_attribute-details.xlsx,Sheet1,12,permit_status_id,"the status code of the permit (pending , completed , .. Etc)",False,10,number,-,Open,English,False
Real Estate Permits,Real Estate Permits/Real_Estate_Permits_2026-09-04_attribute-details.xlsx,Sheet1,13,parent_parmits_id,"If the permit is based on previous permit, this field represents the first permit number",False,10,number,"0,9999999999",Open,English,False
Real Estate Permits,Real Estate Permits/Real_Estate_Permits_2026-09-04_attribute-details.xlsx,Sheet1,14,exhibition_name_en,the exhibition in which the permit will take place (if applicable) in English,False,1000,varchar2,-,Open,English,False
Real Estate Permits,Real Estate Permits/Real_Estate_Permits_2026-09-04_attribute-details.xlsx,Sheet1,15,exhibition_name_ar,the exhibition on which the permit will take place (if applicable) in Arabic,False,2000,varchar2,-,Open,Arabic,False
Real Estate Permits,Real Estate Permits/Real_Estate_Permits_2026-09-04_attribute-details.xlsx,Sheet1,16,location,the location on which the permit will take place,False,400,varchar2,-,Open,English,False
Real Estate Permits,Real Estate Permits/Real_Estate_Permits_2026-09-04_attribute-details.xlsx,Sheet1,17,end_date,Date on which the permit ends,False,10,date,DD-MM-YYYY,Open,English,False
Real Estate Permits,Real Estate Permits/Real_Estate_Permits_2026-09-04_attribute-details.xlsx,Sheet1,18,start_date,Date on which the permit begins,False,10,date,DD-MM-YYYY,Open,English,False
Real Estate Permits,Real Estate Permits/Real_Estate_Permits_2026-09-04_attribute-details.xlsx,Sheet1,19,permit_number,permin number( shown to the client),False,200,varchar2,-,Open,English,False
Real Estate Permits,Real Estate Permits/Real_Estate_Permits_2026-09-04_attribute-details.xlsx,Sheet1,20,permits_id,permit ID (primary key),True,10,number,"0,9999999999",Open,English,False
Real Estate Projects,Real Estate Projects/Real_Estate_Projects_2026-09-04_attribute-details.xlsx,Sheet1,1,project_id,Number generated through the system,True,10,NUMBER(10),-,Open,English,False
Real Estate Projects,Real Estate Projects/Real_Estate_Projects_2026-09-04_attribute-details.xlsx,Sheet1,2,project_number,Number generated through the system,False,10,NUMBER(10),-,Open,English,False
Real Estate Projects,Real Estate Projects/Real_Estate_Projects_2026-09-04_attribute-details.xlsx,Sheet1,3,project_name,Name that was developed by the developer,False,200,VARCHAR2(200),-,Open,English,False
Real Estate Projects,Real Estate Projects/Real_Estate_Projects_2026-09-04_attribute-details.xlsx,Sheet1,4,developer_id,Number generated through the system,False,10,NUMBER(10),-,Open,English,False
Real Estate Projects,Real Estate Projects/Real_Estate_Projects_2026-09-04_attribute-details.xlsx,Sheet1,5,developer_number,Number generated through the system,False,-,NUMBER,-,Open,English,False
Real Estate Projects,Real Estate Projects/Real_Estate_Projects_2026-09-04_attribute-details.xlsx,Sheet1,6,developer_name,DEVELOPER_NAME,False,200,NVARCHAR2(200),-,Open,English,False
Real Estate Projects,Real Estate Projects/Real_Estate_Projects_2026-09-04_attribute-details.xlsx,Sheet1,7,master_developer_id,Number generated through the system,False,10,NUMBER(10),-,Open,English,False
Real Estate Projects,Real Estate Projects/Real_Estate_Projects_2026-09-04_attribute-details.xlsx,Sheet1,8,master_developer_number,Number generated through the system,False,-,NUMBER,-,Open,English,False
Real Estate Projects,Real Estate Projects/Real_Estate_Projects_2026-09-04_attribute-details.xlsx,Sheet1,9,master_developer_name,MASTER_DEVELOPER_NAME,False,200,NVARCHAR2(200),-,Open,English,False
Real Estate Projects,Real Estate Projects/Real_Estate_Projects_2026-09-04_attribute-details.xlsx,Sheet1,10,project_start_date,The expected date for the start of the project,False,-,DATE (DD-MM-YYYY),-,Open,English,False
Real Estate Projects,Real Estate Projects/Real_Estate_Projects_2026-09-04_attribute-details.xlsx,Sheet1,11,project_end_date,The expected date for the end of the project,False,-,DATE (DD-MM-YYYY),-,Open,English,False
Real Estate Projects,Real Estate Projects/Real_Estate_Projects_2026-09-04_attribute-details.xlsx,Sheet1,12,project_type_id,Number generated through the system,False,-,NUMBER,-,Open,English,False
Real Estate Projects,Real Estate Projects/Real_Estate_Projects_2026-09-04_attribute-details.xlsx,Sheet1,13,project_type_ar,Project Type in Arabic,False,100,NVARCHAR2(100),-,Open,English,False
Real Estate Projects,Real Estate Projects/Real_Estate_Projects_2026-09-04_attribute-details.xlsx,Sheet1,14,project_classification_id,Number generated through the system,False,10,NUMBER(10),-,Open,English,False
Real Estate Projects,Real Estate Projects/Real_Estate_Projects_2026-09-04_attribute-details.xlsx,Sheet1,15,project_classification_ar,"Classification of the project : Apartment complex, Villas,..etc..",False,50,NVARCHAR2(50),-,Open,English,False
Real Estate Projects,Real Estate Projects/Real_Estate_Projects_2026-09-04_attribute-details.xlsx,Sheet1,16,escrow_agent_id,Number generated through the system,False,10,NUMBER(10),-,Open,English,False
Real Estate Projects,Real Estate Projects/Real_Estate_Projects_2026-09-04_attribute-details.xlsx,Sheet1,17,escrow_agent_name,Is the trustee Bank name,False,200,NVARCHAR2(200),-,Open,English,False
Real Estate Projects,Real Estate Projects/Real_Estate_Projects_2026-09-04_attribute-details.xlsx,Sheet1,18,project_status,"The project Status: active, canceled, canceled at the request of the institution, canceled based on the request of the developer",False,200,NVARCHAR2(200),-,Open,English,False
Real Estate Projects,Real Estate Projects/Real_Estate_Projects_2026-09-04_attribute-details.xlsx,Sheet1,19,project_status_ar,"The project Status: active, canceled, canceled at the request of the institution, canceled based on the request of the developer in Arabic",False,100,NVARCHAR2(100),-,Open,English,False
Real Estate Projects,Real Estate Projects/Real_Estate_Projects_2026-09-04_attribute-details.xlsx,Sheet1,20,percent_completed,Percentage of completion is calculated by conducting an inspection request for the project,False,10,"NUMBER(10,3)",-,Open,English,False
Real Estate Projects,Real Estate Projects/Real_Estate_Projects_2026-09-04_attribute-details.xlsx,Sheet1,21,completion_date,Completion date expected date of termination of the project,False,-,DATE (DD-MM-YYYY),-,Open,English,False
Real Estate Projects,Real Estate Projects/Real_Estate_Projects_2026-09-04_attribute-details.xlsx,Sheet1,22,cancellation_date,The date of cancellation date when the cancellation of the project happened,False,-,DATE (DD-MM-YYYY),-,Open,English,False
Real Estate Projects,Real Estate Projects/Real_Estate_Projects_2026-09-04_attribute-details.xlsx,Sheet1,23,project_description_ar,Project description in which to write any details regarding the project by the auditor in Arabic,False,2000,NVARCHAR2(2000),-,Open,English,False
Real Estate Projects,Real Estate Projects/Real_Estate_Projects_2026-09-04_attribute-details.xlsx,Sheet1,24,project_description_en,Project description in which to write any details regarding the project by the auditor in English,False,2000,VARCHAR2(2000),-,Open,English,False
Real Estate Projects,Real Estate Projects/Real_Estate_Projects_2026-09-04_attribute-details.xlsx,Sheet1,25,property_id,Number generated through the system,False,10,NUMBER(10),-,Open,English,False
Real Estate Projects,Real Estate Projects/Real_Estate_Projects_2026-09-04_attribute-details.xlsx,Sheet1,26,area_id,Number generated through the system,False,10,NUMBER(10),-,Open,English,False
Real Estate Projects,Real Estate Projects/Real_Estate_Projects_2026-09-04_attribute-details.xlsx,Sheet1,27,area_name_ar,The name of the area on which the project in Arabic,False,200,NVARCHAR2(200),-,Open,English,False
Real Estate Projects,Real Estate Projects/Real_Estate_Projects_2026-09-04_attribute-details.xlsx,Sheet1,28,area_name_en,The name of the area on which the project in English,False,200,NVARCHAR2(200),-,Open,English,False
Real Estate Projects,Real Estate Projects/Real_Estate_Projects_2026-09-04_attribute-details.xlsx,Sheet1,29,master_project_ar,name of the project's master developer in Arabic,False,200,nvarchar,-,Open,Arabic,False
Real Estate Projects,Real Estate Projects/Real_Estate_Projects_2026-09-04_attribute-details.xlsx,Sheet1,30,master_project_en,name of the project's master developer in English,False,200,nvarchar,-,Open,English,False
Real Estate Projects,Real Estate Projects/Real_Estate_Projects_2026-09-04_attribute-details.xlsx,Sheet1,31,no_of_lands,Number of project lands other than the main land,False,10,numeric,-,Open,English,False
Real Estate Projects,Real Estate Projects/Real_Estate_Projects_2026-09-04_attribute-details.xlsx,Sheet1,32,no_of_units,number of project units,False,10,numeric,-,-,English,False
Real Estate Projects,Real Estate Projects/Real_Estate_Projects_2026-09-04_attribute-details.xlsx,Sheet1,33,no_of_buildings,Number of project buildings,False,10,numeric,-,Open,English,False
Real Estate Projects,Real Estate Projects/Real_Estate_Projects_2026-09-04_attribute-details.xlsx,Sheet1,34,no_of_villas,Number of project villas,False,10,numeric,-,Open,English,False
Real Estate Projects,Real Estate Projects/Real_Estate_Projects_2026-09-04_attribute-details.xlsx,Sheet1,35,zoning_authority_ar,parcel zoning authority Arabic name,False,200,nvarchar,-,Open,Arabic,False
Real Estate Projects,Real Estate Projects/Real_Estate_Projects_2026-09-04_attribute-details.xlsx,Sheet1,36,zoning_authority_en,parcel zoning authority English name,False,200,nvarchar,-,Open,English,False
Real Estate Projects,Real Estate Projects/Real_Estate_Projects_2026-09-04_attribute-details.xlsx,Sheet1,37,zoning_authority_id,parcel zoning authority ID,False,10,numeric,-,Open,English,False
Real Estate Transactions,Real Estate Transactions/Real_Estate_Transactions_2026-09-04_attribute-details.xlsx,Sheet1,1,no_of_parties_role_3,"number of transaction's parties of third role (lessee , usufrutor .. Etc )",False,3,number,-,Open,English,False
Real Estate Transactions,Real Estate Transactions/Real_Estate_Transactions_2026-09-04_attribute-details.xlsx,Sheet1,2,no_of_parties_role_2,"number of transaction's parties of second role (buyer , mortgagee .. Etc )",False,3,number,-,Open,English,False
Real Estate Transactions,Real Estate Transactions/Real_Estate_Transactions_2026-09-04_attribute-details.xlsx,Sheet1,3,no_of_parties_role_1,"number of transaction's parties with first role (seller , mortgagor .. Etc )",False,3,number,-,Open,English,False
Real Estate Transactions,Real Estate Transactions/Real_Estate_Transactions_2026-09-04_attribute-details.xlsx,Sheet1,4,meter_rent_price,the mortgage price per meter in lease to own procedures,False,-,number,-,Open,English,False
Real Estate Transactions,Real Estate Transactions/Real_Estate_Transactions_2026-09-04_attribute-details.xlsx,Sheet1,5,rent_value,the mortgage value in lease to own procedures,False,-,number,-,Open,English,False
Real Estate Transactions,Real Estate Transactions/Real_Estate_Transactions_2026-09-04_attribute-details.xlsx,Sheet1,6,meter_sale_price,meter price in the transaction,False,-,number,-,Open,English,False
Real Estate Transactions,Real Estate Transactions/Real_Estate_Transactions_2026-09-04_attribute-details.xlsx,Sheet1,7,actual_worth,property price in the transaction,False,-,number,-,Open,English,False
Real Estate Transactions,Real Estate Transactions/Real_Estate_Transactions_2026-09-04_attribute-details.xlsx,Sheet1,8,procedure_area,The area (size) in suare meter on which the transaction was carried out,False,-,number,-,Open,English,False
Real Estate Transactions,Real Estate Transactions/Real_Estate_Transactions_2026-09-04_attribute-details.xlsx,Sheet1,9,has_parking,"does the unit has a parking ? (0=No, 1=Yes)",False,1,number,-,Open,English,False
Real Estate Transactions,Real Estate Transactions/Real_Estate_Transactions_2026-09-04_attribute-details.xlsx,Sheet1,10,rooms_en,number of room in English,False,200,nvarchar,-,Open,English,False
Real Estate Transactions,Real Estate Transactions/Real_Estate_Transactions_2026-09-04_attribute-details.xlsx,Sheet1,11,rooms_ar,number of rooms in Arabic,False,200,nvarchar,-,Open,Arabic,False
Real Estate Transactions,Real Estate Transactions/Real_Estate_Transactions_2026-09-04_attribute-details.xlsx,Sheet1,12,nearest_mall_en,the nearest mall to the property of the transaction in English,False,203,nvarchar,-,Open,English,False
Real Estate Transactions,Real Estate Transactions/Real_Estate_Transactions_2026-09-04_attribute-details.xlsx,Sheet1,13,nearest_mall_ar,the nearest mall to the property of the transaction in Arabic,False,202,nvarchar,-,Open,Arabic,False
Real Estate Transactions,Real Estate Transactions/Real_Estate_Transactions_2026-09-04_attribute-details.xlsx,Sheet1,14,nearest_metro_en,the nearest metro station to the property of the transaction In English,False,201,nvarchar,-,Open,English,False
Real Estate Transactions,Real Estate Transactions/Real_Estate_Transactions_2026-09-04_attribute-details.xlsx,Sheet1,15,nearest_metro_ar,the nearest metro station to the property of the transaction in Arabic,False,200,nvarchar,-,Open,Arabic,False
Real Estate Transactions,Real Estate Transactions/Real_Estate_Transactions_2026-09-04_attribute-details.xlsx,Sheet1,16,nearest_landmark_en,the nearest landmark to the property of the transaction in English,False,200,nvarchar,-,Open,English,False
Real Estate Transactions,Real Estate Transactions/Real_Estate_Transactions_2026-09-04_attribute-details.xlsx,Sheet1,17,nearest_landmark_ar,the nearest landmark to the property of the transaction in Arabic,False,200,nvarchar,-,Open,Arabic,False
Real Estate Transactions,Real Estate Transactions/Real_Estate_Transactions_2026-09-04_attribute-details.xlsx,Sheet1,18,master_project_ar,master developer name in English,False,200,nvarchar,-,Open,Arabic,False
Real Estate Transactions,Real Estate Transactions/Real_Estate_Transactions_2026-09-04_attribute-details.xlsx,Sheet1,19,master_project_en,master developer name in Arabic,False,200,nvarchar,-,Open,English,False
Real Estate Transactions,Real Estate Transactions/Real_Estate_Transactions_2026-09-04_attribute-details.xlsx,Sheet1,20,project_name_en,Developer's project English name,False,200,nvarchar,-,Open,English,False
Real Estate Transactions,Real Estate Transactions/Real_Estate_Transactions_2026-09-04_attribute-details.xlsx,Sheet1,21,project_name_ar,Developer's project Arabic name,False,200,nvarchar,-,Open,Arabic,False
Real Estate Transactions,Real Estate Transactions/Real_Estate_Transactions_2026-09-04_attribute-details.xlsx,Sheet1,22,project_number,Developer's project number,False,30,number,-,Open,English,False
Real Estate Transactions,Real Estate Transactions/Real_Estate_Transactions_2026-09-04_attribute-details.xlsx,Sheet1,23,building_name_en,Building name in English given by the developer (not nessesarly to similar to common name),False,200,nvarchar,-,Open,English,False
Real Estate Transactions,Real Estate Transactions/Real_Estate_Transactions_2026-09-04_attribute-details.xlsx,Sheet1,24,building_name_ar,Building name in Arabic a given by the developer (not nessesarly to similar to common name),False,200,nvarchar,-,Open,Arabic,False
Real Estate Transactions,Real Estate Transactions/Real_Estate_Transactions_2026-09-04_attribute-details.xlsx,Sheet1,25,area_name_en,community name in English  as per Dubai Municipality,False,200,nvarchar,-,Open,English,False
Real Estate Transactions,Real Estate Transactions/Real_Estate_Transactions_2026-09-04_attribute-details.xlsx,Sheet1,26,area_name_ar,community name in Arabic as per Dubai Municipality,False,200,nvarchar,-,Open,Arabic,False
Real Estate Transactions,Real Estate Transactions/Real_Estate_Transactions_2026-09-04_attribute-details.xlsx,Sheet1,27,area_id,Area (community) ID,False,10,number,-,Open,English,False
Real Estate Transactions,Real Estate Transactions/Real_Estate_Transactions_2026-09-04_attribute-details.xlsx,Sheet1,28,reg_type_en,Type of registration (off-plan or existing properties),False,100,nvarchar,-,Open,English,False
Real Estate Transactions,Real Estate Transactions/Real_Estate_Transactions_2026-09-04_attribute-details.xlsx,Sheet1,29,reg_type_ar,Type of registration (off-plan or existing properties)  in Arabic,False,100,nvarchar,-,Open,Arabic,False
Real Estate Transactions,Real Estate Transactions/Real_Estate_Transactions_2026-09-04_attribute-details.xlsx,Sheet1,30,reg_type_id,Type of registration (off-plan or existing properties),False,1,number,-,Open,English,False
Real Estate Transactions,Real Estate Transactions/Real_Estate_Transactions_2026-09-04_attribute-details.xlsx,Sheet1,31,property_usage_en,"property use based zoning authority's regulations (Residential  , Commercial , Industrial .. Etc)",False,100,nvarchar,-,Open,English,False
Real Estate Transactions,Real Estate Transactions/Real_Estate_Transactions_2026-09-04_attribute-details.xlsx,Sheet1,32,property_usage_ar,"property use based zoning authority's regulations (Residential  , Commercial , Industrial .. Etc) in Arabic",False,100,nvarchar,-,Open,Arabic,False
Real Estate Transactions,Real Estate Transactions/Real_Estate_Transactions_2026-09-04_attribute-details.xlsx,Sheet1,33,property_sub_type_en,"sub type of the property (ex. For units : apartment , shop , office ..etc)",False,100,nvarchar,-,Open,English,False
Real Estate Transactions,Real Estate Transactions/Real_Estate_Transactions_2026-09-04_attribute-details.xlsx,Sheet1,34,property_sub_type_ar,"sub type of the property (ex. For units : apartment , shop , office ..etc) in Arabic",False,100,nvarchar,-,Open,Arabic,False
Real Estate Transactions,Real Estate Transactions/Real_Estate_Transactions_2026-09-04_attribute-details.xlsx,Sheet1,35,property_sub_type_id,PROPERTY_SUB_TYPE_ID,False,10,number,-,Open,English,False
Real Estate Transactions,Real Estate Transactions/Real_Estate_Transactions_2026-09-04_attribute-details.xlsx,Sheet1,36,property_type_en,"main type of the property (land , Building , villa or unit)",False,50,nvarchar,-,Open,English,False
Real Estate Transactions,Real Estate Transactions/Real_Estate_Transactions_2026-09-04_attribute-details.xlsx,Sheet1,37,property_type_ar,"main type of the property (land , Building , villa or unit) in Arabic",False,50,nvarchar,-,Open,Arabic,False
Real Estate Transactions,Real Estate Transactions/Real_Estate_Transactions_2026-09-04_attribute-details.xlsx,Sheet1,38,property_type_id,number generated through the system,False,4,number,-,Open,English,False
Real Estate Transactions,Real Estate Transactions/Real_Estate_Transactions_2026-09-04_attribute-details.xlsx,Sheet1,39,instance_date,Transaction registration data,False,10,date,DD-MM-YYYY,Open,English,False
Real Estate Transactions,Real Estate Transactions/Real_Estate_Transactions_2026-09-04_attribute-details.xlsx,Sheet1,40,procedure_name_en,"Sub type of the transaction (pre-registration sale , delayed sale , update mortgage , release mortgage ..etc)",False,200,nvarchar,-,Open,English,False
Real Estate Transactions,Real Estate Transactions/Real_Estate_Transactions_2026-09-04_attribute-details.xlsx,Sheet1,41,procedure_name_ar,"Sub type of the transaction (pre-registration sale , delayed sale , update mortgage , release mortgage ..etc) in Arabic",False,200,nvarchar,-,Open,Arabic,False
Real Estate Transactions,Real Estate Transactions/Real_Estate_Transactions_2026-09-04_attribute-details.xlsx,Sheet1,42,trans_group_en,"high level group type of the transaction (Sales , Mortgages , Gifts) in Arabic",False,200,nvarchar,-,Open,English,False
Real Estate Transactions,Real Estate Transactions/Real_Estate_Transactions_2026-09-04_attribute-details.xlsx,Sheet1,43,trans_group_ar,"high level group type of the transaction (Sales , Mortgages , Gifts)",False,200,nvarchar,-,Open,Arabic,False
Real Estate Transactions,Real Estate Transactions/Real_Estate_Transactions_2026-09-04_attribute-details.xlsx,Sheet1,44,trans_group_id,The unique ID of transaction group,False,3,number,-,Open,English,False
Real Estate Transactions,Real Estate Transactions/Real_Estate_Transactions_2026-09-04_attribute-details.xlsx,Sheet1,45,procedure_id,number generated through the system,False,3,number,-,Open,English,False
Real Estate Transactions,Real Estate Transactions/Real_Estate_Transactions_2026-09-04_attribute-details.xlsx,Sheet1,46,transaction_id,A Unique ID of the transaction,True,100,nvarchar,-,Open,English,False
Registered Freehold Real Estate Units,Registered Freehold Real Estate Units/Registered_Freehold_Real_Estate_Units_2026-09-04_attribute-details.xlsx,Sheet1,1,land_type_en,LAND_TYPE_EN,False,50,varchar2,-,Open,English,False
Registered Freehold Real Estate Units,Registered Freehold Real Estate Units/Registered_Freehold_Real_Estate_Units_2026-09-04_attribute-details.xlsx,Sheet1,2,land_type_ar,LAND_TYPE_AR,False,50,varchar2,-,Open,Arabic,False
Registered Freehold Real Estate Units,Registered Freehold Real Estate Units/Registered_Freehold_Real_Estate_Units_2026-09-04_attribute-details.xlsx,Sheet1,3,land_type_id,Number generated through the system,False,10,number,-,Open,English,False
Registered Freehold Real Estate Units,Registered Freehold Real Estate Units/Registered_Freehold_Real_Estate_Units_2026-09-04_attribute-details.xlsx,Sheet1,4,project_name_en,PROJECT_NAME_EN,False,200,varchar2,-,Open,English,False
Registered Freehold Real Estate Units,Registered Freehold Real Estate Units/Registered_Freehold_Real_Estate_Units_2026-09-04_attribute-details.xlsx,Sheet1,5,project_name_ar,PROJECT_NAME_AR,False,200,varchar2,-,Open,Arabic,False
Registered Freehold Real Estate Units,Registered Freehold Real Estate Units/Registered_Freehold_Real_Estate_Units_2026-09-04_attribute-details.xlsx,Sheet1,6,project_id,PROJECT_ID,False,10,number,-,Open,English,False
Registered Freehold Real Estate Units,Registered Freehold Real Estate Units/Registered_Freehold_Real_Estate_Units_2026-09-04_attribute-details.xlsx,Sheet1,7,master_project_ar,MASTER_PROJECT_AR,False,250,nvarchar,-,Open,Arabic,False
Registered Freehold Real Estate Units,Registered Freehold Real Estate Units/Registered_Freehold_Real_Estate_Units_2026-09-04_attribute-details.xlsx,Sheet1,8,master_project_en,MASTER_PROJECT_EN,False,250,nvarchar,-,Open,English,False
Registered Freehold Real Estate Units,Registered Freehold Real Estate Units/Registered_Freehold_Real_Estate_Units_2026-09-04_attribute-details.xlsx,Sheet1,9,master_project_id,Number generated through the system,False,10,number,-,Open,English,False
Registered Freehold Real Estate Units,Registered Freehold Real Estate Units/Registered_Freehold_Real_Estate_Units_2026-09-04_attribute-details.xlsx,Sheet1,10,pre_registration_number,PRE_REGISTRATION_NUMBER,False,100,nvarchar,-,Open,English,False
Registered Freehold Real Estate Units,Registered Freehold Real Estate Units/Registered_Freehold_Real_Estate_Units_2026-09-04_attribute-details.xlsx,Sheet1,11,is_registered,IS_REGISTERED,False,20,number,-,Open,English,False
Registered Freehold Real Estate Units,Registered Freehold Real Estate Units/Registered_Freehold_Real_Estate_Units_2026-09-04_attribute-details.xlsx,Sheet1,12,is_lease_hold,IS_LEASE_HOLD,False,16,number,-,Open,English,False
Registered Freehold Real Estate Units,Registered Freehold Real Estate Units/Registered_Freehold_Real_Estate_Units_2026-09-04_attribute-details.xlsx,Sheet1,13,is_free_hold,IS_FREE_HOLD,False,16,number,-,Open,English,False
Registered Freehold Real Estate Units,Registered Freehold Real Estate Units/Registered_Freehold_Real_Estate_Units_2026-09-04_attribute-details.xlsx,Sheet1,14,parcel_id,PARCEL_ID,False,20,number,-,Open,English,False
Registered Freehold Real Estate Units,Registered Freehold Real Estate Units/Registered_Freehold_Real_Estate_Units_2026-09-04_attribute-details.xlsx,Sheet1,15,munc_number,MUNC_NUMBER,False,10,nvarchar,-,Open,English,False
Registered Freehold Real Estate Units,Registered Freehold Real Estate Units/Registered_Freehold_Real_Estate_Units_2026-09-04_attribute-details.xlsx,Sheet1,16,munc_zip_code,MUNC_ZIP_CODE,False,3,varchar2,-,Open,English,False
Registered Freehold Real Estate Units,Registered Freehold Real Estate Units/Registered_Freehold_Real_Estate_Units_2026-09-04_attribute-details.xlsx,Sheet1,17,creation_date,CREATION_DATE,False,6,time,DD-MM-YYYY,Open,English,False
Registered Freehold Real Estate Units,Registered Freehold Real Estate Units/Registered_Freehold_Real_Estate_Units_2026-09-04_attribute-details.xlsx,Sheet1,18,grandparent_property_id,Number generated through the system,False,10,number,-,Open,English,False
Registered Freehold Real Estate Units,Registered Freehold Real Estate Units/Registered_Freehold_Real_Estate_Units_2026-09-04_attribute-details.xlsx,Sheet1,19,parent_property_id,Number generated through the system,False,10,number,-,Open,English,False
Registered Freehold Real Estate Units,Registered Freehold Real Estate Units/Registered_Freehold_Real_Estate_Units_2026-09-04_attribute-details.xlsx,Sheet1,20,property_sub_type_en,PROPERTY_SUB_TYPE_EN,False,50,nvarchar,-,Open,English,False
Registered Freehold Real Estate Units,Registered Freehold Real Estate Units/Registered_Freehold_Real_Estate_Units_2026-09-04_attribute-details.xlsx,Sheet1,21,property_sub_type_ar,PROPERTY_SUB_TYPE_AR,False,50,nvarchar,-,Open,Arabic,False
Registered Freehold Real Estate Units,Registered Freehold Real Estate Units/Registered_Freehold_Real_Estate_Units_2026-09-04_attribute-details.xlsx,Sheet1,22,property_sub_type_id,Number generated through the system,False,32,number,-,Open,English,False
Registered Freehold Real Estate Units,Registered Freehold Real Estate Units/Registered_Freehold_Real_Estate_Units_2026-09-04_attribute-details.xlsx,Sheet1,23,property_type_en,PROPERTY_TYPE_EN,False,50,nvarchar,-,Open,English,False
Registered Freehold Real Estate Units,Registered Freehold Real Estate Units/Registered_Freehold_Real_Estate_Units_2026-09-04_attribute-details.xlsx,Sheet1,24,property_type_ar,PROPERTY_TYPE_AR,False,50,nvarchar,-,Open,Arabic,False
Registered Freehold Real Estate Units,Registered Freehold Real Estate Units/Registered_Freehold_Real_Estate_Units_2026-09-04_attribute-details.xlsx,Sheet1,25,property_type_id,Number generated through the system,False,32,number,-,Open,English,False
Registered Freehold Real Estate Units,Registered Freehold Real Estate Units/Registered_Freehold_Real_Estate_Units_2026-09-04_attribute-details.xlsx,Sheet1,26,actual_area,ACTUAL_AREA,False,-,number,-,Open,English,False
Registered Freehold Real Estate Units,Registered Freehold Real Estate Units/Registered_Freehold_Real_Estate_Units_2026-09-04_attribute-details.xlsx,Sheet1,27,rooms_en,ROOMS_EN,False,60,varchar2,-,Open,English,False
Registered Freehold Real Estate Units,Registered Freehold Real Estate Units/Registered_Freehold_Real_Estate_Units_2026-09-04_attribute-details.xlsx,Sheet1,28,rooms_ar,ROOMS_AR,False,60,varchar2,-,Open,Arabic,False
Registered Freehold Real Estate Units,Registered Freehold Real Estate Units/Registered_Freehold_Real_Estate_Units_2026-09-04_attribute-details.xlsx,Sheet1,29,rooms,ROOMS,False,10,number,-,Open,English,False
Registered Freehold Real Estate Units,Registered Freehold Real Estate Units/Registered_Freehold_Real_Estate_Units_2026-09-04_attribute-details.xlsx,Sheet1,30,floor,FLOOR,False,40,nvarchar,-,Open,English,False
Registered Freehold Real Estate Units,Registered Freehold Real Estate Units/Registered_Freehold_Real_Estate_Units_2026-09-04_attribute-details.xlsx,Sheet1,31,actual_common_area,ACTUAL_COMMON_AREA,False,20,number,-,Open,English,False
Registered Freehold Real Estate Units,Registered Freehold Real Estate Units/Registered_Freehold_Real_Estate_Units_2026-09-04_attribute-details.xlsx,Sheet1,32,common_area,COMMON_AREA,False,-,number,-,Open,English,False
Registered Freehold Real Estate Units,Registered Freehold Real Estate Units/Registered_Freehold_Real_Estate_Units_2026-09-04_attribute-details.xlsx,Sheet1,33,parking_allocation_type_en,PARKING_TYPE_EN,False,100,varchar2,-,Open,English,False
Registered Freehold Real Estate Units,Registered Freehold Real Estate Units/Registered_Freehold_Real_Estate_Units_2026-09-04_attribute-details.xlsx,Sheet1,34,parking_allocation_type_ar,PARKING_TYPE_AR,False,100,varchar2,-,Open,Arabic,False
Registered Freehold Real Estate Units,Registered Freehold Real Estate Units/Registered_Freehold_Real_Estate_Units_2026-09-04_attribute-details.xlsx,Sheet1,35,parking_allocation_type,PARKING_TYPE_ID,False,20,number,-,Open,English,False
Registered Freehold Real Estate Units,Registered Freehold Real Estate Units/Registered_Freehold_Real_Estate_Units_2026-09-04_attribute-details.xlsx,Sheet1,36,unit_parking_number,UNIT_PARKING_NUMBER,False,1000,nvarchar,-,Open,English,False
Registered Freehold Real Estate Units,Registered Freehold Real Estate Units/Registered_Freehold_Real_Estate_Units_2026-09-04_attribute-details.xlsx,Sheet1,37,unit_balcony_area,UNIT_BALCONY_AREA,False,-,number,-,Open,English,False
Registered Freehold Real Estate Units,Registered Freehold Real Estate Units/Registered_Freehold_Real_Estate_Units_2026-09-04_attribute-details.xlsx,Sheet1,38,unit_number,UNIT_NUMBER,False,100,nvarchar,-,Open,English,False
Registered Freehold Real Estate Units,Registered Freehold Real Estate Units/Registered_Freehold_Real_Estate_Units_2026-09-04_attribute-details.xlsx,Sheet1,39,building_number,BUILDING_NUMBER,False,100,nvarchar,-,Open,English,False
Registered Freehold Real Estate Units,Registered Freehold Real Estate Units/Registered_Freehold_Real_Estate_Units_2026-09-04_attribute-details.xlsx,Sheet1,40,land_sub_number,LAND_SUB_NUMBER,False,20,number,-,Open,English,False
Registered Freehold Real Estate Units,Registered Freehold Real Estate Units/Registered_Freehold_Real_Estate_Units_2026-09-04_attribute-details.xlsx,Sheet1,41,land_number,LAND_NUMBER,False,100,nvarchar,-,Open,English,False
Registered Freehold Real Estate Units,Registered Freehold Real Estate Units/Registered_Freehold_Real_Estate_Units_2026-09-04_attribute-details.xlsx,Sheet1,42,area_name_en,AREA_NAME_EN,False,200,nvarchar,-,Open,English,False
Registered Freehold Real Estate Units,Registered Freehold Real Estate Units/Registered_Freehold_Real_Estate_Units_2026-09-04_attribute-details.xlsx,Sheet1,43,area_name_ar,AREA_NAME_AR,False,200,nvarchar,-,Open,Arabic,False
Registered Freehold Real Estate Units,Registered Freehold Real Estate Units/Registered_Freehold_Real_Estate_Units_2026-09-04_attribute-details.xlsx,Sheet1,44,zone_id,Number generated through the system,False,32,number,-,Open,English,False
Registered Freehold Real Estate Units,Registered Freehold Real Estate Units/Registered_Freehold_Real_Estate_Units_2026-09-04_attribute-details.xlsx,Sheet1,45,area_id,Number generated through the system,False,10,number,-,Open,English,False
Registered Freehold Real Estate Units,Registered Freehold Real Estate Units/Registered_Freehold_Real_Estate_Units_2026-09-04_attribute-details.xlsx,Sheet1,46,property_id,Number generated through the system,False,10,number,-,Open,English,False
Rent Contracts,Rent Contracts/Rent_Contracts_2026-09-04_attribute-details.xlsx,Sheet1,1,tenant_type_en,Tenant Type In English,False,50,nvarchar,-,Open,English,False
Rent Contracts,Rent Contracts/Rent_Contracts_2026-09-04_attribute-details.xlsx,Sheet1,2,tenant_type_ar,Tenant Type In Arabic,False,50,nvarchar,-,Open,Arabic,False
Rent Contracts,Rent Contracts/Rent_Contracts_2026-09-04_attribute-details.xlsx,Sheet1,3,tenant_type_id,"Tenant Type (1= Person , 2 = Company/Authority)",False,2,number,-,Open,English,False
Rent Contracts,Rent Contracts/Rent_Contracts_2026-09-04_attribute-details.xlsx,Sheet1,4,nearest_mall_en,the nearest mall to the property of the transaction in English,False,200,nvarchar,-,Open,English,False
Rent Contracts,Rent Contracts/Rent_Contracts_2026-09-04_attribute-details.xlsx,Sheet1,5,nearest_mall_ar,the nearest mall to the property of the transaction in English,False,200,nvarchar,-,Open,Arabic,False
Rent Contracts,Rent Contracts/Rent_Contracts_2026-09-04_attribute-details.xlsx,Sheet1,6,nearest_metro_en,the nearest metro station to the property of the transaction in Arabic,False,200,nvarchar,-,Open,English,False
Rent Contracts,Rent Contracts/Rent_Contracts_2026-09-04_attribute-details.xlsx,Sheet1,7,nearest_metro_ar,the nearest metro station to the property of the transaction in Arabic,False,200,nvarchar,-,Open,Arabic,False
Rent Contracts,Rent Contracts/Rent_Contracts_2026-09-04_attribute-details.xlsx,Sheet1,8,nearest_landmark_en,the nearest landmark to the property of the transaction in Engish,False,200,nvarchar,-,Open,English,False
Rent Contracts,Rent Contracts/Rent_Contracts_2026-09-04_attribute-details.xlsx,Sheet1,9,nearest_landmark_ar,the nearest landmark to the property of the transaction in Arabic,False,200,nvarchar,-,Open,Arabic,False
Rent Contracts,Rent Contracts/Rent_Contracts_2026-09-04_attribute-details.xlsx,Sheet1,10,actual_area,property current area (size),False,18,number,-,Open,English,False
Rent Contracts,Rent Contracts/Rent_Contracts_2026-09-04_attribute-details.xlsx,Sheet1,11,area_name_en,community name inArabic  as per Dubai Municipality,False,200,nvarchar,-,Open,Arabic,False
Rent Contracts,Rent Contracts/Rent_Contracts_2026-09-04_attribute-details.xlsx,Sheet1,12,area_name_ar,community name in English  as per Dubai Municipality,False,200,nvarchar,-,Open,English,False
Rent Contracts,Rent Contracts/Rent_Contracts_2026-09-04_attribute-details.xlsx,Sheet1,13,area_id,Area (Community) ID,False,10,number,-,Open,English,False
Rent Contracts,Rent Contracts/Rent_Contracts_2026-09-04_attribute-details.xlsx,Sheet1,14,master_project_en,master developer name in English,False,250,nvarchar,-,Open,English,False
Rent Contracts,Rent Contracts/Rent_Contracts_2026-09-04_attribute-details.xlsx,Sheet1,15,master_project_ar,master developer name in Arabic,False,250,nvarchar,-,Open,Arabic,False
Rent Contracts,Rent Contracts/Rent_Contracts_2026-09-04_attribute-details.xlsx,Sheet1,16,project_name_en,Developer's project English name,False,200,nvarchar,-,Open,English,False
Rent Contracts,Rent Contracts/Rent_Contracts_2026-09-04_attribute-details.xlsx,Sheet1,17,project_name_ar,Developer's project Arabic name,False,200,nvarchar,-,Open,Arabic,False
Rent Contracts,Rent Contracts/Rent_Contracts_2026-09-04_attribute-details.xlsx,Sheet1,18,project_number,Developer's project number,False,38,number,-,Open,English,False
Rent Contracts,Rent Contracts/Rent_Contracts_2026-09-04_attribute-details.xlsx,Sheet1,19,property_usage_ar,"property use based zoning authority's regulations (Residential  , Commercial , Industrial .. Etc) in Arabic",False,200,nvarchar,-,Open,Arabic,False
Rent Contracts,Rent Contracts/Rent_Contracts_2026-09-04_attribute-details.xlsx,Sheet1,20,property_usage_en,"property use based zoning authority's regulations (Residential  , Commercial , Industrial .. Etc)",False,200,nvarchar,-,Open,English,False
Rent Contracts,Rent Contracts/Rent_Contracts_2026-09-04_attribute-details.xlsx,Sheet1,21,ejari_property_sub_type_ar,low level division on property's type ( number of rooms ) in Arabic,False,50,nvarchar,-,Open,Arabic,False
Rent Contracts,Rent Contracts/Rent_Contracts_2026-09-04_attribute-details.xlsx,Sheet1,22,ejari_property_sub_type_en,low level division on property's type ID ( number of rooms ),False,50,nvarchar,-,Open,English,False
Rent Contracts,Rent Contracts/Rent_Contracts_2026-09-04_attribute-details.xlsx,Sheet1,23,ejari_property_sub_type_id,low level division on property's type ID ( number of rooms ),False,10,number,-,Open,English,False
Rent Contracts,Rent Contracts/Rent_Contracts_2026-09-04_attribute-details.xlsx,Sheet1,24,ejari_property_type_ar,proeprty sub type name in Arabic,False,50,nvarchar,-,Open,Arabic,False
Rent Contracts,Rent Contracts/Rent_Contracts_2026-09-04_attribute-details.xlsx,Sheet1,25,ejari_property_type_en,property sub type name in English,False,50,nvarchar,-,Open,English,False
Rent Contracts,Rent Contracts/Rent_Contracts_2026-09-04_attribute-details.xlsx,Sheet1,26,ejari_property_type_id,"property sub type (e.g. in case of untis : shop , apartment, office ..etc)",False,10,number,-,Open,English,False
Rent Contracts,Rent Contracts/Rent_Contracts_2026-09-04_attribute-details.xlsx,Sheet1,27,ejari_bus_property_type_en,property type name in English,False,100,nvarchar,-,Open,English,False
Rent Contracts,Rent Contracts/Rent_Contracts_2026-09-04_attribute-details.xlsx,Sheet1,28,ejari_bus_property_type_ar,property type name in Arabic,False,100,nvarchar,-,Open,Arabic,False
Rent Contracts,Rent Contracts/Rent_Contracts_2026-09-04_attribute-details.xlsx,Sheet1,29,ejari_bus_property_type_id,"property type (0= Land , 1 = Building , 2 = Unit ..etc)",False,10,number,-,Open,English,False
Rent Contracts,Rent Contracts/Rent_Contracts_2026-09-04_attribute-details.xlsx,Sheet1,30,is_free_hold,"is the property free hold ? 1= Yes ,0 = No",False,1,number,-,Open,English,False
Rent Contracts,Rent Contracts/Rent_Contracts_2026-09-04_attribute-details.xlsx,Sheet1,31,line_number,serial number of contract's properties,True,4,number,-,Open,English,False
Rent Contracts,Rent Contracts/Rent_Contracts_2026-09-04_attribute-details.xlsx,Sheet1,32,no_of_prop,Number of properties in the contract,False,4,number,-,Open,English,False
Rent Contracts,Rent Contracts/Rent_Contracts_2026-09-04_attribute-details.xlsx,Sheet1,33,annual_amount,calculated annual amount in case of not 12 month contract,False,18,number,-,Open,English,False
Rent Contracts,Rent Contracts/Rent_Contracts_2026-09-04_attribute-details.xlsx,Sheet1,34,contract_amount,contract amount in AED,False,10,number,-,Open,English,False
Rent Contracts,Rent Contracts/Rent_Contracts_2026-09-04_attribute-details.xlsx,Sheet1,35,contract_end_date,actual end date of the contract,False,10,date,dd-mm-yyyy,Open,English,False
Rent Contracts,Rent Contracts/Rent_Contracts_2026-09-04_attribute-details.xlsx,Sheet1,36,contract_start_date,actual start date of the contrac,False,10,date,dd-mm-yyyy,Open,English,False
Rent Contracts,Rent Contracts/Rent_Contracts_2026-09-04_attribute-details.xlsx,Sheet1,37,contract_reg_type_en,Registration type (New or  Renew),False,50,nvarchar,-,Open,English,False
Rent Contracts,Rent Contracts/Rent_Contracts_2026-09-04_attribute-details.xlsx,Sheet1,38,contract_reg_type_ar,Registration type (New or  Renew) in Arabic,False,50,nvarchar,-,Open,Arabic,False
Rent Contracts,Rent Contracts/Rent_Contracts_2026-09-04_attribute-details.xlsx,Sheet1,39,contract_reg_type_id,"Registration type : 1 = New  , 2 = Renew",False,3,number,-,Open,English,False
Rent Contracts,Rent Contracts/Rent_Contracts_2026-09-04_attribute-details.xlsx,Sheet1,40,contract_id,Contract unique ID,True,100,nvarchar,-,Open,English,False
Residential Sale Index,Residential Sale Index/Residential_Sale_Index_2026-09-04_attribute-details.xlsx,Sheet1,1,all_monthly_index,monthly index value of villas & units,False,22,numeric,- 999999999999.999 to + 999999999999.999,Open,English,False
Residential Sale Index,Residential Sale Index/Residential_Sale_Index_2026-09-04_attribute-details.xlsx,Sheet1,2,all_quarterly_index,quarterly index value of villas & units,False,22,numeric,- 999999999999.999 to + 999999999999.999,Open,English,False
Residential Sale Index,Residential Sale Index/Residential_Sale_Index_2026-09-04_attribute-details.xlsx,Sheet1,3,all_yearly_index,yearly index value of villas & units,False,22,numeric,- 999999999999.999 to + 999999999999.999,Open,English,False
Residential Sale Index,Residential Sale Index/Residential_Sale_Index_2026-09-04_attribute-details.xlsx,Sheet1,4,flat_monthly_index,monthly index value of units,False,22,numeric,- 999999999999.999 to + 999999999999.999,Open,English,False
Residential Sale Index,Residential Sale Index/Residential_Sale_Index_2026-09-04_attribute-details.xlsx,Sheet1,5,flat_quarterly_index,quarterly index value of units,False,22,numeric,- 999999999999.999 to + 999999999999.999,Open,English,False
Residential Sale Index,Residential Sale Index/Residential_Sale_Index_2026-09-04_attribute-details.xlsx,Sheet1,6,flat_yearly_index,yearly index value of units,False,22,numeric,- 999999999999.999 to + 999999999999.999,Open,English,False
Residential Sale Index,Residential Sale Index/Residential_Sale_Index_2026-09-04_attribute-details.xlsx,Sheet1,7,villa_monthly_index,monthly index value of villa,False,22,numeric,- 999999999999.999 to + 999999999999.999,Open,English,False
Residential Sale Index,Residential Sale Index/Residential_Sale_Index_2026-09-04_attribute-details.xlsx,Sheet1,8,villa_quarterly_index,quarterly index value of villa,False,22,numeric,- 999999999999.999 to + 999999999999.999,Open,English,False
Residential Sale Index,Residential Sale Index/Residential_Sale_Index_2026-09-04_attribute-details.xlsx,Sheet1,9,villa_yearly_index,yearly index value of villa,False,22,numeric,- 999999999999.999 to + 999999999999.999,Open,English,False
Residential Sale Index,Residential Sale Index/Residential_Sale_Index_2026-09-04_attribute-details.xlsx,Sheet1,10,all_monthly_price_index,monthly price-index value of villas & units,False,22,numeric,- 999999999999.999 to + 999999999999.999,Open,English,False
Residential Sale Index,Residential Sale Index/Residential_Sale_Index_2026-09-04_attribute-details.xlsx,Sheet1,11,all_quarterly_price_index,quarterly price-index value of villas & units,False,22,numeric,- 999999999999.999 to + 999999999999.999,Open,English,False
Residential Sale Index,Residential Sale Index/Residential_Sale_Index_2026-09-04_attribute-details.xlsx,Sheet1,12,all_yearly_price_index,yearly price-index value of villas & units,False,22,numeric,- 999999999999.999 to + 999999999999.999,Open,English,False
Residential Sale Index,Residential Sale Index/Residential_Sale_Index_2026-09-04_attribute-details.xlsx,Sheet1,13,flat_monthly_price_index,monthly price-index value of units,False,22,numeric,- 999999999999.999 to + 999999999999.999,Open,English,False
Residential Sale Index,Residential Sale Index/Residential_Sale_Index_2026-09-04_attribute-details.xlsx,Sheet1,14,flat_quarterly_price_index,quarterly price-index value of units,False,22,numeric,- 999999999999.999 to + 999999999999.999,Open,English,False
Residential Sale Index,Residential Sale Index/Residential_Sale_Index_2026-09-04_attribute-details.xlsx,Sheet1,15,flat_yearly_price_index,yearly price-index value of units,False,22,numeric,- 999999999999.999 to + 999999999999.999,Open,English,False
Residential Sale Index,Residential Sale Index/Residential_Sale_Index_2026-09-04_attribute-details.xlsx,Sheet1,16,villa_monthly_price_index,monthly price-index value of villa,False,22,numeric,- 999999999999.999 to + 999999999999.999,Open,English,False
Residential Sale Index,Residential Sale Index/Residential_Sale_Index_2026-09-04_attribute-details.xlsx,Sheet1,17,villa_quarterly_price_index,quarterly price-index value of villa,False,22,numeric,- 999999999999.999 to + 999999999999.999,Open,English,False
Residential Sale Index,Residential Sale Index/Residential_Sale_Index_2026-09-04_attribute-details.xlsx,Sheet1,18,villa_yearly_price_index,yearly price-index value of villa,False,22,numeric,- 999999999999.999 to + 999999999999.999,Open,English,False
Residential Sale Index,Residential Sale Index/Residential_Sale_Index_2026-09-04_attribute-details.xlsx,Sheet1,19,first_date_of_month,Fist day of the index's month,True,10,date,DD-MM-YYYY,Open,English,False
