aggregate_key,entity_type,entity_id,name_en,name_ar,period_grain,period_start,period_end,metric_code,segment_type,segment_code,metric_value,observation_count,confidence,quality_flags,source_export_date,methodology_version
community:230:quarter:2019-01-01:median_rent_per_sqft:all:all,community,230,Abu Hail,,quarter,2019-01-01,2019-03-31,median_rent_per_sqft,all,all,400.76,153,moderate,[],2026-09-08,dlx-aggregates-2
community:230:quarter:2019-04-01:median_rent_per_sqft:all:all,community,230,Abu Hail,,quarter,2019-04-01,2019-06-30,median_rent_per_sqft,all,all,388.17,130,moderate,[],2026-09-08,dlx-aggregates-2
community:230:quarter:2019-07-01:median_rent_per_sqft:all:all,community,230,Abu Hail,,quarter,2019-07-01,2019-09-30,median_rent_per_sqft,all,all,399.22,149,moderate,[],2026-09-08,dlx-aggregates-2
community:230:quarter:2019-10-01:median_rent_per_sqft:all:all,community,230,Abu Hail,,quarter,2019-10-01,2019-12-31,median_rent_per_sqft,all,all,379.59,146,moderate,[],2026-09-08,dlx-aggregates-2
community:230:quarter:2020-01-01:median_rent_per_sqft:all:all,community,230,Abu Hail,,quarter,2020-01-01,2020-03-31,median_rent_per_sqft,all,all,370.49,150,moderate,[],2026-09-08,dlx-aggregates-2
community:230:quarter:2020-04-01:median_rent_per_sqft:all:all,community,230,Abu Hail,,quarter,2020-04-01,2020-06-30,median_rent_per_sqft,all,all,368.21,112,moderate,[],2026-09-08,dlx-aggregates-2
community:230:quarter:2020-07-01:median_rent_per_sqft:all:all,community,230,Abu Hail,,quarter,2020-07-01,2020-09-30,median_rent_per_sqft,all,all,371.43,137,moderate,[],2026-09-08,dlx-aggregates-2
community:230:quarter:2020-10-01:median_rent_per_sqft:all:all,community,230,Abu Hail,,quarter,2020-10-01,2020-12-31,median_rent_per_sqft,all,all,340.41,140,moderate,[],2026-09-08,dlx-aggregates-2
community:230:quarter:2021-01-01:median_rent_per_sqft:all:all,community,230,Abu Hail,,quarter,2021-01-01,2021-03-31,median_rent_per_sqft,all,all,330.85,170,moderate,[],2026-09-08,dlx-aggregates-2
community:230:quarter:2021-04-01:median_rent_per_sqft:all:all,community,230,Abu Hail,,quarter,2021-04-01,2021-06-30,median_rent_per_sqft,all,all,341.19,106,moderate,[],2026-09-08,dlx-aggregates-2
community:230:quarter:2021-07-01:median_rent_per_sqft:all:all,community,230,Abu Hail,,quarter,2021-07-01,2021-09-30,median_rent_per_sqft,all,all,333.33,131,moderate,[],2026-09-08,dlx-aggregates-2
community:230:quarter:2021-10-01:median_rent_per_sqft:all:all,community,230,Abu Hail,,quarter,2021-10-01,2021-12-31,median_rent_per_sqft,all,all,346.15,161,moderate,[],2026-09-08,dlx-aggregates-2
community:230:quarter:2022-01-01:median_rent_per_sqft:all:all,community,230,Abu Hail,,quarter,2022-01-01,2022-03-31,median_rent_per_sqft,all,all,346.87,167,moderate,[],2026-09-08,dlx-aggregates-2
community:230:quarter:2022-04-01:median_rent_per_sqft:all:all,community,230,Abu Hail,,quarter,2022-04-01,2022-06-30,median_rent_per_sqft,all,all,348.21,154,moderate,[],2026-09-08,dlx-aggregates-2
community:230:quarter:2022-07-01:median_rent_per_sqft:all:all,community,230,Abu Hail,,quarter,2022-07-01,2022-09-30,median_rent_per_sqft,all,all,348.21,151,moderate,[],2026-09-08,dlx-aggregates-2
community:230:quarter:2022-10-01:median_rent_per_sqft:all:all,community,230,Abu Hail,,quarter,2022-10-01,2022-12-31,median_rent_per_sqft,all,all,351.6,149,moderate,[],2026-09-08,dlx-aggregates-2
community:230:quarter:2023-01-01:median_rent_per_sqft:all:all,community,230,Abu Hail,,quarter,2023-01-01,2023-03-31,median_rent_per_sqft,all,all,357.48,175,moderate,[],2026-09-08,dlx-aggregates-2
community:230:quarter:2023-04-01:median_rent_per_sqft:all:all,community,230,Abu Hail,,quarter,2023-04-01,2023-06-30,median_rent_per_sqft,all,all,365.16,162,moderate,[],2026-09-08,dlx-aggregates-2
community:230:quarter:2023-07-01:median_rent_per_sqft:all:all,community,230,Abu Hail,,quarter,2023-07-01,2023-09-30,median_rent_per_sqft,all,all,367.36,166,moderate,[],2026-09-08,dlx-aggregates-2
community:230:quarter:2023-10-01:median_rent_per_sqft:all:all,community,230,Abu Hail,,quarter,2023-10-01,2023-12-31,median_rent_per_sqft,all,all,374.15,155,moderate,[],2026-09-08,dlx-aggregates-2
community:230:quarter:2024-01-01:median_rent_per_sqft:all:all,community,230,Abu Hail,,quarter,2024-01-01,2024-03-31,median_rent_per_sqft,all,all,363.86,168,moderate,[],2026-09-08,dlx-aggregates-2
community:230:quarter:2024-04-01:median_rent_per_sqft:all:all,community,230,Abu Hail,,quarter,2024-04-01,2024-06-30,median_rent_per_sqft,all,all,385.71,165,moderate,[],2026-09-08,dlx-aggregates-2
community:230:quarter:2024-07-01:median_rent_per_sqft:all:all,community,230,Abu Hail,,quarter,2024-07-01,2024-09-30,median_rent_per_sqft,all,all,396.13,162,moderate,[],2026-09-08,dlx-aggregates-2
community:230:quarter:2024-10-01:median_rent_per_sqft:all:all,community,230,Abu Hail,,quarter,2024-10-01,2024-12-31,median_rent_per_sqft,all,all,390.69,171,moderate,[],2026-09-08,dlx-aggregates-2
community:230:quarter:2025-01-01:median_rent_per_sqft:all:all,community,230,Abu Hail,,quarter,2025-01-01,2025-03-31,median_rent_per_sqft,all,all,370.48,181,moderate,[],2026-09-08,dlx-aggregates-2
community:230:quarter:2025-04-01:median_rent_per_sqft:all:all,community,230,Abu Hail,,quarter,2025-04-01,2025-06-30,median_rent_per_sqft,all,all,396.51,154,moderate,[],2026-09-08,dlx-aggregates-2
community:230:quarter:2025-07-01:median_rent_per_sqft:all:all,community,230,Abu Hail,,quarter,2025-07-01,2025-09-30,median_rent_per_sqft,all,all,396.13,162,moderate,[],2026-09-08,dlx-aggregates-2
community:230:quarter:2025-10-01:median_rent_per_sqft:all:all,community,230,Abu Hail,,quarter,2025-10-01,2025-12-31,median_rent_per_sqft,all,all,400.0,182,moderate,[],2026-09-08,dlx-aggregates-2
community:230:quarter:2026-01-01:median_rent_per_sqft:all:all,community,230,Abu Hail,,quarter,2026-01-01,2026-03-31,median_rent_per_sqft,all,all,400.02,169,moderate,[],2026-09-08,dlx-aggregates-2
community:230:quarter:2026-04-01:median_rent_per_sqft:all:all,community,230,Abu Hail,,quarter,2026-04-01,2026-06-30,median_rent_per_sqft,all,all,407.05,165,moderate,[],2026-09-08,dlx-aggregates-2
community:230:quarter:2026-07-01:median_rent_per_sqft:all:all,community,230,Abu Hail,,quarter,2026-07-01,2026-09-30,median_rent_per_sqft,all,all,416.9,84,moderate,[],2026-09-08,dlx-aggregates-2
community:231:quarter:2019-01-01:median_rent_per_sqft:all:all,community,231,Al Mamzer,,quarter,2019-01-01,2019-03-31,median_rent_per_sqft,all,all,509.63,379,higher,[],2026-09-08,dlx-aggregates-2
community:231:quarter:2019-04-01:median_rent_per_sqft:all:all,community,231,Al Mamzer,,quarter,2019-04-01,2019-06-30,median_rent_per_sqft,all,all,524.75,331,higher,[],2026-09-08,dlx-aggregates-2
community:231:quarter:2019-07-01:median_rent_per_sqft:all:all,community,231,Al Mamzer,,quarter,2019-07-01,2019-09-30,median_rent_per_sqft,all,all,6481.55,785,higher,[],2026-09-08,dlx-aggregates-2
community:231:quarter:2019-10-01:median_rent_per_sqft:all:all,community,231,Al Mamzer,,quarter,2019-10-01,2019-12-31,median_rent_per_sqft,all,all,495.15,331,higher,[],2026-09-08,dlx-aggregates-2
community:231:quarter:2020-01-01:median_rent_per_sqft:all:all,community,231,Al Mamzer,,quarter,2020-01-01,2020-03-31,median_rent_per_sqft,all,all,482.76,395,higher,[],2026-09-08,dlx-aggregates-2
community:231:quarter:2020-04-01:median_rent_per_sqft:all:all,community,231,Al Mamzer,,quarter,2020-04-01,2020-06-30,median_rent_per_sqft,all,all,118483.41,669,higher,[],2026-09-08,dlx-aggregates-2
community:231:quarter:2020-07-01:median_rent_per_sqft:all:all,community,231,Al Mamzer,,quarter,2020-07-01,2020-09-30,median_rent_per_sqft,all,all,454.55,378,higher,[],2026-09-08,dlx-aggregates-2
community:231:quarter:2020-10-01:median_rent_per_sqft:all:all,community,231,Al Mamzer,,quarter,2020-10-01,2020-12-31,median_rent_per_sqft,all,all,439.19,381,higher,[],2026-09-08,dlx-aggregates-2
community:231:quarter:2021-01-01:median_rent_per_sqft:all:all,community,231,Al Mamzer,,quarter,2021-01-01,2021-03-31,median_rent_per_sqft,all,all,441.89,521,higher,[],2026-09-08,dlx-aggregates-2
community:231:quarter:2021-04-01:median_rent_per_sqft:all:all,community,231,Al Mamzer,,quarter,2021-04-01,2021-06-30,median_rent_per_sqft,all,all,432.78,422,higher,[],2026-09-08,dlx-aggregates-2
community:231:quarter:2021-07-01:median_rent_per_sqft:all:all,community,231,Al Mamzer,,quarter,2021-07-01,2021-09-30,median_rent_per_sqft,all,all,458.33,789,higher,[],2026-09-08,dlx-aggregates-2
community:231:quarter:2021-10-01:median_rent_per_sqft:all:all,community,231,Al Mamzer,,quarter,2021-10-01,2021-12-31,median_rent_per_sqft,all,all,428.82,508,higher,[],2026-09-08,dlx-aggregates-2
community:231:quarter:2022-01-01:median_rent_per_sqft:all:all,community,231,Al Mamzer,,quarter,2022-01-01,2022-03-31,median_rent_per_sqft,all,all,440.95,612,higher,[],2026-09-08,dlx-aggregates-2
community:231:quarter:2022-04-01:median_rent_per_sqft:all:all,community,231,Al Mamzer,,quarter,2022-04-01,2022-06-30,median_rent_per_sqft,all,all,439.35,565,higher,[],2026-09-08,dlx-aggregates-2
community:231:quarter:2022-07-01:median_rent_per_sqft:all:all,community,231,Al Mamzer,,quarter,2022-07-01,2022-09-30,median_rent_per_sqft,all,all,426.78,618,higher,[],2026-09-08,dlx-aggregates-2
community:231:quarter:2022-10-01:median_rent_per_sqft:all:all,community,231,Al Mamzer,,quarter,2022-10-01,2022-12-31,median_rent_per_sqft,all,all,442.01,587,higher,[],2026-09-08,dlx-aggregates-2
community:231:quarter:2023-01-01:median_rent_per_sqft:all:all,community,231,Al Mamzer,,quarter,2023-01-01,2023-03-31,median_rent_per_sqft,all,all,454.55,594,higher,[],2026-09-08,dlx-aggregates-2
community:231:quarter:2023-04-01:median_rent_per_sqft:all:all,community,231,Al Mamzer,,quarter,2023-04-01,2023-06-30,median_rent_per_sqft,all,all,461.19,554,higher,[],2026-09-08,dlx-aggregates-2
community:231:quarter:2023-07-01:median_rent_per_sqft:all:all,community,231,Al Mamzer,,quarter,2023-07-01,2023-09-30,median_rent_per_sqft,all,all,490.4,850,higher,[],2026-09-08,dlx-aggregates-2
community:231:quarter:2023-10-01:median_rent_per_sqft:all:all,community,231,Al Mamzer,,quarter,2023-10-01,2023-12-31,median_rent_per_sqft,all,all,470.69,642,higher,[],2026-09-08,dlx-aggregates-2
community:231:quarter:2024-01-01:median_rent_per_sqft:all:all,community,231,Al Mamzer,,quarter,2024-01-01,2024-03-31,median_rent_per_sqft,all,all,486.27,621,higher,[],2026-09-08,dlx-aggregates-2
community:231:quarter:2024-04-01:median_rent_per_sqft:all:all,community,231,Al Mamzer,,quarter,2024-04-01,2024-06-30,median_rent_per_sqft,all,all,491.67,559,higher,[],2026-09-08,dlx-aggregates-2
community:231:quarter:2024-07-01:median_rent_per_sqft:all:all,community,231,Al Mamzer,,quarter,2024-07-01,2024-09-30,median_rent_per_sqft,all,all,596.14,1079,higher,[],2026-09-08,dlx-aggregates-2
community:231:quarter:2024-10-01:median_rent_per_sqft:all:all,community,231,Al Mamzer,,quarter,2024-10-01,2024-12-31,median_rent_per_sqft,all,all,495.58,637,higher,[],2026-09-08,dlx-aggregates-2
community:231:quarter:2025-01-01:median_rent_per_sqft:all:all,community,231,Al Mamzer,,quarter,2025-01-01,2025-03-31,median_rent_per_sqft,all,all,506.33,607,higher,[],2026-09-08,dlx-aggregates-2
community:231:quarter:2025-04-01:median_rent_per_sqft:all:all,community,231,Al Mamzer,,quarter,2025-04-01,2025-06-30,median_rent_per_sqft,all,all,516.45,630,higher,[],2026-09-08,dlx-aggregates-2
community:231:quarter:2025-07-01:median_rent_per_sqft:all:all,community,231,Al Mamzer,,quarter,2025-07-01,2025-09-30,median_rent_per_sqft,all,all,594.53,1235,higher,[],2026-09-08,dlx-aggregates-2
community:231:quarter:2025-10-01:median_rent_per_sqft:all:all,community,231,Al Mamzer,,quarter,2025-10-01,2025-12-31,median_rent_per_sqft,all,all,520.0,920,higher,[],2026-09-08,dlx-aggregates-2
community:231:quarter:2026-01-01:median_rent_per_sqft:all:all,community,231,Al Mamzer,,quarter,2026-01-01,2026-03-31,median_rent_per_sqft,all,all,559.71,764,higher,[],2026-09-08,dlx-aggregates-2
community:231:quarter:2026-04-01:median_rent_per_sqft:all:all,community,231,Al Mamzer,,quarter,2026-04-01,2026-06-30,median_rent_per_sqft,all,all,526.32,529,higher,[],2026-09-08,dlx-aggregates-2
community:231:quarter:2026-07-01:median_rent_per_sqft:all:all,community,231,Al Mamzer,,quarter,2026-07-01,2026-09-30,median_rent_per_sqft,all,all,565.93,681,higher,[],2026-09-08,dlx-aggregates-2
community:232:quarter:2019-01-01:median_rent_per_sqft:all:all,community,232,Mirdif,,quarter,2019-01-01,2019-03-31,median_rent_per_sqft,all,all,492.31,2239,higher,[],2026-09-08,dlx-aggregates-2
community:232:quarter:2019-04-01:median_rent_per_sqft:all:all,community,232,Mirdif,,quarter,2019-04-01,2019-06-30,median_rent_per_sqft,all,all,479.23,1924,higher,[],2026-09-08,dlx-aggregates-2
community:232:quarter:2019-07-01:median_rent_per_sqft:all:all,community,232,Mirdif,,quarter,2019-07-01,2019-09-30,median_rent_per_sqft,all,all,480.45,2125,higher,[],2026-09-08,dlx-aggregates-2
community:232:quarter:2019-10-01:median_rent_per_sqft:all:all,community,232,Mirdif,,quarter,2019-10-01,2019-12-31,median_rent_per_sqft,all,all,444.16,1742,higher,[],2026-09-08,dlx-aggregates-2
community:232:quarter:2020-01-01:median_rent_per_sqft:all:all,community,232,Mirdif,,quarter,2020-01-01,2020-03-31,median_rent_per_sqft,all,all,441.82,2072,higher,[],2026-09-08,dlx-aggregates-2
community:232:quarter:2020-04-01:median_rent_per_sqft:all:all,community,232,Mirdif,,quarter,2020-04-01,2020-06-30,median_rent_per_sqft,all,all,430.56,1685,higher,[],2026-09-08,dlx-aggregates-2
community:232:quarter:2020-07-01:median_rent_per_sqft:all:all,community,232,Mirdif,,quarter,2020-07-01,2020-09-30,median_rent_per_sqft,all,all,426.07,2236,higher,[],2026-09-08,dlx-aggregates-2
community:232:quarter:2020-10-01:median_rent_per_sqft:all:all,community,232,Mirdif,,quarter,2020-10-01,2020-12-31,median_rent_per_sqft,all,all,391.51,1889,higher,[],2026-09-08,dlx-aggregates-2
community:232:quarter:2021-01-01:median_rent_per_sqft:all:all,community,232,Mirdif,,quarter,2021-01-01,2021-03-31,median_rent_per_sqft,all,all,397.71,1973,higher,[],2026-09-08,dlx-aggregates-2
community:232:quarter:2021-04-01:median_rent_per_sqft:all:all,community,232,Mirdif,,quarter,2021-04-01,2021-06-30,median_rent_per_sqft,all,all,389.57,1676,higher,[],2026-09-08,dlx-aggregates-2
community:232:quarter:2021-07-01:median_rent_per_sqft:all:all,community,232,Mirdif,,quarter,2021-07-01,2021-09-30,median_rent_per_sqft,all,all,400.34,2322,higher,[],2026-09-08,dlx-aggregates-2
community:232:quarter:2021-10-01:median_rent_per_sqft:all:all,community,232,Mirdif,,quarter,2021-10-01,2021-12-31,median_rent_per_sqft,all,all,400.0,2190,higher,[],2026-09-08,dlx-aggregates-2
community:232:quarter:2022-01-01:median_rent_per_sqft:all:all,community,232,Mirdif,,quarter,2022-01-01,2022-03-31,median_rent_per_sqft,all,all,406.28,2356,higher,[],2026-09-08,dlx-aggregates-2
community:232:quarter:2022-04-01:median_rent_per_sqft:all:all,community,232,Mirdif,,quarter,2022-04-01,2022-06-30,median_rent_per_sqft,all,all,410.36,1903,higher,[],2026-09-08,dlx-aggregates-2
community:232:quarter:2022-07-01:median_rent_per_sqft:all:all,community,232,Mirdif,,quarter,2022-07-01,2022-09-30,median_rent_per_sqft,all,all,425.0,2546,higher,[],2026-09-08,dlx-aggregates-2
community:232:quarter:2022-10-01:median_rent_per_sqft:all:all,community,232,Mirdif,,quarter,2022-10-01,2022-12-31,median_rent_per_sqft,all,all,417.25,2207,higher,[],2026-09-08,dlx-aggregates-2
community:232:quarter:2023-01-01:median_rent_per_sqft:all:all,community,232,Mirdif,,quarter,2023-01-01,2023-03-31,median_rent_per_sqft,all,all,423.93,2246,higher,[],2026-09-08,dlx-aggregates-2
community:232:quarter:2023-04-01:median_rent_per_sqft:all:all,community,232,Mirdif,,quarter,2023-04-01,2023-06-30,median_rent_per_sqft,all,all,446.43,2049,higher,[],2026-09-08,dlx-aggregates-2
community:232:quarter:2023-07-01:median_rent_per_sqft:all:all,community,232,Mirdif,,quarter,2023-07-01,2023-09-30,median_rent_per_sqft,all,all,458.47,2739,higher,[],2026-09-08,dlx-aggregates-2
community:232:quarter:2023-10-01:median_rent_per_sqft:all:all,community,232,Mirdif,,quarter,2023-10-01,2023-12-31,median_rent_per_sqft,all,all,450.0,2334,higher,[],2026-09-08,dlx-aggregates-2
community:232:quarter:2024-01-01:median_rent_per_sqft:all:all,community,232,Mirdif,,quarter,2024-01-01,2024-03-31,median_rent_per_sqft,all,all,453.02,2261,higher,[],2026-09-08,dlx-aggregates-2
community:232:quarter:2024-04-01:median_rent_per_sqft:all:all,community,232,Mirdif,,quarter,2024-04-01,2024-06-30,median_rent_per_sqft,all,all,474.59,2035,higher,[],2026-09-08,dlx-aggregates-2
community:232:quarter:2024-07-01:median_rent_per_sqft:all:all,community,232,Mirdif,,quarter,2024-07-01,2024-09-30,median_rent_per_sqft,all,all,488.64,2737,higher,[],2026-09-08,dlx-aggregates-2
community:232:quarter:2024-10-01:median_rent_per_sqft:all:all,community,232,Mirdif,,quarter,2024-10-01,2024-12-31,median_rent_per_sqft,all,all,478.89,2314,higher,[],2026-09-08,dlx-aggregates-2
community:232:quarter:2025-01-01:median_rent_per_sqft:all:all,community,232,Mirdif,,quarter,2025-01-01,2025-03-31,median_rent_per_sqft,all,all,481.15,2269,higher,[],2026-09-08,dlx-aggregates-2
community:232:quarter:2025-04-01:median_rent_per_sqft:all:all,community,232,Mirdif,,quarter,2025-04-01,2025-06-30,median_rent_per_sqft,all,all,489.32,2000,higher,[],2026-09-08,dlx-aggregates-2
community:232:quarter:2025-07-01:median_rent_per_sqft:all:all,community,232,Mirdif,,quarter,2025-07-01,2025-09-30,median_rent_per_sqft,all,all,502.15,2790,higher,[],2026-09-08,dlx-aggregates-2
community:232:quarter:2025-10-01:median_rent_per_sqft:all:all,community,232,Mirdif,,quarter,2025-10-01,2025-12-31,median_rent_per_sqft,all,all,502.84,2301,higher,[],2026-09-08,dlx-aggregates-2
community:232:quarter:2026-01-01:median_rent_per_sqft:all:all,community,232,Mirdif,,quarter,2026-01-01,2026-03-31,median_rent_per_sqft,all,all,510.5,2195,higher,[],2026-09-08,dlx-aggregates-2
community:232:quarter:2026-04-01:median_rent_per_sqft:all:all,community,232,Mirdif,,quarter,2026-04-01,2026-06-30,median_rent_per_sqft,all,all,513.67,1956,higher,[],2026-09-08,dlx-aggregates-2
community:232:quarter:2026-07-01:median_rent_per_sqft:all:all,community,232,Mirdif,,quarter,2026-07-01,2026-09-30,median_rent_per_sqft,all,all,524.96,1957,higher,[],2026-09-08,dlx-aggregates-2
community:232:quarter:2026-10-01:median_rent_per_sqft:all:all,community,232,Mirdif,,quarter,2026-10-01,2026-12-31,median_rent_per_sqft,all,all,524.71,100,moderate,[],2026-09-08,dlx-aggregates-2
community:233:quarter:2019-01-01:median_rent_per_sqft:all:all,community,233,Hor Al Anz,,quarter,2019-01-01,2019-03-31,median_rent_per_sqft,all,all,405.48,377,higher,[],2026-09-08,dlx-aggregates-2
community:233:quarter:2019-04-01:median_rent_per_sqft:all:all,community,233,Hor Al Anz,,quarter,2019-04-01,2019-06-30,median_rent_per_sqft,all,all,418.56,229,higher,[],2026-09-08,dlx-aggregates-2
community:233:quarter:2019-07-01:median_rent_per_sqft:all:all,community,233,Hor Al Anz,,quarter,2019-07-01,2019-09-30,median_rent_per_sqft,all,all,430.56,221,higher,[],2026-09-08,dlx-aggregates-2
community:233:quarter:2019-10-01:median_rent_per_sqft:all:all,community,233,Hor Al Anz,,quarter,2019-10-01,2019-12-31,median_rent_per_sqft,all,all,402.61,235,higher,[],2026-09-08,dlx-aggregates-2
community:233:quarter:2020-01-01:median_rent_per_sqft:all:all,community,233,Hor Al Anz,,quarter,2020-01-01,2020-03-31,median_rent_per_sqft,all,all,402.86,347,higher,[],2026-09-08,dlx-aggregates-2
community:233:quarter:2020-04-01:median_rent_per_sqft:all:all,community,233,Hor Al Anz,,quarter,2020-04-01,2020-06-30,median_rent_per_sqft,all,all,389.96,204,higher,[],2026-09-08,dlx-aggregates-2
community:233:quarter:2020-07-01:median_rent_per_sqft:all:all,community,233,Hor Al Anz,,quarter,2020-07-01,2020-09-30,median_rent_per_sqft,all,all,396.39,242,higher,[],2026-09-08,dlx-aggregates-2
community:233:quarter:2020-10-01:median_rent_per_sqft:all:all,community,233,Hor Al Anz,,quarter,2020-10-01,2020-12-31,median_rent_per_sqft,all,all,358.79,242,higher,[],2026-09-08,dlx-aggregates-2
community:233:quarter:2021-01-01:median_rent_per_sqft:all:all,community,233,Hor Al Anz,,quarter,2021-01-01,2021-03-31,median_rent_per_sqft,all,all,355.45,327,higher,[],2026-09-08,dlx-aggregates-2
community:233:quarter:2021-04-01:median_rent_per_sqft:all:all,community,233,Hor Al Anz,,quarter,2021-04-01,2021-06-30,median_rent_per_sqft,all,all,348.8,195,moderate,[],2026-09-08,dlx-aggregates-2
community:233:quarter:2021-07-01:median_rent_per_sqft:all:all,community,233,Hor Al Anz,,quarter,2021-07-01,2021-09-30,median_rent_per_sqft,all,all,354.51,250,higher,[],2026-09-08,dlx-aggregates-2
community:233:quarter:2021-10-01:median_rent_per_sqft:all:all,community,233,Hor Al Anz,,quarter,2021-10-01,2021-12-31,median_rent_per_sqft,all,all,349.26,255,higher,[],2026-09-08,dlx-aggregates-2
community:233:quarter:2022-01-01:median_rent_per_sqft:all:all,community,233,Hor Al Anz,,quarter,2022-01-01,2022-03-31,median_rent_per_sqft,all,all,349.46,357,higher,[],2026-09-08,dlx-aggregates-2
community:233:quarter:2022-04-01:median_rent_per_sqft:all:all,community,233,Hor Al Anz,,quarter,2022-04-01,2022-06-30,median_rent_per_sqft,all,all,342.57,242,higher,[],2026-09-08,dlx-aggregates-2
community:233:quarter:2022-07-01:median_rent_per_sqft:all:all,community,233,Hor Al Anz,,quarter,2022-07-01,2022-09-30,median_rent_per_sqft,all,all,371.84,261,higher,[],2026-09-08,dlx-aggregates-2
community:233:quarter:2022-10-01:median_rent_per_sqft:all:all,community,233,Hor Al Anz,,quarter,2022-10-01,2022-12-31,median_rent_per_sqft,all,all,377.29,262,higher,[],2026-09-08,dlx-aggregates-2
community:233:quarter:2023-01-01:median_rent_per_sqft:all:all,community,233,Hor Al Anz,,quarter,2023-01-01,2023-03-31,median_rent_per_sqft,all,all,363.7,346,higher,[],2026-09-08,dlx-aggregates-2
community:233:quarter:2023-04-01:median_rent_per_sqft:all:all,community,233,Hor Al Anz,,quarter,2023-04-01,2023-06-30,median_rent_per_sqft,all,all,370.32,256,higher,[],2026-09-08,dlx-aggregates-2
community:233:quarter:2023-07-01:median_rent_per_sqft:all:all,community,233,Hor Al Anz,,quarter,2023-07-01,2023-09-30,median_rent_per_sqft,all,all,383.29,264,higher,[],2026-09-08,dlx-aggregates-2
community:233:quarter:2023-10-01:median_rent_per_sqft:all:all,community,233,Hor Al Anz,,quarter,2023-10-01,2023-12-31,median_rent_per_sqft,all,all,383.33,295,higher,[],2026-09-08,dlx-aggregates-2
community:233:quarter:2024-01-01:median_rent_per_sqft:all:all,community,233,Hor Al Anz,,quarter,2024-01-01,2024-03-31,median_rent_per_sqft,all,all,383.89,370,higher,[],2026-09-08,dlx-aggregates-2
community:233:quarter:2024-04-01:median_rent_per_sqft:all:all,community,233,Hor Al Anz,,quarter,2024-04-01,2024-06-30,median_rent_per_sqft,all,all,394.74,265,higher,[],2026-09-08,dlx-aggregates-2
community:233:quarter:2024-07-01:median_rent_per_sqft:all:all,community,233,Hor Al Anz,,quarter,2024-07-01,2024-09-30,median_rent_per_sqft,all,all,409.67,269,higher,[],2026-09-08,dlx-aggregates-2
community:233:quarter:2024-10-01:median_rent_per_sqft:all:all,community,233,Hor Al Anz,,quarter,2024-10-01,2024-12-31,median_rent_per_sqft,all,all,457.59,330,higher,[],2026-09-08,dlx-aggregates-2
community:233:quarter:2025-01-01:median_rent_per_sqft:all:all,community,233,Hor Al Anz,,quarter,2025-01-01,2025-03-31,median_rent_per_sqft,all,all,423.77,433,higher,[],2026-09-08,dlx-aggregates-2
community:233:quarter:2025-04-01:median_rent_per_sqft:all:all,community,233,Hor Al Anz,,quarter,2025-04-01,2025-06-30,median_rent_per_sqft,all,all,421.28,247,higher,[],2026-09-08,dlx-aggregates-2
community:233:quarter:2025-07-01:median_rent_per_sqft:all:all,community,233,Hor Al Anz,,quarter,2025-07-01,2025-09-30,median_rent_per_sqft,all,all,422.49,303,higher,[],2026-09-08,dlx-aggregates-2
community:233:quarter:2025-10-01:median_rent_per_sqft:all:all,community,233,Hor Al Anz,,quarter,2025-10-01,2025-12-31,median_rent_per_sqft,all,all,463.95,320,higher,[],2026-09-08,dlx-aggregates-2
community:233:quarter:2026-01-01:median_rent_per_sqft:all:all,community,233,Hor Al Anz,,quarter,2026-01-01,2026-03-31,median_rent_per_sqft,all,all,442.48,378,higher,[],2026-09-08,dlx-aggregates-2
community:233:quarter:2026-04-01:median_rent_per_sqft:all:all,community,233,Hor Al Anz,,quarter,2026-04-01,2026-06-30,median_rent_per_sqft,all,all,428.92,230,higher,[],2026-09-08,dlx-aggregates-2
community:233:quarter:2026-07-01:median_rent_per_sqft:all:all,community,233,Hor Al Anz,,quarter,2026-07-01,2026-09-30,median_rent_per_sqft,all,all,410.34,164,moderate,[],2026-09-08,dlx-aggregates-2
community:234:quarter:2019-01-01:median_rent_per_sqft:all:all,community,234,Hor Al Anz East,,quarter,2019-01-01,2019-03-31,median_rent_per_sqft,all,all,493.8,654,higher,[],2026-09-08,dlx-aggregates-2
community:234:quarter:2019-04-01:median_rent_per_sqft:all:all,community,234,Hor Al Anz East,,quarter,2019-04-01,2019-06-30,median_rent_per_sqft,all,all,500.0,428,higher,[],2026-09-08,dlx-aggregates-2
community:234:quarter:2019-07-01:median_rent_per_sqft:all:all,community,234,Hor Al Anz East,,quarter,2019-07-01,2019-09-30,median_rent_per_sqft,all,all,497.12,444,higher,[],2026-09-08,dlx-aggregates-2
community:234:quarter:2019-10-01:median_rent_per_sqft:all:all,community,234,Hor Al Anz East,,quarter,2019-10-01,2019-12-31,median_rent_per_sqft,all,all,478.75,392,higher,[],2026-09-08,dlx-aggregates-2
community:234:quarter:2020-01-01:median_rent_per_sqft:all:all,community,234,Hor Al Anz East,,quarter,2020-01-01,2020-03-31,median_rent_per_sqft,all,all,450.75,633,higher,[],2026-09-08,dlx-aggregates-2
community:234:quarter:2020-04-01:median_rent_per_sqft:all:all,community,234,Hor Al Anz East,,quarter,2020-04-01,2020-06-30,median_rent_per_sqft,all,all,458.33,371,higher,[],2026-09-08,dlx-aggregates-2
community:234:quarter:2020-07-01:median_rent_per_sqft:all:all,community,234,Hor Al Anz East,,quarter,2020-07-01,2020-09-30,median_rent_per_sqft,all,all,437.57,449,higher,[],2026-09-08,dlx-aggregates-2
community:234:quarter:2020-10-01:median_rent_per_sqft:all:all,community,234,Hor Al Anz East,,quarter,2020-10-01,2020-12-31,median_rent_per_sqft,all,all,430.54,369,higher,[],2026-09-08,dlx-aggregates-2
community:234:quarter:2021-01-01:median_rent_per_sqft:all:all,community,234,Hor Al Anz East,,quarter,2021-01-01,2021-03-31,median_rent_per_sqft,all,all,422.18,622,higher,[],2026-09-08,dlx-aggregates-2
community:234:quarter:2021-04-01:median_rent_per_sqft:all:all,community,234,Hor Al Anz East,,quarter,2021-04-01,2021-06-30,median_rent_per_sqft,all,all,428.47,371,higher,[],2026-09-08,dlx-aggregates-2
community:234:quarter:2021-07-01:median_rent_per_sqft:all:all,community,234,Hor Al Anz East,,quarter,2021-07-01,2021-09-30,median_rent_per_sqft,all,all,428.95,478,higher,[],2026-09-08,dlx-aggregates-2
community:234:quarter:2021-10-01:median_rent_per_sqft:all:all,community,234,Hor Al Anz East,,quarter,2021-10-01,2021-12-31,median_rent_per_sqft,all,all,432.73,496,higher,[],2026-09-08,dlx-aggregates-2
community:234:quarter:2022-01-01:median_rent_per_sqft:all:all,community,234,Hor Al Anz East,,quarter,2022-01-01,2022-03-31,median_rent_per_sqft,all,all,403.65,586,higher,[],2026-09-08,dlx-aggregates-2
community:234:quarter:2022-04-01:median_rent_per_sqft:all:all,community,234,Hor Al Anz East,,quarter,2022-04-01,2022-06-30,median_rent_per_sqft,all,all,428.47,440,higher,[],2026-09-08,dlx-aggregates-2
community:234:quarter:2022-07-01:median_rent_per_sqft:all:all,community,234,Hor Al Anz East,,quarter,2022-07-01,2022-09-30,median_rent_per_sqft,all,all,439.97,588,higher,[],2026-09-08,dlx-aggregates-2
community:234:quarter:2022-10-01:median_rent_per_sqft:all:all,community,234,Hor Al Anz East,,quarter,2022-10-01,2022-12-31,median_rent_per_sqft,all,all,439.97,551,higher,[],2026-09-08,dlx-aggregates-2
community:234:quarter:2023-01-01:median_rent_per_sqft:all:all,community,234,Hor Al Anz East,,quarter,2023-01-01,2023-03-31,median_rent_per_sqft,all,all,415.88,606,higher,[],2026-09-08,dlx-aggregates-2
community:234:quarter:2023-04-01:median_rent_per_sqft:all:all,community,234,Hor Al Anz East,,quarter,2023-04-01,2023-06-30,median_rent_per_sqft,all,all,449.41,468,higher,[],2026-09-08,dlx-aggregates-2
community:234:quarter:2023-07-01:median_rent_per_sqft:all:all,community,234,Hor Al Anz East,,quarter,2023-07-01,2023-09-30,median_rent_per_sqft,all,all,453.72,513,higher,[],2026-09-08,dlx-aggregates-2
community:234:quarter:2023-10-01:median_rent_per_sqft:all:all,community,234,Hor Al Anz East,,quarter,2023-10-01,2023-12-31,median_rent_per_sqft,all,all,463.03,536,higher,[],2026-09-08,dlx-aggregates-2
community:234:quarter:2024-01-01:median_rent_per_sqft:all:all,community,234,Hor Al Anz East,,quarter,2024-01-01,2024-03-31,median_rent_per_sqft,all,all,456.56,693,higher,[],2026-09-08,dlx-aggregates-2
community:234:quarter:2024-04-01:median_rent_per_sqft:all:all,community,234,Hor Al Anz East,,quarter,2024-04-01,2024-06-30,median_rent_per_sqft,all,all,486.67,524,higher,[],2026-09-08,dlx-aggregates-2
community:234:quarter:2024-07-01:median_rent_per_sqft:all:all,community,234,Hor Al Anz East,,quarter,2024-07-01,2024-09-30,median_rent_per_sqft,all,all,483.76,538,higher,[],2026-09-08,dlx-aggregates-2
community:234:quarter:2024-10-01:median_rent_per_sqft:all:all,community,234,Hor Al Anz East,,quarter,2024-10-01,2024-12-31,median_rent_per_sqft,all,all,494.97,555,higher,[],2026-09-08,dlx-aggregates-2
community:234:quarter:2025-01-01:median_rent_per_sqft:all:all,community,234,Hor Al Anz East,,quarter,2025-01-01,2025-03-31,median_rent_per_sqft,all,all,475.42,669,higher,[],2026-09-08,dlx-aggregates-2
community:234:quarter:2025-04-01:median_rent_per_sqft:all:all,community,234,Hor Al Anz East,,quarter,2025-04-01,2025-06-30,median_rent_per_sqft,all,all,524.2,543,higher,[],2026-09-08,dlx-aggregates-2
community:234:quarter:2025-07-01:median_rent_per_sqft:all:all,community,234,Hor Al Anz East,,quarter,2025-07-01,2025-09-30,median_rent_per_sqft,all,all,510.21,530,higher,[],2026-09-08,dlx-aggregates-2
community:234:quarter:2025-10-01:median_rent_per_sqft:all:all,community,234,Hor Al Anz East,,quarter,2025-10-01,2025-12-31,median_rent_per_sqft,all,all,506.52,541,higher,[],2026-09-08,dlx-aggregates-2
community:234:quarter:2026-01-01:median_rent_per_sqft:all:all,community,234,Hor Al Anz East,,quarter,2026-01-01,2026-03-31,median_rent_per_sqft,all,all,484.39,677,higher,[],2026-09-08,dlx-aggregates-2
community:234:quarter:2026-04-01:median_rent_per_sqft:all:all,community,234,Hor Al Anz East,,quarter,2026-04-01,2026-06-30,median_rent_per_sqft,all,all,535.45,462,higher,[],2026-09-08,dlx-aggregates-2
community:234:quarter:2026-07-01:median_rent_per_sqft:all:all,community,234,Hor Al Anz East,,quarter,2026-07-01,2026-09-30,median_rent_per_sqft,all,all,514.11,299,higher,[],2026-09-08,dlx-aggregates-2
community:235:quarter:2019-04-01:median_rent_per_sqft:all:all,community,235,Eyal Nasser,,quarter,2019-04-01,2019-06-30,median_rent_per_sqft,all,all,263.16,47,moderate,[],2026-09-08,dlx-aggregates-2
community:235:quarter:2020-01-01:median_rent_per_sqft:all:all,community,235,Eyal Nasser,,quarter,2020-01-01,2020-03-31,median_rent_per_sqft,all,all,161.12,31,moderate,[],2026-09-08,dlx-aggregates-2
community:235:quarter:2020-10-01:median_rent_per_sqft:all:all,community,235,Eyal Nasser,,quarter,2020-10-01,2020-12-31,median_rent_per_sqft,all,all,361.99,32,moderate,[],2026-09-08,dlx-aggregates-2
community:235:quarter:2021-01-01:median_rent_per_sqft:all:all,community,235,Eyal Nasser,,quarter,2021-01-01,2021-03-31,median_rent_per_sqft,all,all,106.38,40,moderate,[],2026-09-08,dlx-aggregates-2
community:235:quarter:2021-10-01:median_rent_per_sqft:all:all,community,235,Eyal Nasser,,quarter,2021-10-01,2021-12-31,median_rent_per_sqft,all,all,252.0,33,moderate,[],2026-09-08,dlx-aggregates-2
community:235:quarter:2022-01-01:median_rent_per_sqft:all:all,community,235,Eyal Nasser,,quarter,2022-01-01,2022-03-31,median_rent_per_sqft,all,all,256.0,53,moderate,[],2026-09-08,dlx-aggregates-2
community:235:quarter:2022-04-01:median_rent_per_sqft:all:all,community,235,Eyal Nasser,,quarter,2022-04-01,2022-06-30,median_rent_per_sqft,all,all,144.72,35,moderate,[],2026-09-08,dlx-aggregates-2
community:235:quarter:2022-07-01:median_rent_per_sqft:all:all,community,235,Eyal Nasser,,quarter,2022-07-01,2022-09-30,median_rent_per_sqft,all,all,320.74,38,moderate,[],2026-09-08,dlx-aggregates-2
community:235:quarter:2022-10-01:median_rent_per_sqft:all:all,community,235,Eyal Nasser,,quarter,2022-10-01,2022-12-31,median_rent_per_sqft,all,all,181.9,32,moderate,[],2026-09-08,dlx-aggregates-2
community:235:quarter:2023-01-01:median_rent_per_sqft:all:all,community,235,Eyal Nasser,,quarter,2023-01-01,2023-03-31,median_rent_per_sqft,all,all,211.27,47,moderate,[],2026-09-08,dlx-aggregates-2
community:235:quarter:2023-04-01:median_rent_per_sqft:all:all,community,235,Eyal Nasser,,quarter,2023-04-01,2023-06-30,median_rent_per_sqft,all,all,151.03,39,moderate,[],2026-09-08,dlx-aggregates-2
community:235:quarter:2023-10-01:median_rent_per_sqft:all:all,community,235,Eyal Nasser,,quarter,2023-10-01,2023-12-31,median_rent_per_sqft,all,all,491.5,42,moderate,[],2026-09-08,dlx-aggregates-2
community:235:quarter:2024-01-01:median_rent_per_sqft:all:all,community,235,Eyal Nasser,,quarter,2024-01-01,2024-03-31,median_rent_per_sqft,all,all,664.0,66,moderate,[],2026-09-08,dlx-aggregates-2
community:235:quarter:2024-04-01:median_rent_per_sqft:all:all,community,235,Eyal Nasser,,quarter,2024-04-01,2024-06-30,median_rent_per_sqft,all,all,151.03,41,moderate,[],2026-09-08,dlx-aggregates-2
community:235:quarter:2024-07-01:median_rent_per_sqft:all:all,community,235,Eyal Nasser,,quarter,2024-07-01,2024-09-30,median_rent_per_sqft,all,all,190.48,34,moderate,[],2026-09-08,dlx-aggregates-2
community:235:quarter:2024-10-01:median_rent_per_sqft:all:all,community,235,Eyal Nasser,,quarter,2024-10-01,2024-12-31,median_rent_per_sqft,all,all,294.0,41,moderate,[],2026-09-08,dlx-aggregates-2
community:235:quarter:2025-01-01:median_rent_per_sqft:all:all,community,235,Eyal Nasser,,quarter,2025-01-01,2025-03-31,median_rent_per_sqft,all,all,99.19,42,moderate,[],2026-09-08,dlx-aggregates-2
community:235:quarter:2025-04-01:median_rent_per_sqft:all:all,community,235,Eyal Nasser,,quarter,2025-04-01,2025-06-30,median_rent_per_sqft,all,all,187.68,43,moderate,[],2026-09-08,dlx-aggregates-2
community:235:quarter:2025-10-01:median_rent_per_sqft:all:all,community,235,Eyal Nasser,,quarter,2025-10-01,2025-12-31,median_rent_per_sqft,all,all,102.16,37,moderate,[],2026-09-08,dlx-aggregates-2
community:235:quarter:2026-01-01:median_rent_per_sqft:all:all,community,235,Eyal Nasser,,quarter,2026-01-01,2026-03-31,median_rent_per_sqft,all,all,105.79,35,moderate,[],2026-09-08,dlx-aggregates-2
community:235:quarter:2026-04-01:median_rent_per_sqft:all:all,community,235,Eyal Nasser,,quarter,2026-04-01,2026-06-30,median_rent_per_sqft,all,all,391.97,50,moderate,[],2026-09-08,dlx-aggregates-2
community:237:quarter:2021-10-01:median_rent_per_sqft:all:all,community,237,Al Sabkha,,quarter,2021-10-01,2021-12-31,median_rent_per_sqft,all,all,1363.64,31,moderate,[],2026-09-08,dlx-aggregates-2
community:237:quarter:2022-04-01:median_rent_per_sqft:all:all,community,237,Al Sabkha,,quarter,2022-04-01,2022-06-30,median_rent_per_sqft,all,all,1979.17,61,moderate,[],2026-09-08,dlx-aggregates-2
community:237:quarter:2023-04-01:median_rent_per_sqft:all:all,community,237,Al Sabkha,,quarter,2023-04-01,2023-06-30,median_rent_per_sqft,all,all,485.44,30,moderate,[],2026-09-08,dlx-aggregates-2
community:237:quarter:2023-10-01:median_rent_per_sqft:all:all,community,237,Al Sabkha,,quarter,2023-10-01,2023-12-31,median_rent_per_sqft,all,all,1493.51,31,moderate,[],2026-09-08,dlx-aggregates-2
community:237:quarter:2024-04-01:median_rent_per_sqft:all:all,community,237,Al Sabkha,,quarter,2024-04-01,2024-06-30,median_rent_per_sqft,all,all,479.0,30,moderate,[],2026-09-08,dlx-aggregates-2
community:237:quarter:2025-01-01:median_rent_per_sqft:all:all,community,237,Al Sabkha,,quarter,2025-01-01,2025-03-31,median_rent_per_sqft,all,all,511.9,30,moderate,[],2026-09-08,dlx-aggregates-2
community:237:quarter:2025-04-01:median_rent_per_sqft:all:all,community,237,Al Sabkha,,quarter,2025-04-01,2025-06-30,median_rent_per_sqft,all,all,2454.55,59,moderate,[],2026-09-08,dlx-aggregates-2
community:238:quarter:2024-01-01:median_rent_per_sqft:all:all,community,238,Al Dhagaya,,quarter,2024-01-01,2024-03-31,median_rent_per_sqft,all,all,210.21,33,moderate,[],2026-09-08,dlx-aggregates-2
community:239:quarter:2019-01-01:median_rent_per_sqft:all:all,community,239,Al Baraha,,quarter,2019-01-01,2019-03-31,median_rent_per_sqft,all,all,299.11,152,moderate,[],2026-09-08,dlx-aggregates-2
community:239:quarter:2019-04-01:median_rent_per_sqft:all:all,community,239,Al Baraha,,quarter,2019-04-01,2019-06-30,median_rent_per_sqft,all,all,334.39,110,moderate,[],2026-09-08,dlx-aggregates-2
community:239:quarter:2019-07-01:median_rent_per_sqft:all:all,community,239,Al Baraha,,quarter,2019-07-01,2019-09-30,median_rent_per_sqft,all,all,193.86,84,moderate,[],2026-09-08,dlx-aggregates-2
community:239:quarter:2019-10-01:median_rent_per_sqft:all:all,community,239,Al Baraha,,quarter,2019-10-01,2019-12-31,median_rent_per_sqft,all,all,238.1,123,moderate,[],2026-09-08,dlx-aggregates-2
community:239:quarter:2020-01-01:median_rent_per_sqft:all:all,community,239,Al Baraha,,quarter,2020-01-01,2020-03-31,median_rent_per_sqft,all,all,207.98,182,moderate,[],2026-09-08,dlx-aggregates-2
community:239:quarter:2020-04-01:median_rent_per_sqft:all:all,community,239,Al Baraha,,quarter,2020-04-01,2020-06-30,median_rent_per_sqft,all,all,294.83,92,moderate,[],2026-09-08,dlx-aggregates-2
community:239:quarter:2020-07-01:median_rent_per_sqft:all:all,community,239,Al Baraha,,quarter,2020-07-01,2020-09-30,median_rent_per_sqft,all,all,171.17,104,moderate,[],2026-09-08,dlx-aggregates-2
community:239:quarter:2020-10-01:median_rent_per_sqft:all:all,community,239,Al Baraha,,quarter,2020-10-01,2020-12-31,median_rent_per_sqft,all,all,240.83,122,moderate,[],2026-09-08,dlx-aggregates-2
community:239:quarter:2021-01-01:median_rent_per_sqft:all:all,community,239,Al Baraha,,quarter,2021-01-01,2021-03-31,median_rent_per_sqft,all,all,239.23,201,higher,[],2026-09-08,dlx-aggregates-2
community:239:quarter:2021-04-01:median_rent_per_sqft:all:all,community,239,Al Baraha,,quarter,2021-04-01,2021-06-30,median_rent_per_sqft,all,all,242.2,118,moderate,[],2026-09-08,dlx-aggregates-2
community:239:quarter:2021-07-01:median_rent_per_sqft:all:all,community,239,Al Baraha,,quarter,2021-07-01,2021-09-30,median_rent_per_sqft,all,all,218.25,77,moderate,[],2026-09-08,dlx-aggregates-2
community:239:quarter:2021-10-01:median_rent_per_sqft:all:all,community,239,Al Baraha,,quarter,2021-10-01,2021-12-31,median_rent_per_sqft,all,all,144.14,144,moderate,[],2026-09-08,dlx-aggregates-2
community:239:quarter:2022-01-01:median_rent_per_sqft:all:all,community,239,Al Baraha,,quarter,2022-01-01,2022-03-31,median_rent_per_sqft,all,all,144.14,220,higher,[],2026-09-08,dlx-aggregates-2
community:239:quarter:2022-04-01:median_rent_per_sqft:all:all,community,239,Al Baraha,,quarter,2022-04-01,2022-06-30,median_rent_per_sqft,all,all,201.86,152,moderate,[],2026-09-08,dlx-aggregates-2
community:239:quarter:2022-07-01:median_rent_per_sqft:all:all,community,239,Al Baraha,,quarter,2022-07-01,2022-09-30,median_rent_per_sqft,all,all,234.23,109,moderate,[],2026-09-08,dlx-aggregates-2
community:239:quarter:2022-10-01:median_rent_per_sqft:all:all,community,239,Al Baraha,,quarter,2022-10-01,2022-12-31,median_rent_per_sqft,all,all,153.15,130,moderate,[],2026-09-08,dlx-aggregates-2
community:239:quarter:2023-01-01:median_rent_per_sqft:all:all,community,239,Al Baraha,,quarter,2023-01-01,2023-03-31,median_rent_per_sqft,all,all,241.06,200,higher,[],2026-09-08,dlx-aggregates-2
community:239:quarter:2023-04-01:median_rent_per_sqft:all:all,community,239,Al Baraha,,quarter,2023-04-01,2023-06-30,median_rent_per_sqft,all,all,144.14,160,moderate,[],2026-09-08,dlx-aggregates-2
community:239:quarter:2023-07-01:median_rent_per_sqft:all:all,community,239,Al Baraha,,quarter,2023-07-01,2023-09-30,median_rent_per_sqft,all,all,234.04,125,moderate,[],2026-09-08,dlx-aggregates-2
community:239:quarter:2023-10-01:median_rent_per_sqft:all:all,community,239,Al Baraha,,quarter,2023-10-01,2023-12-31,median_rent_per_sqft,all,all,173.58,148,moderate,[],2026-09-08,dlx-aggregates-2
community:239:quarter:2024-01-01:median_rent_per_sqft:all:all,community,239,Al Baraha,,quarter,2024-01-01,2024-03-31,median_rent_per_sqft,all,all,252.98,180,moderate,[],2026-09-08,dlx-aggregates-2
community:239:quarter:2024-04-01:median_rent_per_sqft:all:all,community,239,Al Baraha,,quarter,2024-04-01,2024-06-30,median_rent_per_sqft,all,all,181.25,158,moderate,[],2026-09-08,dlx-aggregates-2
community:239:quarter:2024-07-01:median_rent_per_sqft:all:all,community,239,Al Baraha,,quarter,2024-07-01,2024-09-30,median_rent_per_sqft,all,all,270.27,129,moderate,[],2026-09-08,dlx-aggregates-2
community:239:quarter:2024-10-01:median_rent_per_sqft:all:all,community,239,Al Baraha,,quarter,2024-10-01,2024-12-31,median_rent_per_sqft,all,all,200.0,148,moderate,[],2026-09-08,dlx-aggregates-2
community:239:quarter:2025-01-01:median_rent_per_sqft:all:all,community,239,Al Baraha,,quarter,2025-01-01,2025-03-31,median_rent_per_sqft,all,all,200.0,186,moderate,[],2026-09-08,dlx-aggregates-2
community:239:quarter:2025-04-01:median_rent_per_sqft:all:all,community,239,Al Baraha,,quarter,2025-04-01,2025-06-30,median_rent_per_sqft,all,all,264.27,159,moderate,[],2026-09-08,dlx-aggregates-2
community:239:quarter:2025-07-01:median_rent_per_sqft:all:all,community,239,Al Baraha,,quarter,2025-07-01,2025-09-30,median_rent_per_sqft,all,all,374.37,126,moderate,[],2026-09-08,dlx-aggregates-2
community:239:quarter:2025-10-01:median_rent_per_sqft:all:all,community,239,Al Baraha,,quarter,2025-10-01,2025-12-31,median_rent_per_sqft,all,all,205.78,153,moderate,[],2026-09-08,dlx-aggregates-2
community:239:quarter:2026-01-01:median_rent_per_sqft:all:all,community,239,Al Baraha,,quarter,2026-01-01,2026-03-31,median_rent_per_sqft,all,all,301.93,210,higher,[],2026-09-08,dlx-aggregates-2
community:239:quarter:2026-04-01:median_rent_per_sqft:all:all,community,239,Al Baraha,,quarter,2026-04-01,2026-06-30,median_rent_per_sqft,all,all,297.3,149,moderate,[],2026-09-08,dlx-aggregates-2
community:239:quarter:2026-07-01:median_rent_per_sqft:all:all,community,239,Al Baraha,,quarter,2026-07-01,2026-09-30,median_rent_per_sqft,all,all,362.18,80,moderate,[],2026-09-08,dlx-aggregates-2
community:240:quarter:2019-01-01:median_rent_per_sqft:all:all,community,240,Port Saeed,,quarter,2019-01-01,2019-03-31,median_rent_per_sqft,all,all,635.36,265,higher,[],2026-09-08,dlx-aggregates-2
community:240:quarter:2019-04-01:median_rent_per_sqft:all:all,community,240,Port Saeed,,quarter,2019-04-01,2019-06-30,median_rent_per_sqft,all,all,634.47,199,moderate,[],2026-09-08,dlx-aggregates-2
community:240:quarter:2019-07-01:median_rent_per_sqft:all:all,community,240,Port Saeed,,quarter,2019-07-01,2019-09-30,median_rent_per_sqft,all,all,600.0,203,higher,[],2026-09-08,dlx-aggregates-2
community:240:quarter:2019-10-01:median_rent_per_sqft:all:all,community,240,Port Saeed,,quarter,2019-10-01,2019-12-31,median_rent_per_sqft,all,all,607.54,178,moderate,[],2026-09-08,dlx-aggregates-2
community:240:quarter:2020-01-01:median_rent_per_sqft:all:all,community,240,Port Saeed,,quarter,2020-01-01,2020-03-31,median_rent_per_sqft,all,all,589.67,256,higher,[],2026-09-08,dlx-aggregates-2
community:240:quarter:2020-04-01:median_rent_per_sqft:all:all,community,240,Port Saeed,,quarter,2020-04-01,2020-06-30,median_rent_per_sqft,all,all,579.91,172,moderate,[],2026-09-08,dlx-aggregates-2
community:240:quarter:2020-07-01:median_rent_per_sqft:all:all,community,240,Port Saeed,,quarter,2020-07-01,2020-09-30,median_rent_per_sqft,all,all,557.29,226,higher,[],2026-09-08,dlx-aggregates-2
community:240:quarter:2020-10-01:median_rent_per_sqft:all:all,community,240,Port Saeed,,quarter,2020-10-01,2020-12-31,median_rent_per_sqft,all,all,563.81,253,higher,[],2026-09-08,dlx-aggregates-2
community:240:quarter:2021-01-01:median_rent_per_sqft:all:all,community,240,Port Saeed,,quarter,2021-01-01,2021-03-31,median_rent_per_sqft,all,all,547.99,311,higher,[],2026-09-08,dlx-aggregates-2
community:240:quarter:2021-04-01:median_rent_per_sqft:all:all,community,240,Port Saeed,,quarter,2021-04-01,2021-06-30,median_rent_per_sqft,all,all,530.34,228,higher,[],2026-09-08,dlx-aggregates-2
community:240:quarter:2021-07-01:median_rent_per_sqft:all:all,community,240,Port Saeed,,quarter,2021-07-01,2021-09-30,median_rent_per_sqft,all,all,515.21,226,higher,[],2026-09-08,dlx-aggregates-2
community:240:quarter:2021-10-01:median_rent_per_sqft:all:all,community,240,Port Saeed,,quarter,2021-10-01,2021-12-31,median_rent_per_sqft,all,all,502.06,308,higher,[],2026-09-08,dlx-aggregates-2
community:240:quarter:2022-01-01:median_rent_per_sqft:all:all,community,240,Port Saeed,,quarter,2022-01-01,2022-03-31,median_rent_per_sqft,all,all,516.67,276,higher,[],2026-09-08,dlx-aggregates-2
community:240:quarter:2022-04-01:median_rent_per_sqft:all:all,community,240,Port Saeed,,quarter,2022-04-01,2022-06-30,median_rent_per_sqft,all,all,542.64,273,higher,[],2026-09-08,dlx-aggregates-2
community:240:quarter:2022-07-01:median_rent_per_sqft:all:all,community,240,Port Saeed,,quarter,2022-07-01,2022-09-30,median_rent_per_sqft,all,all,532.33,272,higher,[],2026-09-08,dlx-aggregates-2
community:240:quarter:2022-10-01:median_rent_per_sqft:all:all,community,240,Port Saeed,,quarter,2022-10-01,2022-12-31,median_rent_per_sqft,all,all,546.59,281,higher,[],2026-09-08,dlx-aggregates-2
community:240:quarter:2023-01-01:median_rent_per_sqft:all:all,community,240,Port Saeed,,quarter,2023-01-01,2023-03-31,median_rent_per_sqft,all,all,552.49,270,higher,[],2026-09-08,dlx-aggregates-2
community:240:quarter:2023-04-01:median_rent_per_sqft:all:all,community,240,Port Saeed,,quarter,2023-04-01,2023-06-30,median_rent_per_sqft,all,all,554.85,289,higher,[],2026-09-08,dlx-aggregates-2
community:240:quarter:2023-07-01:median_rent_per_sqft:all:all,community,240,Port Saeed,,quarter,2023-07-01,2023-09-30,median_rent_per_sqft,all,all,547.99,295,higher,[],2026-09-08,dlx-aggregates-2
community:240:quarter:2023-10-01:median_rent_per_sqft:all:all,community,240,Port Saeed,,quarter,2023-10-01,2023-12-31,median_rent_per_sqft,all,all,578.37,353,higher,[],2026-09-08,dlx-aggregates-2
community:240:quarter:2024-01-01:median_rent_per_sqft:all:all,community,240,Port Saeed,,quarter,2024-01-01,2024-03-31,median_rent_per_sqft,all,all,577.66,283,higher,[],2026-09-08,dlx-aggregates-2
community:240:quarter:2024-04-01:median_rent_per_sqft:all:all,community,240,Port Saeed,,quarter,2024-04-01,2024-06-30,median_rent_per_sqft,all,all,598.67,281,higher,[],2026-09-08,dlx-aggregates-2
community:240:quarter:2024-07-01:median_rent_per_sqft:all:all,community,240,Port Saeed,,quarter,2024-07-01,2024-09-30,median_rent_per_sqft,all,all,594.96,279,higher,[],2026-09-08,dlx-aggregates-2
community:240:quarter:2024-10-01:median_rent_per_sqft:all:all,community,240,Port Saeed,,quarter,2024-10-01,2024-12-31,median_rent_per_sqft,all,all,1037.98,550,higher,[],2026-09-08,dlx-aggregates-2
community:240:quarter:2025-01-01:median_rent_per_sqft:all:all,community,240,Port Saeed,,quarter,2025-01-01,2025-03-31,median_rent_per_sqft,all,all,610.88,256,higher,[],2026-09-08,dlx-aggregates-2
community:240:quarter:2025-04-01:median_rent_per_sqft:all:all,community,240,Port Saeed,,quarter,2025-04-01,2025-06-30,median_rent_per_sqft,all,all,626.76,283,higher,[],2026-09-08,dlx-aggregates-2
community:240:quarter:2025-07-01:median_rent_per_sqft:all:all,community,240,Port Saeed,,quarter,2025-07-01,2025-09-30,median_rent_per_sqft,all,all,638.27,299,higher,[],2026-09-08,dlx-aggregates-2
community:240:quarter:2025-10-01:median_rent_per_sqft:all:all,community,240,Port Saeed,,quarter,2025-10-01,2025-12-31,median_rent_per_sqft,all,all,642.63,280,higher,[],2026-09-08,dlx-aggregates-2
community:240:quarter:2026-01-01:median_rent_per_sqft:all:all,community,240,Port Saeed,,quarter,2026-01-01,2026-03-31,median_rent_per_sqft,all,all,620.66,232,higher,[],2026-09-08,dlx-aggregates-2
community:240:quarter:2026-04-01:median_rent_per_sqft:all:all,community,240,Port Saeed,,quarter,2026-04-01,2026-06-30,median_rent_per_sqft,all,all,639.6,210,higher,[],2026-09-08,dlx-aggregates-2
community:240:quarter:2026-07-01:median_rent_per_sqft:all:all,community,240,Port Saeed,,quarter,2026-07-01,2026-09-30,median_rent_per_sqft,all,all,665.41,153,moderate,[],2026-09-08,dlx-aggregates-2
community:242:quarter:2019-01-01:median_rent_per_sqft:all:all,community,242,Al Ras,,quarter,2019-01-01,2019-03-31,median_rent_per_sqft,all,all,403.66,60,moderate,[],2026-09-08,dlx-aggregates-2
community:242:quarter:2019-07-01:median_rent_per_sqft:all:all,community,242,Al Ras,,quarter,2019-07-01,2019-09-30,median_rent_per_sqft,all,all,398.81,41,moderate,[],2026-09-08,dlx-aggregates-2
community:242:quarter:2020-01-01:median_rent_per_sqft:all:all,community,242,Al Ras,,quarter,2020-01-01,2020-03-31,median_rent_per_sqft,all,all,403.66,47,moderate,[],2026-09-08,dlx-aggregates-2
community:242:quarter:2020-07-01:median_rent_per_sqft:all:all,community,242,Al Ras,,quarter,2020-07-01,2020-09-30,median_rent_per_sqft,all,all,386.7,35,moderate,[],2026-09-08,dlx-aggregates-2
community:242:quarter:2021-01-01:median_rent_per_sqft:all:all,community,242,Al Ras,,quarter,2021-01-01,2021-03-31,median_rent_per_sqft,all,all,385.72,54,moderate,[],2026-09-08,dlx-aggregates-2
community:242:quarter:2021-04-01:median_rent_per_sqft:all:all,community,242,Al Ras,,quarter,2021-04-01,2021-06-30,median_rent_per_sqft,all,all,430.57,34,moderate,[],2026-09-08,dlx-aggregates-2
community:242:quarter:2021-07-01:median_rent_per_sqft:all:all,community,242,Al Ras,,quarter,2021-07-01,2021-09-30,median_rent_per_sqft,all,all,414.7,52,moderate,[],2026-09-08,dlx-aggregates-2
community:242:quarter:2021-10-01:median_rent_per_sqft:all:all,community,242,Al Ras,,quarter,2021-10-01,2021-12-31,median_rent_per_sqft,all,all,605.59,48,moderate,[],2026-09-08,dlx-aggregates-2
community:242:quarter:2022-01-01:median_rent_per_sqft:all:all,community,242,Al Ras,,quarter,2022-01-01,2022-03-31,median_rent_per_sqft,all,all,484.29,62,moderate,[],2026-09-08,dlx-aggregates-2
community:242:quarter:2022-04-01:median_rent_per_sqft:all:all,community,242,Al Ras,,quarter,2022-04-01,2022-06-30,median_rent_per_sqft,all,all,477.04,43,moderate,[],2026-09-08,dlx-aggregates-2
community:242:quarter:2022-07-01:median_rent_per_sqft:all:all,community,242,Al Ras,,quarter,2022-07-01,2022-09-30,median_rent_per_sqft,all,all,407.09,47,moderate,[],2026-09-08,dlx-aggregates-2
community:242:quarter:2022-10-01:median_rent_per_sqft:all:all,community,242,Al Ras,,quarter,2022-10-01,2022-12-31,median_rent_per_sqft,all,all,501.49,56,moderate,[],2026-09-08,dlx-aggregates-2
community:242:quarter:2023-01-01:median_rent_per_sqft:all:all,community,242,Al Ras,,quarter,2023-01-01,2023-03-31,median_rent_per_sqft,all,all,509.66,72,moderate,[],2026-09-08,dlx-aggregates-2
community:242:quarter:2023-04-01:median_rent_per_sqft:all:all,community,242,Al Ras,,quarter,2023-04-01,2023-06-30,median_rent_per_sqft,all,all,487.61,58,moderate,[],2026-09-08,dlx-aggregates-2
community:242:quarter:2023-07-01:median_rent_per_sqft:all:all,community,242,Al Ras,,quarter,2023-07-01,2023-09-30,median_rent_per_sqft,all,all,427.45,50,moderate,[],2026-09-08,dlx-aggregates-2
community:242:quarter:2023-10-01:median_rent_per_sqft:all:all,community,242,Al Ras,,quarter,2023-10-01,2023-12-31,median_rent_per_sqft,all,all,521.89,48,moderate,[],2026-09-08,dlx-aggregates-2
community:242:quarter:2024-01-01:median_rent_per_sqft:all:all,community,242,Al Ras,,quarter,2024-01-01,2024-03-31,median_rent_per_sqft,all,all,538.57,68,moderate,[],2026-09-08,dlx-aggregates-2
community:242:quarter:2024-04-01:median_rent_per_sqft:all:all,community,242,Al Ras,,quarter,2024-04-01,2024-06-30,median_rent_per_sqft,all,all,508.84,51,moderate,[],2026-09-08,dlx-aggregates-2
community:242:quarter:2024-07-01:median_rent_per_sqft:all:all,community,242,Al Ras,,quarter,2024-07-01,2024-09-30,median_rent_per_sqft,all,all,497.43,50,moderate,[],2026-09-08,dlx-aggregates-2
community:242:quarter:2024-10-01:median_rent_per_sqft:all:all,community,242,Al Ras,,quarter,2024-10-01,2024-12-31,median_rent_per_sqft,all,all,521.89,50,moderate,[],2026-09-08,dlx-aggregates-2
community:242:quarter:2025-01-01:median_rent_per_sqft:all:all,community,242,Al Ras,,quarter,2025-01-01,2025-03-31,median_rent_per_sqft,all,all,548.29,64,moderate,[],2026-09-08,dlx-aggregates-2
community:242:quarter:2025-04-01:median_rent_per_sqft:all:all,community,242,Al Ras,,quarter,2025-04-01,2025-06-30,median_rent_per_sqft,all,all,536.03,46,moderate,[],2026-09-08,dlx-aggregates-2
community:242:quarter:2025-07-01:median_rent_per_sqft:all:all,community,242,Al Ras,,quarter,2025-07-01,2025-09-30,median_rent_per_sqft,all,all,523.89,53,moderate,[],2026-09-08,dlx-aggregates-2
community:242:quarter:2025-10-01:median_rent_per_sqft:all:all,community,242,Al Ras,,quarter,2025-10-01,2025-12-31,median_rent_per_sqft,all,all,540.52,50,moderate,[],2026-09-08,dlx-aggregates-2
community:242:quarter:2026-01-01:median_rent_per_sqft:all:all,community,242,Al Ras,,quarter,2026-01-01,2026-03-31,median_rent_per_sqft,all,all,581.63,58,moderate,[],2026-09-08,dlx-aggregates-2
community:242:quarter:2026-04-01:median_rent_per_sqft:all:all,community,242,Al Ras,,quarter,2026-04-01,2026-06-30,median_rent_per_sqft,all,all,663.93,42,moderate,[],2026-09-08,dlx-aggregates-2
community:242:quarter:2026-07-01:median_rent_per_sqft:all:all,community,242,Al Ras,,quarter,2026-07-01,2026-09-30,median_rent_per_sqft,all,all,511.74,35,moderate,[],2026-09-08,dlx-aggregates-2
community:244:quarter:2019-01-01:median_rent_per_sqft:all:all,community,244,Al Murqabat,,quarter,2019-01-01,2019-03-31,median_rent_per_sqft,all,all,601.33,1450,higher,[],2026-09-08,dlx-aggregates-2
community:244:quarter:2019-04-01:median_rent_per_sqft:all:all,community,244,Al Murqabat,,quarter,2019-04-01,2019-06-30,median_rent_per_sqft,all,all,591.65,990,higher,[],2026-09-08,dlx-aggregates-2
community:244:quarter:2019-07-01:median_rent_per_sqft:all:all,community,244,Al Murqabat,,quarter,2019-07-01,2019-09-30,median_rent_per_sqft,all,all,600.0,906,higher,[],2026-09-08,dlx-aggregates-2
community:244:quarter:2019-10-01:median_rent_per_sqft:all:all,community,244,Al Murqabat,,quarter,2019-10-01,2019-12-31,median_rent_per_sqft,all,all,602.04,1022,higher,[],2026-09-08,dlx-aggregates-2
community:244:quarter:2020-01-01:median_rent_per_sqft:all:all,community,244,Al Murqabat,,quarter,2020-01-01,2020-03-31,median_rent_per_sqft,all,all,563.01,1341,higher,[],2026-09-08,dlx-aggregates-2
community:244:quarter:2020-04-01:median_rent_per_sqft:all:all,community,244,Al Murqabat,,quarter,2020-04-01,2020-06-30,median_rent_per_sqft,all,all,556.75,859,higher,[],2026-09-08,dlx-aggregates-2
community:244:quarter:2020-07-01:median_rent_per_sqft:all:all,community,244,Al Murqabat,,quarter,2020-07-01,2020-09-30,median_rent_per_sqft,all,all,552.23,941,higher,[],2026-09-08,dlx-aggregates-2
community:244:quarter:2020-10-01:median_rent_per_sqft:all:all,community,244,Al Murqabat,,quarter,2020-10-01,2020-12-31,median_rent_per_sqft,all,all,528.05,973,higher,[],2026-09-08,dlx-aggregates-2
community:244:quarter:2021-01-01:median_rent_per_sqft:all:all,community,244,Al Murqabat,,quarter,2021-01-01,2021-03-31,median_rent_per_sqft,all,all,512.06,1268,higher,[],2026-09-08,dlx-aggregates-2
community:244:quarter:2021-04-01:median_rent_per_sqft:all:all,community,244,Al Murqabat,,quarter,2021-04-01,2021-06-30,median_rent_per_sqft,all,all,503.17,994,higher,[],2026-09-08,dlx-aggregates-2
community:244:quarter:2021-07-01:median_rent_per_sqft:all:all,community,244,Al Murqabat,,quarter,2021-07-01,2021-09-30,median_rent_per_sqft,all,all,509.81,1014,higher,[],2026-09-08,dlx-aggregates-2
community:244:quarter:2021-10-01:median_rent_per_sqft:all:all,community,244,Al Murqabat,,quarter,2021-10-01,2021-12-31,median_rent_per_sqft,all,all,516.7,1202,higher,[],2026-09-08,dlx-aggregates-2
community:244:quarter:2022-01-01:median_rent_per_sqft:all:all,community,244,Al Murqabat,,quarter,2022-01-01,2022-03-31,median_rent_per_sqft,all,all,500.0,1433,higher,[],2026-09-08,dlx-aggregates-2
community:244:quarter:2022-04-01:median_rent_per_sqft:all:all,community,244,Al Murqabat,,quarter,2022-04-01,2022-06-30,median_rent_per_sqft,all,all,521.86,1034,higher,[],2026-09-08,dlx-aggregates-2
community:244:quarter:2022-07-01:median_rent_per_sqft:all:all,community,244,Al Murqabat,,quarter,2022-07-01,2022-09-30,median_rent_per_sqft,all,all,524.57,988,higher,[],2026-09-08,dlx-aggregates-2
community:244:quarter:2022-10-01:median_rent_per_sqft:all:all,community,244,Al Murqabat,,quarter,2022-10-01,2022-12-31,median_rent_per_sqft,all,all,571.43,1373,higher,[],2026-09-08,dlx-aggregates-2
community:244:quarter:2023-01-01:median_rent_per_sqft:all:all,community,244,Al Murqabat,,quarter,2023-01-01,2023-03-31,median_rent_per_sqft,all,all,538.46,1666,higher,[],2026-09-08,dlx-aggregates-2
community:244:quarter:2023-04-01:median_rent_per_sqft:all:all,community,244,Al Murqabat,,quarter,2023-04-01,2023-06-30,median_rent_per_sqft,all,all,560.0,1189,higher,[],2026-09-08,dlx-aggregates-2
community:244:quarter:2023-07-01:median_rent_per_sqft:all:all,community,244,Al Murqabat,,quarter,2023-07-01,2023-09-30,median_rent_per_sqft,all,all,576.92,1161,higher,[],2026-09-08,dlx-aggregates-2
community:244:quarter:2023-10-01:median_rent_per_sqft:all:all,community,244,Al Murqabat,,quarter,2023-10-01,2023-12-31,median_rent_per_sqft,all,all,596.3,1286,higher,[],2026-09-08,dlx-aggregates-2
community:244:quarter:2024-01-01:median_rent_per_sqft:all:all,community,244,Al Murqabat,,quarter,2024-01-01,2024-03-31,median_rent_per_sqft,all,all,586.78,1636,higher,[],2026-09-08,dlx-aggregates-2
community:244:quarter:2024-04-01:median_rent_per_sqft:all:all,community,244,Al Murqabat,,quarter,2024-04-01,2024-06-30,median_rent_per_sqft,all,all,600.0,1253,higher,[],2026-09-08,dlx-aggregates-2
community:244:quarter:2024-07-01:median_rent_per_sqft:all:all,community,244,Al Murqabat,,quarter,2024-07-01,2024-09-30,median_rent_per_sqft,all,all,617.66,1170,higher,[],2026-09-08,dlx-aggregates-2
community:244:quarter:2024-10-01:median_rent_per_sqft:all:all,community,244,Al Murqabat,,quarter,2024-10-01,2024-12-31,median_rent_per_sqft,all,all,641.03,1459,higher,[],2026-09-08,dlx-aggregates-2
community:244:quarter:2025-01-01:median_rent_per_sqft:all:all,community,244,Al Murqabat,,quarter,2025-01-01,2025-03-31,median_rent_per_sqft,all,all,634.98,1703,higher,[],2026-09-08,dlx-aggregates-2
community:244:quarter:2025-04-01:median_rent_per_sqft:all:all,community,244,Al Murqabat,,quarter,2025-04-01,2025-06-30,median_rent_per_sqft,all,all,634.34,1218,higher,[],2026-09-08,dlx-aggregates-2
community:244:quarter:2025-07-01:median_rent_per_sqft:all:all,community,244,Al Murqabat,,quarter,2025-07-01,2025-09-30,median_rent_per_sqft,all,all,663.06,1232,higher,[],2026-09-08,dlx-aggregates-2
community:244:quarter:2025-10-01:median_rent_per_sqft:all:all,community,244,Al Murqabat,,quarter,2025-10-01,2025-12-31,median_rent_per_sqft,all,all,685.89,1401,higher,[],2026-09-08,dlx-aggregates-2
community:244:quarter:2026-01-01:median_rent_per_sqft:all:all,community,244,Al Murqabat,,quarter,2026-01-01,2026-03-31,median_rent_per_sqft,all,all,671.82,1654,higher,[],2026-09-08,dlx-aggregates-2
community:244:quarter:2026-04-01:median_rent_per_sqft:all:all,community,244,Al Murqabat,,quarter,2026-04-01,2026-06-30,median_rent_per_sqft,all,all,666.86,1100,higher,[],2026-09-08,dlx-aggregates-2
community:244:quarter:2026-07-01:median_rent_per_sqft:all:all,community,244,Al Murqabat,,quarter,2026-07-01,2026-09-30,median_rent_per_sqft,all,all,668.29,730,higher,[],2026-09-08,dlx-aggregates-2
community:247:quarter:2025-10-01:median_rent_per_sqft:all:all,community,247,Al Khabeesi,,quarter,2025-10-01,2025-12-31,median_rent_per_sqft,all,all,532.73,35,moderate,[],2026-09-08,dlx-aggregates-2
community:247:quarter:2026-01-01:median_rent_per_sqft:all:all,community,247,Al Khabeesi,,quarter,2026-01-01,2026-03-31,median_rent_per_sqft,all,all,593.28,31,moderate,[],2026-09-08,dlx-aggregates-2
community:248:quarter:2019-01-01:median_rent_per_sqft:all:all,community,248,Um Ramool,,quarter,2019-01-01,2019-03-31,median_rent_per_sqft,all,all,522.8,47,moderate,[],2026-09-08,dlx-aggregates-2
community:248:quarter:2019-04-01:median_rent_per_sqft:all:all,community,248,Um Ramool,,quarter,2019-04-01,2019-06-30,median_rent_per_sqft,all,all,481.97,41,moderate,[],2026-09-08,dlx-aggregates-2
community:248:quarter:2019-07-01:median_rent_per_sqft:all:all,community,248,Um Ramool,,quarter,2019-07-01,2019-09-30,median_rent_per_sqft,all,all,532.79,37,moderate,[],2026-09-08,dlx-aggregates-2
community:248:quarter:2020-01-01:median_rent_per_sqft:all:all,community,248,Um Ramool,,quarter,2020-01-01,2020-03-31,median_rent_per_sqft,all,all,495.05,38,moderate,[],2026-09-08,dlx-aggregates-2
community:248:quarter:2020-04-01:median_rent_per_sqft:all:all,community,248,Um Ramool,,quarter,2020-04-01,2020-06-30,median_rent_per_sqft,all,all,478.2,37,moderate,[],2026-09-08,dlx-aggregates-2
community:248:quarter:2020-07-01:median_rent_per_sqft:all:all,community,248,Um Ramool,,quarter,2020-07-01,2020-09-30,median_rent_per_sqft,all,all,477.14,35,moderate,[],2026-09-08,dlx-aggregates-2
community:248:quarter:2021-01-01:median_rent_per_sqft:all:all,community,248,Um Ramool,,quarter,2021-01-01,2021-03-31,median_rent_per_sqft,all,all,428.74,37,moderate,[],2026-09-08,dlx-aggregates-2
community:248:quarter:2021-07-01:median_rent_per_sqft:all:all,community,248,Um Ramool,,quarter,2021-07-01,2021-09-30,median_rent_per_sqft,all,all,446.1,34,moderate,[],2026-09-08,dlx-aggregates-2
community:248:quarter:2021-10-01:median_rent_per_sqft:all:all,community,248,Um Ramool,,quarter,2021-10-01,2021-12-31,median_rent_per_sqft,all,all,476.58,48,moderate,[],2026-09-08,dlx-aggregates-2
community:248:quarter:2022-01-01:median_rent_per_sqft:all:all,community,248,Um Ramool,,quarter,2022-01-01,2022-03-31,median_rent_per_sqft,all,all,526.81,52,moderate,[],2026-09-08,dlx-aggregates-2
community:248:quarter:2022-04-01:median_rent_per_sqft:all:all,community,248,Um Ramool,,quarter,2022-04-01,2022-06-30,median_rent_per_sqft,all,all,517.37,50,moderate,[],2026-09-08,dlx-aggregates-2
community:248:quarter:2022-07-01:median_rent_per_sqft:all:all,community,248,Um Ramool,,quarter,2022-07-01,2022-09-30,median_rent_per_sqft,all,all,552.14,74,moderate,[],2026-09-08,dlx-aggregates-2
community:248:quarter:2022-10-01:median_rent_per_sqft:all:all,community,248,Um Ramool,,quarter,2022-10-01,2022-12-31,median_rent_per_sqft,all,all,562.09,85,moderate,[],2026-09-08,dlx-aggregates-2
community:248:quarter:2023-01-01:median_rent_per_sqft:all:all,community,248,Um Ramool,,quarter,2023-01-01,2023-03-31,median_rent_per_sqft,all,all,567.05,58,moderate,[],2026-09-08,dlx-aggregates-2
community:248:quarter:2023-04-01:median_rent_per_sqft:all:all,community,248,Um Ramool,,quarter,2023-04-01,2023-06-30,median_rent_per_sqft,all,all,562.47,60,moderate,[],2026-09-08,dlx-aggregates-2
community:248:quarter:2023-07-01:median_rent_per_sqft:all:all,community,248,Um Ramool,,quarter,2023-07-01,2023-09-30,median_rent_per_sqft,all,all,592.04,97,moderate,[],2026-09-08,dlx-aggregates-2
community:248:quarter:2023-10-01:median_rent_per_sqft:all:all,community,248,Um Ramool,,quarter,2023-10-01,2023-12-31,median_rent_per_sqft,all,all,596.18,86,moderate,[],2026-09-08,dlx-aggregates-2
community:248:quarter:2024-01-01:median_rent_per_sqft:all:all,community,248,Um Ramool,,quarter,2024-01-01,2024-03-31,median_rent_per_sqft,all,all,616.8,72,moderate,[],2026-09-08,dlx-aggregates-2
community:248:quarter:2024-04-01:median_rent_per_sqft:all:all,community,248,Um Ramool,,quarter,2024-04-01,2024-06-30,median_rent_per_sqft,all,all,590.55,51,moderate,[],2026-09-08,dlx-aggregates-2
community:248:quarter:2024-07-01:median_rent_per_sqft:all:all,community,248,Um Ramool,,quarter,2024-07-01,2024-09-30,median_rent_per_sqft,all,all,643.43,66,moderate,[],2026-09-08,dlx-aggregates-2
community:248:quarter:2024-10-01:median_rent_per_sqft:all:all,community,248,Um Ramool,,quarter,2024-10-01,2024-12-31,median_rent_per_sqft,all,all,654.75,124,moderate,[],2026-09-08,dlx-aggregates-2
community:248:quarter:2025-01-01:median_rent_per_sqft:all:all,community,248,Um Ramool,,quarter,2025-01-01,2025-03-31,median_rent_per_sqft,all,all,663.66,78,moderate,[],2026-09-08,dlx-aggregates-2
community:248:quarter:2025-04-01:median_rent_per_sqft:all:all,community,248,Um Ramool,,quarter,2025-04-01,2025-06-30,median_rent_per_sqft,all,all,649.56,57,moderate,[],2026-09-08,dlx-aggregates-2
community:248:quarter:2025-07-01:median_rent_per_sqft:all:all,community,248,Um Ramool,,quarter,2025-07-01,2025-09-30,median_rent_per_sqft,all,all,679.94,76,moderate,[],2026-09-08,dlx-aggregates-2
community:248:quarter:2025-10-01:median_rent_per_sqft:all:all,community,248,Um Ramool,,quarter,2025-10-01,2025-12-31,median_rent_per_sqft,all,all,688.32,129,moderate,[],2026-09-08,dlx-aggregates-2
community:248:quarter:2026-01-01:median_rent_per_sqft:all:all,community,248,Um Ramool,,quarter,2026-01-01,2026-03-31,median_rent_per_sqft,all,all,704.77,80,moderate,[],2026-09-08,dlx-aggregates-2
community:248:quarter:2026-04-01:median_rent_per_sqft:all:all,community,248,Um Ramool,,quarter,2026-04-01,2026-06-30,median_rent_per_sqft,all,all,682.57,60,moderate,[],2026-09-08,dlx-aggregates-2
community:248:quarter:2026-07-01:median_rent_per_sqft:all:all,community,248,Um Ramool,,quarter,2026-07-01,2026-09-30,median_rent_per_sqft,all,all,746.55,37,moderate,[],2026-09-08,dlx-aggregates-2
community:249:quarter:2019-01-01:median_rent_per_sqft:all:all,community,249,Al Muteena,,quarter,2019-01-01,2019-03-31,median_rent_per_sqft,all,all,391.67,339,higher,[],2026-09-08,dlx-aggregates-2
community:249:quarter:2019-04-01:median_rent_per_sqft:all:all,community,249,Al Muteena,,quarter,2019-04-01,2019-06-30,median_rent_per_sqft,all,all,522.73,275,higher,[],2026-09-08,dlx-aggregates-2
community:249:quarter:2019-07-01:median_rent_per_sqft:all:all,community,249,Al Muteena,,quarter,2019-07-01,2019-09-30,median_rent_per_sqft,all,all,523.81,233,higher,[],2026-09-08,dlx-aggregates-2
community:249:quarter:2019-10-01:median_rent_per_sqft:all:all,community,249,Al Muteena,,quarter,2019-10-01,2019-12-31,median_rent_per_sqft,all,all,504.55,295,higher,[],2026-09-08,dlx-aggregates-2
community:249:quarter:2020-01-01:median_rent_per_sqft:all:all,community,249,Al Muteena,,quarter,2020-01-01,2020-03-31,median_rent_per_sqft,all,all,453.23,368,higher,[],2026-09-08,dlx-aggregates-2
community:249:quarter:2020-04-01:median_rent_per_sqft:all:all,community,249,Al Muteena,,quarter,2020-04-01,2020-06-30,median_rent_per_sqft,all,all,490.01,207,higher,[],2026-09-08,dlx-aggregates-2
community:249:quarter:2020-07-01:median_rent_per_sqft:all:all,community,249,Al Muteena,,quarter,2020-07-01,2020-09-30,median_rent_per_sqft,all,all,484.03,271,higher,[],2026-09-08,dlx-aggregates-2
community:249:quarter:2020-10-01:median_rent_per_sqft:all:all,community,249,Al Muteena,,quarter,2020-10-01,2020-12-31,median_rent_per_sqft,all,all,470.35,287,higher,[],2026-09-08,dlx-aggregates-2
community:249:quarter:2021-01-01:median_rent_per_sqft:all:all,community,249,Al Muteena,,quarter,2021-01-01,2021-03-31,median_rent_per_sqft,all,all,446.43,421,higher,[],2026-09-08,dlx-aggregates-2
community:249:quarter:2021-04-01:median_rent_per_sqft:all:all,community,249,Al Muteena,,quarter,2021-04-01,2021-06-30,median_rent_per_sqft,all,all,461.54,249,higher,[],2026-09-08,dlx-aggregates-2
community:249:quarter:2021-07-01:median_rent_per_sqft:all:all,community,249,Al Muteena,,quarter,2021-07-01,2021-09-30,median_rent_per_sqft,all,all,466.05,322,higher,[],2026-09-08,dlx-aggregates-2
community:249:quarter:2021-10-01:median_rent_per_sqft:all:all,community,249,Al Muteena,,quarter,2021-10-01,2021-12-31,median_rent_per_sqft,all,all,454.55,436,higher,[],2026-09-08,dlx-aggregates-2
community:249:quarter:2022-01-01:median_rent_per_sqft:all:all,community,249,Al Muteena,,quarter,2022-01-01,2022-03-31,median_rent_per_sqft,all,all,440.0,495,higher,[],2026-09-08,dlx-aggregates-2
community:249:quarter:2022-04-01:median_rent_per_sqft:all:all,community,249,Al Muteena,,quarter,2022-04-01,2022-06-30,median_rent_per_sqft,all,all,440.0,317,higher,[],2026-09-08,dlx-aggregates-2
community:249:quarter:2022-07-01:median_rent_per_sqft:all:all,community,249,Al Muteena,,quarter,2022-07-01,2022-09-30,median_rent_per_sqft,all,all,476.58,333,higher,[],2026-09-08,dlx-aggregates-2
community:249:quarter:2022-10-01:median_rent_per_sqft:all:all,community,249,Al Muteena,,quarter,2022-10-01,2022-12-31,median_rent_per_sqft,all,all,478.63,422,higher,[],2026-09-08,dlx-aggregates-2
community:249:quarter:2023-01-01:median_rent_per_sqft:all:all,community,249,Al Muteena,,quarter,2023-01-01,2023-03-31,median_rent_per_sqft,all,all,443.27,515,higher,[],2026-09-08,dlx-aggregates-2
community:249:quarter:2023-04-01:median_rent_per_sqft:all:all,community,249,Al Muteena,,quarter,2023-04-01,2023-06-30,median_rent_per_sqft,all,all,465.95,357,higher,[],2026-09-08,dlx-aggregates-2
community:249:quarter:2023-07-01:median_rent_per_sqft:all:all,community,249,Al Muteena,,quarter,2023-07-01,2023-09-30,median_rent_per_sqft,all,all,497.73,348,higher,[],2026-09-08,dlx-aggregates-2
community:249:quarter:2023-10-01:median_rent_per_sqft:all:all,community,249,Al Muteena,,quarter,2023-10-01,2023-12-31,median_rent_per_sqft,all,all,525.0,407,higher,[],2026-09-08,dlx-aggregates-2
community:249:quarter:2024-01-01:median_rent_per_sqft:all:all,community,249,Al Muteena,,quarter,2024-01-01,2024-03-31,median_rent_per_sqft,all,all,520.3,534,higher,[],2026-09-08,dlx-aggregates-2
community:249:quarter:2024-04-01:median_rent_per_sqft:all:all,community,249,Al Muteena,,quarter,2024-04-01,2024-06-30,median_rent_per_sqft,all,all,516.0,381,higher,[],2026-09-08,dlx-aggregates-2
community:249:quarter:2024-07-01:median_rent_per_sqft:all:all,community,249,Al Muteena,,quarter,2024-07-01,2024-09-30,median_rent_per_sqft,all,all,556.22,362,higher,[],2026-09-08,dlx-aggregates-2
community:249:quarter:2024-10-01:median_rent_per_sqft:all:all,community,249,Al Muteena,,quarter,2024-10-01,2024-12-31,median_rent_per_sqft,all,all,571.6,432,higher,[],2026-09-08,dlx-aggregates-2
community:249:quarter:2025-01-01:median_rent_per_sqft:all:all,community,249,Al Muteena,,quarter,2025-01-01,2025-03-31,median_rent_per_sqft,all,all,540.33,556,higher,[],2026-09-08,dlx-aggregates-2
community:249:quarter:2025-04-01:median_rent_per_sqft:all:all,community,249,Al Muteena,,quarter,2025-04-01,2025-06-30,median_rent_per_sqft,all,all,555.7,377,higher,[],2026-09-08,dlx-aggregates-2
community:249:quarter:2025-07-01:median_rent_per_sqft:all:all,community,249,Al Muteena,,quarter,2025-07-01,2025-09-30,median_rent_per_sqft,all,all,561.75,438,higher,[],2026-09-08,dlx-aggregates-2
community:249:quarter:2025-10-01:median_rent_per_sqft:all:all,community,249,Al Muteena,,quarter,2025-10-01,2025-12-31,median_rent_per_sqft,all,all,593.25,432,higher,[],2026-09-08,dlx-aggregates-2
community:249:quarter:2026-01-01:median_rent_per_sqft:all:all,community,249,Al Muteena,,quarter,2026-01-01,2026-03-31,median_rent_per_sqft,all,all,586.36,501,higher,[],2026-09-08,dlx-aggregates-2
community:249:quarter:2026-04-01:median_rent_per_sqft:all:all,community,249,Al Muteena,,quarter,2026-04-01,2026-06-30,median_rent_per_sqft,all,all,601.19,317,higher,[],2026-09-08,dlx-aggregates-2
community:249:quarter:2026-07-01:median_rent_per_sqft:all:all,community,249,Al Muteena,,quarter,2026-07-01,2026-09-30,median_rent_per_sqft,all,all,579.32,202,higher,[],2026-09-08,dlx-aggregates-2
community:254:quarter:2021-01-01:median_rent_per_sqft:all:all,community,254,Al Buteen,,quarter,2021-01-01,2021-03-31,median_rent_per_sqft,all,all,112.04,30,moderate,[],2026-09-08,dlx-aggregates-2
community:255:quarter:2019-01-01:median_rent_per_sqft:all:all,community,255,Rega Al Buteen,,quarter,2019-01-01,2019-03-31,median_rent_per_sqft,all,all,482.44,310,higher,[],2026-09-08,dlx-aggregates-2
community:255:quarter:2019-04-01:median_rent_per_sqft:all:all,community,255,Rega Al Buteen,,quarter,2019-04-01,2019-06-30,median_rent_per_sqft,all,all,570.95,160,moderate,[],2026-09-08,dlx-aggregates-2
community:255:quarter:2019-07-01:median_rent_per_sqft:all:all,community,255,Rega Al Buteen,,quarter,2019-07-01,2019-09-30,median_rent_per_sqft,all,all,544.21,170,moderate,[],2026-09-08,dlx-aggregates-2
community:255:quarter:2019-10-01:median_rent_per_sqft:all:all,community,255,Rega Al Buteen,,quarter,2019-10-01,2019-12-31,median_rent_per_sqft,all,all,553.55,158,moderate,[],2026-09-08,dlx-aggregates-2
community:255:quarter:2020-01-01:median_rent_per_sqft:all:all,community,255,Rega Al Buteen,,quarter,2020-01-01,2020-03-31,median_rent_per_sqft,all,all,469.92,276,higher,[],2026-09-08,dlx-aggregates-2
community:255:quarter:2020-04-01:median_rent_per_sqft:all:all,community,255,Rega Al Buteen,,quarter,2020-04-01,2020-06-30,median_rent_per_sqft,all,all,528.65,121,moderate,[],2026-09-08,dlx-aggregates-2
community:255:quarter:2020-07-01:median_rent_per_sqft:all:all,community,255,Rega Al Buteen,,quarter,2020-07-01,2020-09-30,median_rent_per_sqft,all,all,515.93,175,moderate,[],2026-09-08,dlx-aggregates-2
community:255:quarter:2020-10-01:median_rent_per_sqft:all:all,community,255,Rega Al Buteen,,quarter,2020-10-01,2020-12-31,median_rent_per_sqft,all,all,513.87,227,higher,[],2026-09-08,dlx-aggregates-2
community:255:quarter:2021-01-01:median_rent_per_sqft:all:all,community,255,Rega Al Buteen,,quarter,2021-01-01,2021-03-31,median_rent_per_sqft,all,all,425.53,296,higher,[],2026-09-08,dlx-aggregates-2
community:255:quarter:2021-04-01:median_rent_per_sqft:all:all,community,255,Rega Al Buteen,,quarter,2021-04-01,2021-06-30,median_rent_per_sqft,all,all,486.19,161,moderate,[],2026-09-08,dlx-aggregates-2
community:255:quarter:2021-07-01:median_rent_per_sqft:all:all,community,255,Rega Al Buteen,,quarter,2021-07-01,2021-09-30,median_rent_per_sqft,all,all,471.4,171,moderate,[],2026-09-08,dlx-aggregates-2
community:255:quarter:2021-10-01:median_rent_per_sqft:all:all,community,255,Rega Al Buteen,,quarter,2021-10-01,2021-12-31,median_rent_per_sqft,all,all,502.31,211,higher,[],2026-09-08,dlx-aggregates-2
community:255:quarter:2022-01-01:median_rent_per_sqft:all:all,community,255,Rega Al Buteen,,quarter,2022-01-01,2022-03-31,median_rent_per_sqft,all,all,434.78,257,higher,[],2026-09-08,dlx-aggregates-2
community:255:quarter:2022-04-01:median_rent_per_sqft:all:all,community,255,Rega Al Buteen,,quarter,2022-04-01,2022-06-30,median_rent_per_sqft,all,all,475.14,203,higher,[],2026-09-08,dlx-aggregates-2
community:255:quarter:2022-07-01:median_rent_per_sqft:all:all,community,255,Rega Al Buteen,,quarter,2022-07-01,2022-09-30,median_rent_per_sqft,all,all,498.61,183,moderate,[],2026-09-08,dlx-aggregates-2
community:255:quarter:2022-10-01:median_rent_per_sqft:all:all,community,255,Rega Al Buteen,,quarter,2022-10-01,2022-12-31,median_rent_per_sqft,all,all,513.87,229,higher,[],2026-09-08,dlx-aggregates-2
community:255:quarter:2023-01-01:median_rent_per_sqft:all:all,community,255,Rega Al Buteen,,quarter,2023-01-01,2023-03-31,median_rent_per_sqft,all,all,500.32,334,higher,[],2026-09-08,dlx-aggregates-2
community:255:quarter:2023-04-01:median_rent_per_sqft:all:all,community,255,Rega Al Buteen,,quarter,2023-04-01,2023-06-30,median_rent_per_sqft,all,all,513.87,197,moderate,[],2026-09-08,dlx-aggregates-2
community:255:quarter:2023-07-01:median_rent_per_sqft:all:all,community,255,Rega Al Buteen,,quarter,2023-07-01,2023-09-30,median_rent_per_sqft,all,all,528.79,211,higher,[],2026-09-08,dlx-aggregates-2
community:255:quarter:2023-10-01:median_rent_per_sqft:all:all,community,255,Rega Al Buteen,,quarter,2023-10-01,2023-12-31,median_rent_per_sqft,all,all,534.34,218,higher,[],2026-09-08,dlx-aggregates-2
community:255:quarter:2024-01-01:median_rent_per_sqft:all:all,community,255,Rega Al Buteen,,quarter,2024-01-01,2024-03-31,median_rent_per_sqft,all,all,526.32,329,higher,[],2026-09-08,dlx-aggregates-2
community:255:quarter:2024-04-01:median_rent_per_sqft:all:all,community,255,Rega Al Buteen,,quarter,2024-04-01,2024-06-30,median_rent_per_sqft,all,all,543.65,197,moderate,[],2026-09-08,dlx-aggregates-2
community:255:quarter:2024-07-01:median_rent_per_sqft:all:all,community,255,Rega Al Buteen,,quarter,2024-07-01,2024-09-30,median_rent_per_sqft,all,all,567.74,222,higher,[],2026-09-08,dlx-aggregates-2
community:255:quarter:2024-10-01:median_rent_per_sqft:all:all,community,255,Rega Al Buteen,,quarter,2024-10-01,2024-12-31,median_rent_per_sqft,all,all,579.34,265,higher,[],2026-09-08,dlx-aggregates-2
community:255:quarter:2025-01-01:median_rent_per_sqft:all:all,community,255,Rega Al Buteen,,quarter,2025-01-01,2025-03-31,median_rent_per_sqft,all,all,514.82,284,higher,[],2026-09-08,dlx-aggregates-2
community:255:quarter:2025-04-01:median_rent_per_sqft:all:all,community,255,Rega Al Buteen,,quarter,2025-04-01,2025-06-30,median_rent_per_sqft,all,all,558.38,173,moderate,[],2026-09-08,dlx-aggregates-2
community:255:quarter:2025-07-01:median_rent_per_sqft:all:all,community,255,Rega Al Buteen,,quarter,2025-07-01,2025-09-30,median_rent_per_sqft,all,all,594.83,193,moderate,[],2026-09-08,dlx-aggregates-2
community:255:quarter:2025-10-01:median_rent_per_sqft:all:all,community,255,Rega Al Buteen,,quarter,2025-10-01,2025-12-31,median_rent_per_sqft,all,all,610.56,254,higher,[],2026-09-08,dlx-aggregates-2
community:255:quarter:2026-01-01:median_rent_per_sqft:all:all,community,255,Rega Al Buteen,,quarter,2026-01-01,2026-03-31,median_rent_per_sqft,all,all,528.79,257,higher,[],2026-09-08,dlx-aggregates-2
community:255:quarter:2026-04-01:median_rent_per_sqft:all:all,community,255,Rega Al Buteen,,quarter,2026-04-01,2026-06-30,median_rent_per_sqft,all,all,585.79,146,moderate,[],2026-09-08,dlx-aggregates-2
community:255:quarter:2026-07-01:median_rent_per_sqft:all:all,community,255,Rega Al Buteen,,quarter,2026-07-01,2026-09-30,median_rent_per_sqft,all,all,592.59,125,moderate,[],2026-09-08,dlx-aggregates-2
community:264:quarter:2019-01-01:median_rent_per_sqft:all:all,community,264,Nad Al Hamar,,quarter,2019-01-01,2019-03-31,median_rent_per_sqft,all,all,550.71,70,moderate,[],2026-09-08,dlx-aggregates-2
community:264:quarter:2019-04-01:median_rent_per_sqft:all:all,community,264,Nad Al Hamar,,quarter,2019-04-01,2019-06-30,median_rent_per_sqft,all,all,502.4,64,moderate,[],2026-09-08,dlx-aggregates-2
community:264:quarter:2019-07-01:median_rent_per_sqft:all:all,community,264,Nad Al Hamar,,quarter,2019-07-01,2019-09-30,median_rent_per_sqft,all,all,491.63,71,moderate,[],2026-09-08,dlx-aggregates-2
community:264:quarter:2019-10-01:median_rent_per_sqft:all:all,community,264,Nad Al Hamar,,quarter,2019-10-01,2019-12-31,median_rent_per_sqft,all,all,485.34,92,moderate,[],2026-09-08,dlx-aggregates-2
community:264:quarter:2020-01-01:median_rent_per_sqft:all:all,community,264,Nad Al Hamar,,quarter,2020-01-01,2020-03-31,median_rent_per_sqft,all,all,489.75,164,moderate,[],2026-09-08,dlx-aggregates-2
community:264:quarter:2020-04-01:median_rent_per_sqft:all:all,community,264,Nad Al Hamar,,quarter,2020-04-01,2020-06-30,median_rent_per_sqft,all,all,426.19,113,moderate,[],2026-09-08,dlx-aggregates-2
community:264:quarter:2020-07-01:median_rent_per_sqft:all:all,community,264,Nad Al Hamar,,quarter,2020-07-01,2020-09-30,median_rent_per_sqft,all,all,441.77,151,moderate,[],2026-09-08,dlx-aggregates-2
community:264:quarter:2020-10-01:median_rent_per_sqft:all:all,community,264,Nad Al Hamar,,quarter,2020-10-01,2020-12-31,median_rent_per_sqft,all,all,441.68,180,moderate,[],2026-09-08,dlx-aggregates-2
community:264:quarter:2021-01-01:median_rent_per_sqft:all:all,community,264,Nad Al Hamar,,quarter,2021-01-01,2021-03-31,median_rent_per_sqft,all,all,430.31,258,higher,[],2026-09-08,dlx-aggregates-2
community:264:quarter:2021-04-01:median_rent_per_sqft:all:all,community,264,Nad Al Hamar,,quarter,2021-04-01,2021-06-30,median_rent_per_sqft,all,all,430.9,203,higher,[],2026-09-08,dlx-aggregates-2
community:264:quarter:2021-07-01:median_rent_per_sqft:all:all,community,264,Nad Al Hamar,,quarter,2021-07-01,2021-09-30,median_rent_per_sqft,all,all,423.79,248,higher,[],2026-09-08,dlx-aggregates-2
community:264:quarter:2021-10-01:median_rent_per_sqft:all:all,community,264,Nad Al Hamar,,quarter,2021-10-01,2021-12-31,median_rent_per_sqft,all,all,425.53,325,higher,[],2026-09-08,dlx-aggregates-2
community:264:quarter:2022-01-01:median_rent_per_sqft:all:all,community,264,Nad Al Hamar,,quarter,2022-01-01,2022-03-31,median_rent_per_sqft,all,all,422.69,367,higher,[],2026-09-08,dlx-aggregates-2
community:264:quarter:2022-04-01:median_rent_per_sqft:all:all,community,264,Nad Al Hamar,,quarter,2022-04-01,2022-06-30,median_rent_per_sqft,all,all,430.31,352,higher,[],2026-09-08,dlx-aggregates-2
community:264:quarter:2022-07-01:median_rent_per_sqft:all:all,community,264,Nad Al Hamar,,quarter,2022-07-01,2022-09-30,median_rent_per_sqft,all,all,433.64,337,higher,[],2026-09-08,dlx-aggregates-2
community:264:quarter:2022-10-01:median_rent_per_sqft:all:all,community,264,Nad Al Hamar,,quarter,2022-10-01,2022-12-31,median_rent_per_sqft,all,all,457.49,313,higher,[],2026-09-08,dlx-aggregates-2
community:264:quarter:2023-01-01:median_rent_per_sqft:all:all,community,264,Nad Al Hamar,,quarter,2023-01-01,2023-03-31,median_rent_per_sqft,all,all,458.64,422,higher,[],2026-09-08,dlx-aggregates-2
community:264:quarter:2023-04-01:median_rent_per_sqft:all:all,community,264,Nad Al Hamar,,quarter,2023-04-01,2023-06-30,median_rent_per_sqft,all,all,462.46,377,higher,[],2026-09-08,dlx-aggregates-2
community:264:quarter:2023-07-01:median_rent_per_sqft:all:all,community,264,Nad Al Hamar,,quarter,2023-07-01,2023-09-30,median_rent_per_sqft,all,all,474.84,357,higher,[],2026-09-08,dlx-aggregates-2
community:264:quarter:2023-10-01:median_rent_per_sqft:all:all,community,264,Nad Al Hamar,,quarter,2023-10-01,2023-12-31,median_rent_per_sqft,all,all,510.93,396,higher,[],2026-09-08,dlx-aggregates-2
community:264:quarter:2024-01-01:median_rent_per_sqft:all:all,community,264,Nad Al Hamar,,quarter,2024-01-01,2024-03-31,median_rent_per_sqft,all,all,494.69,411,higher,[],2026-09-08,dlx-aggregates-2
community:264:quarter:2024-04-01:median_rent_per_sqft:all:all,community,264,Nad Al Hamar,,quarter,2024-04-01,2024-06-30,median_rent_per_sqft,all,all,517.62,403,higher,[],2026-09-08,dlx-aggregates-2
community:264:quarter:2024-07-01:median_rent_per_sqft:all:all,community,264,Nad Al Hamar,,quarter,2024-07-01,2024-09-30,median_rent_per_sqft,all,all,538.78,402,higher,[],2026-09-08,dlx-aggregates-2
community:264:quarter:2024-10-01:median_rent_per_sqft:all:all,community,264,Nad Al Hamar,,quarter,2024-10-01,2024-12-31,median_rent_per_sqft,all,all,565.15,414,higher,[],2026-09-08,dlx-aggregates-2
community:264:quarter:2025-01-01:median_rent_per_sqft:all:all,community,264,Nad Al Hamar,,quarter,2025-01-01,2025-03-31,median_rent_per_sqft,all,all,544.42,438,higher,[],2026-09-08,dlx-aggregates-2
community:264:quarter:2025-04-01:median_rent_per_sqft:all:all,community,264,Nad Al Hamar,,quarter,2025-04-01,2025-06-30,median_rent_per_sqft,all,all,542.58,424,higher,[],2026-09-08,dlx-aggregates-2
community:264:quarter:2025-07-01:median_rent_per_sqft:all:all,community,264,Nad Al Hamar,,quarter,2025-07-01,2025-09-30,median_rent_per_sqft,all,all,563.4,427,higher,[],2026-09-08,dlx-aggregates-2
community:264:quarter:2025-10-01:median_rent_per_sqft:all:all,community,264,Nad Al Hamar,,quarter,2025-10-01,2025-12-31,median_rent_per_sqft,all,all,591.96,402,higher,[],2026-09-08,dlx-aggregates-2
community:264:quarter:2026-01-01:median_rent_per_sqft:all:all,community,264,Nad Al Hamar,,quarter,2026-01-01,2026-03-31,median_rent_per_sqft,all,all,578.15,402,higher,[],2026-09-08,dlx-aggregates-2
community:264:quarter:2026-04-01:median_rent_per_sqft:all:all,community,264,Nad Al Hamar,,quarter,2026-04-01,2026-06-30,median_rent_per_sqft,all,all,581.95,376,higher,[],2026-09-08,dlx-aggregates-2
community:264:quarter:2026-07-01:median_rent_per_sqft:all:all,community,264,Nad Al Hamar,,quarter,2026-07-01,2026-09-30,median_rent_per_sqft,all,all,609.97,266,higher,[],2026-09-08,dlx-aggregates-2
community:266:quarter:2019-01-01:median_rent_per_sqft:all:all,community,266,Al Satwa,,quarter,2019-01-01,2019-03-31,median_rent_per_sqft,all,all,336.35,93,moderate,[],2026-09-08,dlx-aggregates-2
community:266:quarter:2019-04-01:median_rent_per_sqft:all:all,community,266,Al Satwa,,quarter,2019-04-01,2019-06-30,median_rent_per_sqft,all,all,365.26,129,moderate,[],2026-09-08,dlx-aggregates-2
community:266:quarter:2019-07-01:median_rent_per_sqft:all:all,community,266,Al Satwa,,quarter,2019-07-01,2019-09-30,median_rent_per_sqft,all,all,150.0,67,moderate,[],2026-09-08,dlx-aggregates-2
community:266:quarter:2019-10-01:median_rent_per_sqft:all:all,community,266,Al Satwa,,quarter,2019-10-01,2019-12-31,median_rent_per_sqft,all,all,517.24,65,moderate,[],2026-09-08,dlx-aggregates-2
community:266:quarter:2020-01-01:median_rent_per_sqft:all:all,community,266,Al Satwa,,quarter,2020-01-01,2020-03-31,median_rent_per_sqft,all,all,598.76,136,moderate,[],2026-09-08,dlx-aggregates-2
community:266:quarter:2020-04-01:median_rent_per_sqft:all:all,community,266,Al Satwa,,quarter,2020-04-01,2020-06-30,median_rent_per_sqft,all,all,493.94,93,moderate,[],2026-09-08,dlx-aggregates-2
community:266:quarter:2020-07-01:median_rent_per_sqft:all:all,community,266,Al Satwa,,quarter,2020-07-01,2020-09-30,median_rent_per_sqft,all,all,535.84,114,moderate,[],2026-09-08,dlx-aggregates-2
community:266:quarter:2020-10-01:median_rent_per_sqft:all:all,community,266,Al Satwa,,quarter,2020-10-01,2020-12-31,median_rent_per_sqft,all,all,517.45,138,moderate,[],2026-09-08,dlx-aggregates-2
community:266:quarter:2021-01-01:median_rent_per_sqft:all:all,community,266,Al Satwa,,quarter,2021-01-01,2021-03-31,median_rent_per_sqft,all,all,537.77,221,higher,[],2026-09-08,dlx-aggregates-2
community:266:quarter:2021-04-01:median_rent_per_sqft:all:all,community,266,Al Satwa,,quarter,2021-04-01,2021-06-30,median_rent_per_sqft,all,all,513.14,231,higher,[],2026-09-08,dlx-aggregates-2
community:266:quarter:2021-07-01:median_rent_per_sqft:all:all,community,266,Al Satwa,,quarter,2021-07-01,2021-09-30,median_rent_per_sqft,all,all,523.35,408,higher,[],2026-09-08,dlx-aggregates-2
community:266:quarter:2021-10-01:median_rent_per_sqft:all:all,community,266,Al Satwa,,quarter,2021-10-01,2021-12-31,median_rent_per_sqft,all,all,772.06,885,higher,[],2026-09-08,dlx-aggregates-2
community:266:quarter:2022-01-01:median_rent_per_sqft:all:all,community,266,Al Satwa,,quarter,2022-01-01,2022-03-31,median_rent_per_sqft,all,all,558.95,394,higher,[],2026-09-08,dlx-aggregates-2
community:266:quarter:2022-04-01:median_rent_per_sqft:all:all,community,266,Al Satwa,,quarter,2022-04-01,2022-06-30,median_rent_per_sqft,all,all,563.43,359,higher,[],2026-09-08,dlx-aggregates-2
community:266:quarter:2022-07-01:median_rent_per_sqft:all:all,community,266,Al Satwa,,quarter,2022-07-01,2022-09-30,median_rent_per_sqft,all,all,560.95,426,higher,[],2026-09-08,dlx-aggregates-2
community:266:quarter:2022-10-01:median_rent_per_sqft:all:all,community,266,Al Satwa,,quarter,2022-10-01,2022-12-31,median_rent_per_sqft,all,all,591.72,684,higher,[],2026-09-08,dlx-aggregates-2
community:266:quarter:2023-01-01:median_rent_per_sqft:all:all,community,266,Al Satwa,,quarter,2023-01-01,2023-03-31,median_rent_per_sqft,all,all,649.01,566,higher,[],2026-09-08,dlx-aggregates-2
community:266:quarter:2023-04-01:median_rent_per_sqft:all:all,community,266,Al Satwa,,quarter,2023-04-01,2023-06-30,median_rent_per_sqft,all,all,629.56,463,higher,[],2026-09-08,dlx-aggregates-2
community:266:quarter:2023-07-01:median_rent_per_sqft:all:all,community,266,Al Satwa,,quarter,2023-07-01,2023-09-30,median_rent_per_sqft,all,all,610.48,455,higher,[],2026-09-08,dlx-aggregates-2
community:266:quarter:2023-10-01:median_rent_per_sqft:all:all,community,266,Al Satwa,,quarter,2023-10-01,2023-12-31,median_rent_per_sqft,all,all,646.98,741,higher,[],2026-09-08,dlx-aggregates-2
community:266:quarter:2024-01-01:median_rent_per_sqft:all:all,community,266,Al Satwa,,quarter,2024-01-01,2024-03-31,median_rent_per_sqft,all,all,720.02,594,higher,[],2026-09-08,dlx-aggregates-2
community:266:quarter:2024-04-01:median_rent_per_sqft:all:all,community,266,Al Satwa,,quarter,2024-04-01,2024-06-30,median_rent_per_sqft,all,all,739.04,468,higher,[],2026-09-08,dlx-aggregates-2
community:266:quarter:2024-07-01:median_rent_per_sqft:all:all,community,266,Al Satwa,,quarter,2024-07-01,2024-09-30,median_rent_per_sqft,all,all,720.89,518,higher,[],2026-09-08,dlx-aggregates-2
community:266:quarter:2024-10-01:median_rent_per_sqft:all:all,community,266,Al Satwa,,quarter,2024-10-01,2024-12-31,median_rent_per_sqft,all,all,734.33,709,higher,[],2026-09-08,dlx-aggregates-2
community:266:quarter:2025-01-01:median_rent_per_sqft:all:all,community,266,Al Satwa,,quarter,2025-01-01,2025-03-31,median_rent_per_sqft,all,all,781.3,691,higher,[],2026-09-08,dlx-aggregates-2
community:266:quarter:2025-04-01:median_rent_per_sqft:all:all,community,266,Al Satwa,,quarter,2025-04-01,2025-06-30,median_rent_per_sqft,all,all,826.35,530,higher,[],2026-09-08,dlx-aggregates-2
community:266:quarter:2025-07-01:median_rent_per_sqft:all:all,community,266,Al Satwa,,quarter,2025-07-01,2025-09-30,median_rent_per_sqft,all,all,790.45,575,higher,[],2026-09-08,dlx-aggregates-2
community:266:quarter:2025-10-01:median_rent_per_sqft:all:all,community,266,Al Satwa,,quarter,2025-10-01,2025-12-31,median_rent_per_sqft,all,all,775.75,708,higher,[],2026-09-08,dlx-aggregates-2
community:266:quarter:2026-01-01:median_rent_per_sqft:all:all,community,266,Al Satwa,,quarter,2026-01-01,2026-03-31,median_rent_per_sqft,all,all,834.38,647,higher,[],2026-09-08,dlx-aggregates-2
community:266:quarter:2026-04-01:median_rent_per_sqft:all:all,community,266,Al Satwa,,quarter,2026-04-01,2026-06-30,median_rent_per_sqft,all,all,837.04,458,higher,[],2026-09-08,dlx-aggregates-2
community:266:quarter:2026-07-01:median_rent_per_sqft:all:all,community,266,Al Satwa,,quarter,2026-07-01,2026-09-30,median_rent_per_sqft,all,all,786.12,402,higher,[],2026-09-08,dlx-aggregates-2
community:267:quarter:2019-01-01:median_rent_per_sqft:all:all,community,267,Al Raffa,,quarter,2019-01-01,2019-03-31,median_rent_per_sqft,all,all,552.57,850,higher,[],2026-09-08,dlx-aggregates-2
community:267:quarter:2019-04-01:median_rent_per_sqft:all:all,community,267,Al Raffa,,quarter,2019-04-01,2019-06-30,median_rent_per_sqft,all,all,564.02,591,higher,[],2026-09-08,dlx-aggregates-2
community:267:quarter:2019-07-01:median_rent_per_sqft:all:all,community,267,Al Raffa,,quarter,2019-07-01,2019-09-30,median_rent_per_sqft,all,all,496.66,617,higher,[],2026-09-08,dlx-aggregates-2
community:267:quarter:2019-10-01:median_rent_per_sqft:all:all,community,267,Al Raffa,,quarter,2019-10-01,2019-12-31,median_rent_per_sqft,all,all,597.67,897,higher,[],2026-09-08,dlx-aggregates-2
community:267:quarter:2020-01-01:median_rent_per_sqft:all:all,community,267,Al Raffa,,quarter,2020-01-01,2020-03-31,median_rent_per_sqft,all,all,495.55,839,higher,[],2026-09-08,dlx-aggregates-2
community:267:quarter:2020-04-01:median_rent_per_sqft:all:all,community,267,Al Raffa,,quarter,2020-04-01,2020-06-30,median_rent_per_sqft,all,all,523.81,509,higher,[],2026-09-08,dlx-aggregates-2
community:267:quarter:2020-07-01:median_rent_per_sqft:all:all,community,267,Al Raffa,,quarter,2020-07-01,2020-09-30,median_rent_per_sqft,all,all,493.15,553,higher,[],2026-09-08,dlx-aggregates-2
community:267:quarter:2020-10-01:median_rent_per_sqft:all:all,community,267,Al Raffa,,quarter,2020-10-01,2020-12-31,median_rent_per_sqft,all,all,529.33,752,higher,[],2026-09-08,dlx-aggregates-2
community:267:quarter:2021-01-01:median_rent_per_sqft:all:all,community,267,Al Raffa,,quarter,2021-01-01,2021-03-31,median_rent_per_sqft,all,all,448.28,827,higher,[],2026-09-08,dlx-aggregates-2
community:267:quarter:2021-04-01:median_rent_per_sqft:all:all,community,267,Al Raffa,,quarter,2021-04-01,2021-06-30,median_rent_per_sqft,all,all,481.82,577,higher,[],2026-09-08,dlx-aggregates-2
community:267:quarter:2021-07-01:median_rent_per_sqft:all:all,community,267,Al Raffa,,quarter,2021-07-01,2021-09-30,median_rent_per_sqft,all,all,457.23,540,higher,[],2026-09-08,dlx-aggregates-2
community:267:quarter:2021-10-01:median_rent_per_sqft:all:all,community,267,Al Raffa,,quarter,2021-10-01,2021-12-31,median_rent_per_sqft,all,all,476.29,822,higher,[],2026-09-08,dlx-aggregates-2
community:267:quarter:2022-01-01:median_rent_per_sqft:all:all,community,267,Al Raffa,,quarter,2022-01-01,2022-03-31,median_rent_per_sqft,all,all,509.15,1148,higher,[],2026-09-08,dlx-aggregates-2
community:267:quarter:2022-04-01:median_rent_per_sqft:all:all,community,267,Al Raffa,,quarter,2022-04-01,2022-06-30,median_rent_per_sqft,all,all,486.95,612,higher,[],2026-09-08,dlx-aggregates-2
community:267:quarter:2022-07-01:median_rent_per_sqft:all:all,community,267,Al Raffa,,quarter,2022-07-01,2022-09-30,median_rent_per_sqft,all,all,481.25,589,higher,[],2026-09-08,dlx-aggregates-2
community:267:quarter:2022-10-01:median_rent_per_sqft:all:all,community,267,Al Raffa,,quarter,2022-10-01,2022-12-31,median_rent_per_sqft,all,all,511.35,737,higher,[],2026-09-08,dlx-aggregates-2
community:267:quarter:2023-01-01:median_rent_per_sqft:all:all,community,267,Al Raffa,,quarter,2023-01-01,2023-03-31,median_rent_per_sqft,all,all,483.93,994,higher,[],2026-09-08,dlx-aggregates-2
community:267:quarter:2023-04-01:median_rent_per_sqft:all:all,community,267,Al Raffa,,quarter,2023-04-01,2023-06-30,median_rent_per_sqft,all,all,499.13,727,higher,[],2026-09-08,dlx-aggregates-2
community:267:quarter:2023-07-01:median_rent_per_sqft:all:all,community,267,Al Raffa,,quarter,2023-07-01,2023-09-30,median_rent_per_sqft,all,all,497.33,703,higher,[],2026-09-08,dlx-aggregates-2
community:267:quarter:2023-10-01:median_rent_per_sqft:all:all,community,267,Al Raffa,,quarter,2023-10-01,2023-12-31,median_rent_per_sqft,all,all,534.62,770,higher,[],2026-09-08,dlx-aggregates-2
community:267:quarter:2024-01-01:median_rent_per_sqft:all:all,community,267,Al Raffa,,quarter,2024-01-01,2024-03-31,median_rent_per_sqft,all,all,504.76,990,higher,[],2026-09-08,dlx-aggregates-2
community:267:quarter:2024-04-01:median_rent_per_sqft:all:all,community,267,Al Raffa,,quarter,2024-04-01,2024-06-30,median_rent_per_sqft,all,all,538.21,731,higher,[],2026-09-08,dlx-aggregates-2
community:267:quarter:2024-07-01:median_rent_per_sqft:all:all,community,267,Al Raffa,,quarter,2024-07-01,2024-09-30,median_rent_per_sqft,all,all,536.48,742,higher,[],2026-09-08,dlx-aggregates-2
community:267:quarter:2024-10-01:median_rent_per_sqft:all:all,community,267,Al Raffa,,quarter,2024-10-01,2024-12-31,median_rent_per_sqft,all,all,606.35,1013,higher,[],2026-09-08,dlx-aggregates-2
community:267:quarter:2025-01-01:median_rent_per_sqft:all:all,community,267,Al Raffa,,quarter,2025-01-01,2025-03-31,median_rent_per_sqft,all,all,523.65,967,higher,[],2026-09-08,dlx-aggregates-2
community:267:quarter:2025-04-01:median_rent_per_sqft:all:all,community,267,Al Raffa,,quarter,2025-04-01,2025-06-30,median_rent_per_sqft,all,all,571.85,782,higher,[],2026-09-08,dlx-aggregates-2
community:267:quarter:2025-07-01:median_rent_per_sqft:all:all,community,267,Al Raffa,,quarter,2025-07-01,2025-09-30,median_rent_per_sqft,all,all,550.53,712,higher,[],2026-09-08,dlx-aggregates-2
community:267:quarter:2025-10-01:median_rent_per_sqft:all:all,community,267,Al Raffa,,quarter,2025-10-01,2025-12-31,median_rent_per_sqft,all,all,605.29,866,higher,[],2026-09-08,dlx-aggregates-2
community:267:quarter:2026-01-01:median_rent_per_sqft:all:all,community,267,Al Raffa,,quarter,2026-01-01,2026-03-31,median_rent_per_sqft,all,all,561.01,935,higher,[],2026-09-08,dlx-aggregates-2
community:267:quarter:2026-04-01:median_rent_per_sqft:all:all,community,267,Al Raffa,,quarter,2026-04-01,2026-06-30,median_rent_per_sqft,all,all,611.44,717,higher,[],2026-09-08,dlx-aggregates-2
community:267:quarter:2026-07-01:median_rent_per_sqft:all:all,community,267,Al Raffa,,quarter,2026-07-01,2026-09-30,median_rent_per_sqft,all,all,573.44,467,higher,[],2026-09-08,dlx-aggregates-2
community:269:quarter:2019-01-01:median_rent_per_sqft:all:all,community,269,Al Hamriya,,quarter,2019-01-01,2019-03-31,median_rent_per_sqft,all,all,600.0,380,higher,[],2026-09-08,dlx-aggregates-2
community:269:quarter:2019-04-01:median_rent_per_sqft:all:all,community,269,Al Hamriya,,quarter,2019-04-01,2019-06-30,median_rent_per_sqft,all,all,580.9,282,higher,[],2026-09-08,dlx-aggregates-2
community:269:quarter:2019-07-01:median_rent_per_sqft:all:all,community,269,Al Hamriya,,quarter,2019-07-01,2019-09-30,median_rent_per_sqft,all,all,578.51,280,higher,[],2026-09-08,dlx-aggregates-2
community:269:quarter:2019-10-01:median_rent_per_sqft:all:all,community,269,Al Hamriya,,quarter,2019-10-01,2019-12-31,median_rent_per_sqft,all,all,571.94,323,higher,[],2026-09-08,dlx-aggregates-2
community:269:quarter:2020-01-01:median_rent_per_sqft:all:all,community,269,Al Hamriya,,quarter,2020-01-01,2020-03-31,median_rent_per_sqft,all,all,542.64,398,higher,[],2026-09-08,dlx-aggregates-2
community:269:quarter:2020-04-01:median_rent_per_sqft:all:all,community,269,Al Hamriya,,quarter,2020-04-01,2020-06-30,median_rent_per_sqft,all,all,538.21,233,higher,[],2026-09-08,dlx-aggregates-2
community:269:quarter:2020-07-01:median_rent_per_sqft:all:all,community,269,Al Hamriya,,quarter,2020-07-01,2020-09-30,median_rent_per_sqft,all,all,528.26,288,higher,[],2026-09-08,dlx-aggregates-2
community:269:quarter:2020-10-01:median_rent_per_sqft:all:all,community,269,Al Hamriya,,quarter,2020-10-01,2020-12-31,median_rent_per_sqft,all,all,539.11,324,higher,[],2026-09-08,dlx-aggregates-2
community:269:quarter:2021-01-01:median_rent_per_sqft:all:all,community,269,Al Hamriya,,quarter,2021-01-01,2021-03-31,median_rent_per_sqft,all,all,461.63,452,higher,[],2026-09-08,dlx-aggregates-2
community:269:quarter:2021-04-01:median_rent_per_sqft:all:all,community,269,Al Hamriya,,quarter,2021-04-01,2021-06-30,median_rent_per_sqft,all,all,507.94,260,higher,[],2026-09-08,dlx-aggregates-2
community:269:quarter:2021-07-01:median_rent_per_sqft:all:all,community,269,Al Hamriya,,quarter,2021-07-01,2021-09-30,median_rent_per_sqft,all,all,493.36,307,higher,[],2026-09-08,dlx-aggregates-2
community:269:quarter:2021-10-01:median_rent_per_sqft:all:all,community,269,Al Hamriya,,quarter,2021-10-01,2021-12-31,median_rent_per_sqft,all,all,432.74,499,higher,[],2026-09-08,dlx-aggregates-2
community:269:quarter:2022-01-01:median_rent_per_sqft:all:all,community,269,Al Hamriya,,quarter,2022-01-01,2022-03-31,median_rent_per_sqft,all,all,469.71,430,higher,[],2026-09-08,dlx-aggregates-2
community:269:quarter:2022-04-01:median_rent_per_sqft:all:all,community,269,Al Hamriya,,quarter,2022-04-01,2022-06-30,median_rent_per_sqft,all,all,491.63,306,higher,[],2026-09-08,dlx-aggregates-2
community:269:quarter:2022-07-01:median_rent_per_sqft:all:all,community,269,Al Hamriya,,quarter,2022-07-01,2022-09-30,median_rent_per_sqft,all,all,493.36,302,higher,[],2026-09-08,dlx-aggregates-2
community:269:quarter:2022-10-01:median_rent_per_sqft:all:all,community,269,Al Hamriya,,quarter,2022-10-01,2022-12-31,median_rent_per_sqft,all,all,518.13,391,higher,[],2026-09-08,dlx-aggregates-2
community:269:quarter:2023-01-01:median_rent_per_sqft:all:all,community,269,Al Hamriya,,quarter,2023-01-01,2023-03-31,median_rent_per_sqft,all,all,527.21,448,higher,[],2026-09-08,dlx-aggregates-2
community:269:quarter:2023-04-01:median_rent_per_sqft:all:all,community,269,Al Hamriya,,quarter,2023-04-01,2023-06-30,median_rent_per_sqft,all,all,519.23,305,higher,[],2026-09-08,dlx-aggregates-2
community:269:quarter:2023-07-01:median_rent_per_sqft:all:all,community,269,Al Hamriya,,quarter,2023-07-01,2023-09-30,median_rent_per_sqft,all,all,529.92,297,higher,[],2026-09-08,dlx-aggregates-2
community:269:quarter:2023-10-01:median_rent_per_sqft:all:all,community,269,Al Hamriya,,quarter,2023-10-01,2023-12-31,median_rent_per_sqft,all,all,529.92,377,higher,[],2026-09-08,dlx-aggregates-2
community:269:quarter:2024-01-01:median_rent_per_sqft:all:all,community,269,Al Hamriya,,quarter,2024-01-01,2024-03-31,median_rent_per_sqft,all,all,550.59,450,higher,[],2026-09-08,dlx-aggregates-2
community:269:quarter:2024-04-01:median_rent_per_sqft:all:all,community,269,Al Hamriya,,quarter,2024-04-01,2024-06-30,median_rent_per_sqft,all,all,539.62,305,higher,[],2026-09-08,dlx-aggregates-2
community:269:quarter:2024-07-01:median_rent_per_sqft:all:all,community,269,Al Hamriya,,quarter,2024-07-01,2024-09-30,median_rent_per_sqft,all,all,541.88,325,higher,[],2026-09-08,dlx-aggregates-2
community:269:quarter:2024-10-01:median_rent_per_sqft:all:all,community,269,Al Hamriya,,quarter,2024-10-01,2024-12-31,median_rent_per_sqft,all,all,569.88,422,higher,[],2026-09-08,dlx-aggregates-2
community:269:quarter:2025-01-01:median_rent_per_sqft:all:all,community,269,Al Hamriya,,quarter,2025-01-01,2025-03-31,median_rent_per_sqft,all,all,580.18,434,higher,[],2026-09-08,dlx-aggregates-2
community:269:quarter:2025-04-01:median_rent_per_sqft:all:all,community,269,Al Hamriya,,quarter,2025-04-01,2025-06-30,median_rent_per_sqft,all,all,571.43,307,higher,[],2026-09-08,dlx-aggregates-2
community:269:quarter:2025-07-01:median_rent_per_sqft:all:all,community,269,Al Hamriya,,quarter,2025-07-01,2025-09-30,median_rent_per_sqft,all,all,564.44,305,higher,[],2026-09-08,dlx-aggregates-2
community:269:quarter:2025-10-01:median_rent_per_sqft:all:all,community,269,Al Hamriya,,quarter,2025-10-01,2025-12-31,median_rent_per_sqft,all,all,585.11,409,higher,[],2026-09-08,dlx-aggregates-2
community:269:quarter:2026-01-01:median_rent_per_sqft:all:all,community,269,Al Hamriya,,quarter,2026-01-01,2026-03-31,median_rent_per_sqft,all,all,621.02,450,higher,[],2026-09-08,dlx-aggregates-2
community:269:quarter:2026-04-01:median_rent_per_sqft:all:all,community,269,Al Hamriya,,quarter,2026-04-01,2026-06-30,median_rent_per_sqft,all,all,578.4,283,higher,[],2026-09-08,dlx-aggregates-2
community:269:quarter:2026-07-01:median_rent_per_sqft:all:all,community,269,Al Hamriya,,quarter,2026-07-01,2026-09-30,median_rent_per_sqft,all,all,595.25,186,moderate,[],2026-09-08,dlx-aggregates-2
community:271:quarter:2019-01-01:median_rent_per_sqft:all:all,community,271,Al Karama,,quarter,2019-01-01,2019-03-31,median_rent_per_sqft,all,all,599.72,1682,higher,[],2026-09-08,dlx-aggregates-2
community:271:quarter:2019-04-01:median_rent_per_sqft:all:all,community,271,Al Karama,,quarter,2019-04-01,2019-06-30,median_rent_per_sqft,all,all,603.85,1145,higher,[],2026-09-08,dlx-aggregates-2
community:271:quarter:2019-07-01:median_rent_per_sqft:all:all,community,271,Al Karama,,quarter,2019-07-01,2019-09-30,median_rent_per_sqft,all,all,587.14,1047,higher,[],2026-09-08,dlx-aggregates-2
community:271:quarter:2019-10-01:median_rent_per_sqft:all:all,community,271,Al Karama,,quarter,2019-10-01,2019-12-31,median_rent_per_sqft,all,all,599.09,974,higher,[],2026-09-08,dlx-aggregates-2
community:271:quarter:2020-01-01:median_rent_per_sqft:all:all,community,271,Al Karama,,quarter,2020-01-01,2020-03-31,median_rent_per_sqft,all,all,558.64,1608,higher,[],2026-09-08,dlx-aggregates-2
community:271:quarter:2020-04-01:median_rent_per_sqft:all:all,community,271,Al Karama,,quarter,2020-04-01,2020-06-30,median_rent_per_sqft,all,all,552.78,985,higher,[],2026-09-08,dlx-aggregates-2
community:271:quarter:2020-07-01:median_rent_per_sqft:all:all,community,271,Al Karama,,quarter,2020-07-01,2020-09-30,median_rent_per_sqft,all,all,528.36,1044,higher,[],2026-09-08,dlx-aggregates-2
community:271:quarter:2020-10-01:median_rent_per_sqft:all:all,community,271,Al Karama,,quarter,2020-10-01,2020-12-31,median_rent_per_sqft,all,all,525.84,1038,higher,[],2026-09-08,dlx-aggregates-2
community:271:quarter:2021-01-01:median_rent_per_sqft:all:all,community,271,Al Karama,,quarter,2021-01-01,2021-03-31,median_rent_per_sqft,all,all,507.89,1580,higher,[],2026-09-08,dlx-aggregates-2
community:271:quarter:2021-04-01:median_rent_per_sqft:all:all,community,271,Al Karama,,quarter,2021-04-01,2021-06-30,median_rent_per_sqft,all,all,505.19,1032,higher,[],2026-09-08,dlx-aggregates-2
community:271:quarter:2021-07-01:median_rent_per_sqft:all:all,community,271,Al Karama,,quarter,2021-07-01,2021-09-30,median_rent_per_sqft,all,all,510.16,1076,higher,[],2026-09-08,dlx-aggregates-2
community:271:quarter:2021-10-01:median_rent_per_sqft:all:all,community,271,Al Karama,,quarter,2021-10-01,2021-12-31,median_rent_per_sqft,all,all,500.0,1105,higher,[],2026-09-08,dlx-aggregates-2
community:271:quarter:2022-01-01:median_rent_per_sqft:all:all,community,271,Al Karama,,quarter,2022-01-01,2022-03-31,median_rent_per_sqft,all,all,499.04,1559,higher,[],2026-09-08,dlx-aggregates-2
community:271:quarter:2022-04-01:median_rent_per_sqft:all:all,community,271,Al Karama,,quarter,2022-04-01,2022-06-30,median_rent_per_sqft,all,all,500.0,1080,higher,[],2026-09-08,dlx-aggregates-2
community:271:quarter:2022-07-01:median_rent_per_sqft:all:all,community,271,Al Karama,,quarter,2022-07-01,2022-09-30,median_rent_per_sqft,all,all,516.26,1164,higher,[],2026-09-08,dlx-aggregates-2
community:271:quarter:2022-10-01:median_rent_per_sqft:all:all,community,271,Al Karama,,quarter,2022-10-01,2022-12-31,median_rent_per_sqft,all,all,516.62,1151,higher,[],2026-09-08,dlx-aggregates-2
community:271:quarter:2023-01-01:median_rent_per_sqft:all:all,community,271,Al Karama,,quarter,2023-01-01,2023-03-31,median_rent_per_sqft,all,all,533.96,1892,higher,[],2026-09-08,dlx-aggregates-2
community:271:quarter:2023-04-01:median_rent_per_sqft:all:all,community,271,Al Karama,,quarter,2023-04-01,2023-06-30,median_rent_per_sqft,all,all,542.08,1400,higher,[],2026-09-08,dlx-aggregates-2
community:271:quarter:2023-07-01:median_rent_per_sqft:all:all,community,271,Al Karama,,quarter,2023-07-01,2023-09-30,median_rent_per_sqft,all,all,531.04,1249,higher,[],2026-09-08,dlx-aggregates-2
community:271:quarter:2023-10-01:median_rent_per_sqft:all:all,community,271,Al Karama,,quarter,2023-10-01,2023-12-31,median_rent_per_sqft,all,all,585.85,1585,higher,[],2026-09-08,dlx-aggregates-2
community:271:quarter:2024-01-01:median_rent_per_sqft:all:all,community,271,Al Karama,,quarter,2024-01-01,2024-03-31,median_rent_per_sqft,all,all,551.79,1850,higher,[],2026-09-08,dlx-aggregates-2
community:271:quarter:2024-04-01:median_rent_per_sqft:all:all,community,271,Al Karama,,quarter,2024-04-01,2024-06-30,median_rent_per_sqft,all,all,556.29,1200,higher,[],2026-09-08,dlx-aggregates-2
community:271:quarter:2024-07-01:median_rent_per_sqft:all:all,community,271,Al Karama,,quarter,2024-07-01,2024-09-30,median_rent_per_sqft,all,all,565.14,1197,higher,[],2026-09-08,dlx-aggregates-2
community:271:quarter:2024-10-01:median_rent_per_sqft:all:all,community,271,Al Karama,,quarter,2024-10-01,2024-12-31,median_rent_per_sqft,all,all,575.07,1127,higher,[],2026-09-08,dlx-aggregates-2
community:271:quarter:2025-01-01:median_rent_per_sqft:all:all,community,271,Al Karama,,quarter,2025-01-01,2025-03-31,median_rent_per_sqft,all,all,594.61,1917,higher,[],2026-09-08,dlx-aggregates-2
community:271:quarter:2025-04-01:median_rent_per_sqft:all:all,community,271,Al Karama,,quarter,2025-04-01,2025-06-30,median_rent_per_sqft,all,all,575.62,1149,higher,[],2026-09-08,dlx-aggregates-2
community:271:quarter:2025-07-01:median_rent_per_sqft:all:all,community,271,Al Karama,,quarter,2025-07-01,2025-09-30,median_rent_per_sqft,all,all,579.87,1129,higher,[],2026-09-08,dlx-aggregates-2
community:271:quarter:2025-10-01:median_rent_per_sqft:all:all,community,271,Al Karama,,quarter,2025-10-01,2025-12-31,median_rent_per_sqft,all,all,586.38,1089,higher,[],2026-09-08,dlx-aggregates-2
community:271:quarter:2026-01-01:median_rent_per_sqft:all:all,community,271,Al Karama,,quarter,2026-01-01,2026-03-31,median_rent_per_sqft,all,all,616.86,1769,higher,[],2026-09-08,dlx-aggregates-2
community:271:quarter:2026-04-01:median_rent_per_sqft:all:all,community,271,Al Karama,,quarter,2026-04-01,2026-06-30,median_rent_per_sqft,all,all,601.27,1081,higher,[],2026-09-08,dlx-aggregates-2
community:271:quarter:2026-07-01:median_rent_per_sqft:all:all,community,271,Al Karama,,quarter,2026-07-01,2026-09-30,median_rent_per_sqft,all,all,595.84,791,higher,[],2026-09-08,dlx-aggregates-2
community:276:quarter:2019-01-01:median_rent_per_sqft:all:all,community,276,Al Bada,,quarter,2019-01-01,2019-03-31,median_rent_per_sqft,all,all,518.13,453,higher,[],2026-09-08,dlx-aggregates-2
community:276:quarter:2019-04-01:median_rent_per_sqft:all:all,community,276,Al Bada,,quarter,2019-04-01,2019-06-30,median_rent_per_sqft,all,all,538.19,344,higher,[],2026-09-08,dlx-aggregates-2
community:276:quarter:2019-07-01:median_rent_per_sqft:all:all,community,276,Al Bada,,quarter,2019-07-01,2019-09-30,median_rent_per_sqft,all,all,518.13,451,higher,[],2026-09-08,dlx-aggregates-2
community:276:quarter:2019-10-01:median_rent_per_sqft:all:all,community,276,Al Bada,,quarter,2019-10-01,2019-12-31,median_rent_per_sqft,all,all,518.13,339,higher,[],2026-09-08,dlx-aggregates-2
community:276:quarter:2020-01-01:median_rent_per_sqft:all:all,community,276,Al Bada,,quarter,2020-01-01,2020-03-31,median_rent_per_sqft,all,all,498.01,464,higher,[],2026-09-08,dlx-aggregates-2
community:276:quarter:2020-04-01:median_rent_per_sqft:all:all,community,276,Al Bada,,quarter,2020-04-01,2020-06-30,median_rent_per_sqft,all,all,511.97,290,higher,[],2026-09-08,dlx-aggregates-2
community:276:quarter:2020-07-01:median_rent_per_sqft:all:all,community,276,Al Bada,,quarter,2020-07-01,2020-09-30,median_rent_per_sqft,all,all,472.4,482,higher,[],2026-09-08,dlx-aggregates-2
community:276:quarter:2020-10-01:median_rent_per_sqft:all:all,community,276,Al Bada,,quarter,2020-10-01,2020-12-31,median_rent_per_sqft,all,all,466.43,391,higher,[],2026-09-08,dlx-aggregates-2
community:276:quarter:2021-01-01:median_rent_per_sqft:all:all,community,276,Al Bada,,quarter,2021-01-01,2021-03-31,median_rent_per_sqft,all,all,449.07,530,higher,[],2026-09-08,dlx-aggregates-2
community:276:quarter:2021-04-01:median_rent_per_sqft:all:all,community,276,Al Bada,,quarter,2021-04-01,2021-06-30,median_rent_per_sqft,all,all,450.0,393,higher,[],2026-09-08,dlx-aggregates-2
community:276:quarter:2021-07-01:median_rent_per_sqft:all:all,community,276,Al Bada,,quarter,2021-07-01,2021-09-30,median_rent_per_sqft,all,all,434.56,470,higher,[],2026-09-08,dlx-aggregates-2
community:276:quarter:2021-10-01:median_rent_per_sqft:all:all,community,276,Al Bada,,quarter,2021-10-01,2021-12-31,median_rent_per_sqft,all,all,466.43,435,higher,[],2026-09-08,dlx-aggregates-2
community:276:quarter:2022-01-01:median_rent_per_sqft:all:all,community,276,Al Bada,,quarter,2022-01-01,2022-03-31,median_rent_per_sqft,all,all,466.43,549,higher,[],2026-09-08,dlx-aggregates-2
community:276:quarter:2022-04-01:median_rent_per_sqft:all:all,community,276,Al Bada,,quarter,2022-04-01,2022-06-30,median_rent_per_sqft,all,all,465.07,414,higher,[],2026-09-08,dlx-aggregates-2
community:276:quarter:2022-07-01:median_rent_per_sqft:all:all,community,276,Al Bada,,quarter,2022-07-01,2022-09-30,median_rent_per_sqft,all,all,465.81,501,higher,[],2026-09-08,dlx-aggregates-2
community:276:quarter:2022-10-01:median_rent_per_sqft:all:all,community,276,Al Bada,,quarter,2022-10-01,2022-12-31,median_rent_per_sqft,all,all,490.71,471,higher,[],2026-09-08,dlx-aggregates-2
community:276:quarter:2023-01-01:median_rent_per_sqft:all:all,community,276,Al Bada,,quarter,2023-01-01,2023-03-31,median_rent_per_sqft,all,all,496.81,577,higher,[],2026-09-08,dlx-aggregates-2
community:276:quarter:2023-04-01:median_rent_per_sqft:all:all,community,276,Al Bada,,quarter,2023-04-01,2023-06-30,median_rent_per_sqft,all,all,489.2,421,higher,[],2026-09-08,dlx-aggregates-2
community:276:quarter:2023-07-01:median_rent_per_sqft:all:all,community,276,Al Bada,,quarter,2023-07-01,2023-09-30,median_rent_per_sqft,all,all,494.96,525,higher,[],2026-09-08,dlx-aggregates-2
community:276:quarter:2023-10-01:median_rent_per_sqft:all:all,community,276,Al Bada,,quarter,2023-10-01,2023-12-31,median_rent_per_sqft,all,all,508.6,473,higher,[],2026-09-08,dlx-aggregates-2
community:276:quarter:2024-01-01:median_rent_per_sqft:all:all,community,276,Al Bada,,quarter,2024-01-01,2024-03-31,median_rent_per_sqft,all,all,520.52,598,higher,[],2026-09-08,dlx-aggregates-2
community:276:quarter:2024-04-01:median_rent_per_sqft:all:all,community,276,Al Bada,,quarter,2024-04-01,2024-06-30,median_rent_per_sqft,all,all,536.4,468,higher,[],2026-09-08,dlx-aggregates-2
community:276:quarter:2024-07-01:median_rent_per_sqft:all:all,community,276,Al Bada,,quarter,2024-07-01,2024-09-30,median_rent_per_sqft,all,all,536.4,536,higher,[],2026-09-08,dlx-aggregates-2
community:276:quarter:2024-10-01:median_rent_per_sqft:all:all,community,276,Al Bada,,quarter,2024-10-01,2024-12-31,median_rent_per_sqft,all,all,539.49,491,higher,[],2026-09-08,dlx-aggregates-2
community:276:quarter:2025-01-01:median_rent_per_sqft:all:all,community,276,Al Bada,,quarter,2025-01-01,2025-03-31,median_rent_per_sqft,all,all,570.82,614,higher,[],2026-09-08,dlx-aggregates-2
community:276:quarter:2025-04-01:median_rent_per_sqft:all:all,community,276,Al Bada,,quarter,2025-04-01,2025-06-30,median_rent_per_sqft,all,all,565.85,474,higher,[],2026-09-08,dlx-aggregates-2
community:276:quarter:2025-07-01:median_rent_per_sqft:all:all,community,276,Al Bada,,quarter,2025-07-01,2025-09-30,median_rent_per_sqft,all,all,577.8,578,higher,[],2026-09-08,dlx-aggregates-2
community:276:quarter:2025-10-01:median_rent_per_sqft:all:all,community,276,Al Bada,,quarter,2025-10-01,2025-12-31,median_rent_per_sqft,all,all,575.43,492,higher,[],2026-09-08,dlx-aggregates-2
community:276:quarter:2026-01-01:median_rent_per_sqft:all:all,community,276,Al Bada,,quarter,2026-01-01,2026-03-31,median_rent_per_sqft,all,all,600.88,564,higher,[],2026-09-08,dlx-aggregates-2
community:276:quarter:2026-04-01:median_rent_per_sqft:all:all,community,276,Al Bada,,quarter,2026-04-01,2026-06-30,median_rent_per_sqft,all,all,585.88,422,higher,[],2026-09-08,dlx-aggregates-2
community:276:quarter:2026-07-01:median_rent_per_sqft:all:all,community,276,Al Bada,,quarter,2026-07-01,2026-09-30,median_rent_per_sqft,all,all,582.3,388,higher,[],2026-09-08,dlx-aggregates-2
community:278:quarter:2019-01-01:median_rent_per_sqft:all:all,community,278,Mankhool,,quarter,2019-01-01,2019-03-31,median_rent_per_sqft,all,all,626.07,1380,higher,[],2026-09-08,dlx-aggregates-2
community:278:quarter:2019-04-01:median_rent_per_sqft:all:all,community,278,Mankhool,,quarter,2019-04-01,2019-06-30,median_rent_per_sqft,all,all,627.88,1329,higher,[],2026-09-08,dlx-aggregates-2
community:278:quarter:2019-07-01:median_rent_per_sqft:all:all,community,278,Mankhool,,quarter,2019-07-01,2019-09-30,median_rent_per_sqft,all,all,619.58,1353,higher,[],2026-09-08,dlx-aggregates-2
community:278:quarter:2019-10-01:median_rent_per_sqft:all:all,community,278,Mankhool,,quarter,2019-10-01,2019-12-31,median_rent_per_sqft,all,all,593.32,1306,higher,[],2026-09-08,dlx-aggregates-2
community:278:quarter:2020-01-01:median_rent_per_sqft:all:all,community,278,Mankhool,,quarter,2020-01-01,2020-03-31,median_rent_per_sqft,all,all,583.06,1399,higher,[],2026-09-08,dlx-aggregates-2
community:278:quarter:2020-04-01:median_rent_per_sqft:all:all,community,278,Mankhool,,quarter,2020-04-01,2020-06-30,median_rent_per_sqft,all,all,581.27,1205,higher,[],2026-09-08,dlx-aggregates-2
community:278:quarter:2020-07-01:median_rent_per_sqft:all:all,community,278,Mankhool,,quarter,2020-07-01,2020-09-30,median_rent_per_sqft,all,all,575.54,1277,higher,[],2026-09-08,dlx-aggregates-2
community:278:quarter:2020-10-01:median_rent_per_sqft:all:all,community,278,Mankhool,,quarter,2020-10-01,2020-12-31,median_rent_per_sqft,all,all,538.21,1157,higher,[],2026-09-08,dlx-aggregates-2
community:278:quarter:2021-01-01:median_rent_per_sqft:all:all,community,278,Mankhool,,quarter,2021-01-01,2021-03-31,median_rent_per_sqft,all,all,523.81,1319,higher,[],2026-09-08,dlx-aggregates-2
community:278:quarter:2021-04-01:median_rent_per_sqft:all:all,community,278,Mankhool,,quarter,2021-04-01,2021-06-30,median_rent_per_sqft,all,all,519.83,1069,higher,[],2026-09-08,dlx-aggregates-2
community:278:quarter:2021-07-01:median_rent_per_sqft:all:all,community,278,Mankhool,,quarter,2021-07-01,2021-09-30,median_rent_per_sqft,all,all,513.85,1232,higher,[],2026-09-08,dlx-aggregates-2
community:278:quarter:2021-10-01:median_rent_per_sqft:all:all,community,278,Mankhool,,quarter,2021-10-01,2021-12-31,median_rent_per_sqft,all,all,518.52,1451,higher,[],2026-09-08,dlx-aggregates-2
community:278:quarter:2022-01-01:median_rent_per_sqft:all:all,community,278,Mankhool,,quarter,2022-01-01,2022-03-31,median_rent_per_sqft,all,all,508.98,1515,higher,[],2026-09-08,dlx-aggregates-2
community:278:quarter:2022-04-01:median_rent_per_sqft:all:all,community,278,Mankhool,,quarter,2022-04-01,2022-06-30,median_rent_per_sqft,all,all,527.01,1318,higher,[],2026-09-08,dlx-aggregates-2
community:278:quarter:2022-07-01:median_rent_per_sqft:all:all,community,278,Mankhool,,quarter,2022-07-01,2022-09-30,median_rent_per_sqft,all,all,521.83,1347,higher,[],2026-09-08,dlx-aggregates-2
community:278:quarter:2022-10-01:median_rent_per_sqft:all:all,community,278,Mankhool,,quarter,2022-10-01,2022-12-31,median_rent_per_sqft,all,all,546.11,1649,higher,[],2026-09-08,dlx-aggregates-2
community:278:quarter:2023-01-01:median_rent_per_sqft:all:all,community,278,Mankhool,,quarter,2023-01-01,2023-03-31,median_rent_per_sqft,all,all,543.03,1678,higher,[],2026-09-08,dlx-aggregates-2
community:278:quarter:2023-04-01:median_rent_per_sqft:all:all,community,278,Mankhool,,quarter,2023-04-01,2023-06-30,median_rent_per_sqft,all,all,558.24,1464,higher,[],2026-09-08,dlx-aggregates-2
community:278:quarter:2023-07-01:median_rent_per_sqft:all:all,community,278,Mankhool,,quarter,2023-07-01,2023-09-30,median_rent_per_sqft,all,all,550.43,1501,higher,[],2026-09-08,dlx-aggregates-2
community:278:quarter:2023-10-01:median_rent_per_sqft:all:all,community,278,Mankhool,,quarter,2023-10-01,2023-12-31,median_rent_per_sqft,all,all,588.7,1686,higher,[],2026-09-08,dlx-aggregates-2
community:278:quarter:2024-01-01:median_rent_per_sqft:all:all,community,278,Mankhool,,quarter,2024-01-01,2024-03-31,median_rent_per_sqft,all,all,582.72,1716,higher,[],2026-09-08,dlx-aggregates-2
community:278:quarter:2024-04-01:median_rent_per_sqft:all:all,community,278,Mankhool,,quarter,2024-04-01,2024-06-30,median_rent_per_sqft,all,all,600.8,1543,higher,[],2026-09-08,dlx-aggregates-2
community:278:quarter:2024-07-01:median_rent_per_sqft:all:all,community,278,Mankhool,,quarter,2024-07-01,2024-09-30,median_rent_per_sqft,all,all,595.2,1610,higher,[],2026-09-08,dlx-aggregates-2
community:278:quarter:2024-10-01:median_rent_per_sqft:all:all,community,278,Mankhool,,quarter,2024-10-01,2024-12-31,median_rent_per_sqft,all,all,655.17,1957,higher,[],2026-09-08,dlx-aggregates-2
community:278:quarter:2025-01-01:median_rent_per_sqft:all:all,community,278,Mankhool,,quarter,2025-01-01,2025-03-31,median_rent_per_sqft,all,all,610.24,1696,higher,[],2026-09-08,dlx-aggregates-2
community:278:quarter:2025-04-01:median_rent_per_sqft:all:all,community,278,Mankhool,,quarter,2025-04-01,2025-06-30,median_rent_per_sqft,all,all,635.15,1615,higher,[],2026-09-08,dlx-aggregates-2
community:278:quarter:2025-07-01:median_rent_per_sqft:all:all,community,278,Mankhool,,quarter,2025-07-01,2025-09-30,median_rent_per_sqft,all,all,624.55,1717,higher,[],2026-09-08,dlx-aggregates-2
community:278:quarter:2025-10-01:median_rent_per_sqft:all:all,community,278,Mankhool,,quarter,2025-10-01,2025-12-31,median_rent_per_sqft,all,all,681.82,1973,higher,[],2026-09-08,dlx-aggregates-2
community:278:quarter:2026-01-01:median_rent_per_sqft:all:all,community,278,Mankhool,,quarter,2026-01-01,2026-03-31,median_rent_per_sqft,all,all,634.01,1646,higher,[],2026-09-08,dlx-aggregates-2
community:278:quarter:2026-04-01:median_rent_per_sqft:all:all,community,278,Mankhool,,quarter,2026-04-01,2026-06-30,median_rent_per_sqft,all,all,655.66,1489,higher,[],2026-09-08,dlx-aggregates-2
community:278:quarter:2026-07-01:median_rent_per_sqft:all:all,community,278,Mankhool,,quarter,2026-07-01,2026-09-30,median_rent_per_sqft,all,all,627.02,1094,higher,[],2026-09-08,dlx-aggregates-2
community:297:quarter:2019-01-01:median_rent_per_sqft:all:all,community,297,Al Warqa First,,quarter,2019-01-01,2019-03-31,median_rent_per_sqft,all,all,515.3,709,higher,[],2026-09-08,dlx-aggregates-2
community:297:quarter:2019-04-01:median_rent_per_sqft:all:all,community,297,Al Warqa First,,quarter,2019-04-01,2019-06-30,median_rent_per_sqft,all,all,485.44,601,higher,[],2026-09-08,dlx-aggregates-2
community:297:quarter:2019-07-01:median_rent_per_sqft:all:all,community,297,Al Warqa First,,quarter,2019-07-01,2019-09-30,median_rent_per_sqft,all,all,490.2,795,higher,[],2026-09-08,dlx-aggregates-2
community:297:quarter:2019-10-01:median_rent_per_sqft:all:all,community,297,Al Warqa First,,quarter,2019-10-01,2019-12-31,median_rent_per_sqft,all,all,473.32,670,higher,[],2026-09-08,dlx-aggregates-2
community:297:quarter:2020-01-01:median_rent_per_sqft:all:all,community,297,Al Warqa First,,quarter,2020-01-01,2020-03-31,median_rent_per_sqft,all,all,480.23,921,higher,[],2026-09-08,dlx-aggregates-2
community:297:quarter:2020-04-01:median_rent_per_sqft:all:all,community,297,Al Warqa First,,quarter,2020-04-01,2020-06-30,median_rent_per_sqft,all,all,433.41,579,higher,[],2026-09-08,dlx-aggregates-2
community:297:quarter:2020-07-01:median_rent_per_sqft:all:all,community,297,Al Warqa First,,quarter,2020-07-01,2020-09-30,median_rent_per_sqft,all,all,427.15,918,higher,[],2026-09-08,dlx-aggregates-2
community:297:quarter:2020-10-01:median_rent_per_sqft:all:all,community,297,Al Warqa First,,quarter,2020-10-01,2020-12-31,median_rent_per_sqft,all,all,404.41,712,higher,[],2026-09-08,dlx-aggregates-2
community:297:quarter:2021-01-01:median_rent_per_sqft:all:all,community,297,Al Warqa First,,quarter,2021-01-01,2021-03-31,median_rent_per_sqft,all,all,402.52,874,higher,[],2026-09-08,dlx-aggregates-2
community:297:quarter:2021-04-01:median_rent_per_sqft:all:all,community,297,Al Warqa First,,quarter,2021-04-01,2021-06-30,median_rent_per_sqft,all,all,376.83,867,higher,[],2026-09-08,dlx-aggregates-2
community:297:quarter:2021-07-01:median_rent_per_sqft:all:all,community,297,Al Warqa First,,quarter,2021-07-01,2021-09-30,median_rent_per_sqft,all,all,390.99,1006,higher,[],2026-09-08,dlx-aggregates-2
community:297:quarter:2021-10-01:median_rent_per_sqft:all:all,community,297,Al Warqa First,,quarter,2021-10-01,2021-12-31,median_rent_per_sqft,all,all,392.16,848,higher,[],2026-09-08,dlx-aggregates-2
community:297:quarter:2022-01-01:median_rent_per_sqft:all:all,community,297,Al Warqa First,,quarter,2022-01-01,2022-03-31,median_rent_per_sqft,all,all,399.81,1045,higher,[],2026-09-08,dlx-aggregates-2
community:297:quarter:2022-04-01:median_rent_per_sqft:all:all,community,297,Al Warqa First,,quarter,2022-04-01,2022-06-30,median_rent_per_sqft,all,all,410.71,885,higher,[],2026-09-08,dlx-aggregates-2
community:297:quarter:2022-07-01:median_rent_per_sqft:all:all,community,297,Al Warqa First,,quarter,2022-07-01,2022-09-30,median_rent_per_sqft,all,all,409.37,1095,higher,[],2026-09-08,dlx-aggregates-2
community:297:quarter:2022-10-01:median_rent_per_sqft:all:all,community,297,Al Warqa First,,quarter,2022-10-01,2022-12-31,median_rent_per_sqft,all,all,425.89,918,higher,[],2026-09-08,dlx-aggregates-2
community:297:quarter:2023-01-01:median_rent_per_sqft:all:all,community,297,Al Warqa First,,quarter,2023-01-01,2023-03-31,median_rent_per_sqft,all,all,431.37,1153,higher,[],2026-09-08,dlx-aggregates-2
community:297:quarter:2023-04-01:median_rent_per_sqft:all:all,community,297,Al Warqa First,,quarter,2023-04-01,2023-06-30,median_rent_per_sqft,all,all,445.96,956,higher,[],2026-09-08,dlx-aggregates-2
community:297:quarter:2023-07-01:median_rent_per_sqft:all:all,community,297,Al Warqa First,,quarter,2023-07-01,2023-09-30,median_rent_per_sqft,all,all,449.81,1134,higher,[],2026-09-08,dlx-aggregates-2
community:297:quarter:2023-10-01:median_rent_per_sqft:all:all,community,297,Al Warqa First,,quarter,2023-10-01,2023-12-31,median_rent_per_sqft,all,all,462.05,961,higher,[],2026-09-08,dlx-aggregates-2
community:297:quarter:2024-01-01:median_rent_per_sqft:all:all,community,297,Al Warqa First,,quarter,2024-01-01,2024-03-31,median_rent_per_sqft,all,all,468.0,1203,higher,[],2026-09-08,dlx-aggregates-2
community:297:quarter:2024-04-01:median_rent_per_sqft:all:all,community,297,Al Warqa First,,quarter,2024-04-01,2024-06-30,median_rent_per_sqft,all,all,470.59,933,higher,[],2026-09-08,dlx-aggregates-2
community:297:quarter:2024-07-01:median_rent_per_sqft:all:all,community,297,Al Warqa First,,quarter,2024-07-01,2024-09-30,median_rent_per_sqft,all,all,510.13,1296,higher,[],2026-09-08,dlx-aggregates-2
community:297:quarter:2024-10-01:median_rent_per_sqft:all:all,community,297,Al Warqa First,,quarter,2024-10-01,2024-12-31,median_rent_per_sqft,all,all,511.0,1035,higher,[],2026-09-08,dlx-aggregates-2
community:297:quarter:2025-01-01:median_rent_per_sqft:all:all,community,297,Al Warqa First,,quarter,2025-01-01,2025-03-31,median_rent_per_sqft,all,all,505.35,1232,higher,[],2026-09-08,dlx-aggregates-2
community:297:quarter:2025-04-01:median_rent_per_sqft:all:all,community,297,Al Warqa First,,quarter,2025-04-01,2025-06-30,median_rent_per_sqft,all,all,504.03,975,higher,[],2026-09-08,dlx-aggregates-2
community:297:quarter:2025-07-01:median_rent_per_sqft:all:all,community,297,Al Warqa First,,quarter,2025-07-01,2025-09-30,median_rent_per_sqft,all,all,537.12,1376,higher,[],2026-09-08,dlx-aggregates-2
community:297:quarter:2025-10-01:median_rent_per_sqft:all:all,community,297,Al Warqa First,,quarter,2025-10-01,2025-12-31,median_rent_per_sqft,all,all,539.22,1072,higher,[],2026-09-08,dlx-aggregates-2
community:297:quarter:2026-01-01:median_rent_per_sqft:all:all,community,297,Al Warqa First,,quarter,2026-01-01,2026-03-31,median_rent_per_sqft,all,all,524.38,1232,higher,[],2026-09-08,dlx-aggregates-2
community:297:quarter:2026-04-01:median_rent_per_sqft:all:all,community,297,Al Warqa First,,quarter,2026-04-01,2026-06-30,median_rent_per_sqft,all,all,526.73,882,higher,[],2026-09-08,dlx-aggregates-2
community:297:quarter:2026-07-01:median_rent_per_sqft:all:all,community,297,Al Warqa First,,quarter,2026-07-01,2026-09-30,median_rent_per_sqft,all,all,561.69,803,higher,[],2026-09-08,dlx-aggregates-2
community:298:quarter:2020-07-01:median_rent_per_sqft:all:all,community,298,Al Warqa Third,,quarter,2020-07-01,2020-09-30,median_rent_per_sqft,all,all,151.19,36,moderate,[],2026-09-08,dlx-aggregates-2
community:298:quarter:2021-01-01:median_rent_per_sqft:all:all,community,298,Al Warqa Third,,quarter,2021-01-01,2021-03-31,median_rent_per_sqft,all,all,152.84,32,moderate,[],2026-09-08,dlx-aggregates-2
community:298:quarter:2021-07-01:median_rent_per_sqft:all:all,community,298,Al Warqa Third,,quarter,2021-07-01,2021-09-30,median_rent_per_sqft,all,all,173.79,33,moderate,[],2026-09-08,dlx-aggregates-2
community:298:quarter:2022-04-01:median_rent_per_sqft:all:all,community,298,Al Warqa Third,,quarter,2022-04-01,2022-06-30,median_rent_per_sqft,all,all,156.46,30,moderate,[],2026-09-08,dlx-aggregates-2
community:298:quarter:2022-07-01:median_rent_per_sqft:all:all,community,298,Al Warqa Third,,quarter,2022-07-01,2022-09-30,median_rent_per_sqft,all,all,167.04,36,moderate,[],2026-09-08,dlx-aggregates-2
community:298:quarter:2023-01-01:median_rent_per_sqft:all:all,community,298,Al Warqa Third,,quarter,2023-01-01,2023-03-31,median_rent_per_sqft,all,all,172.72,36,moderate,[],2026-09-08,dlx-aggregates-2
community:298:quarter:2023-07-01:median_rent_per_sqft:all:all,community,298,Al Warqa Third,,quarter,2023-07-01,2023-09-30,median_rent_per_sqft,all,all,206.4,38,moderate,[],2026-09-08,dlx-aggregates-2
community:298:quarter:2024-01-01:median_rent_per_sqft:all:all,community,298,Al Warqa Third,,quarter,2024-01-01,2024-03-31,median_rent_per_sqft,all,all,213.33,34,moderate,[],2026-09-08,dlx-aggregates-2
community:298:quarter:2024-07-01:median_rent_per_sqft:all:all,community,298,Al Warqa Third,,quarter,2024-07-01,2024-09-30,median_rent_per_sqft,all,all,208.26,40,moderate,[],2026-09-08,dlx-aggregates-2
community:298:quarter:2024-10-01:median_rent_per_sqft:all:all,community,298,Al Warqa Third,,quarter,2024-10-01,2024-12-31,median_rent_per_sqft,all,all,184.2,36,moderate,[],2026-09-08,dlx-aggregates-2
community:298:quarter:2025-01-01:median_rent_per_sqft:all:all,community,298,Al Warqa Third,,quarter,2025-01-01,2025-03-31,median_rent_per_sqft,all,all,213.85,36,moderate,[],2026-09-08,dlx-aggregates-2
community:298:quarter:2025-04-01:median_rent_per_sqft:all:all,community,298,Al Warqa Third,,quarter,2025-04-01,2025-06-30,median_rent_per_sqft,all,all,229.89,33,moderate,[],2026-09-08,dlx-aggregates-2
community:298:quarter:2025-07-01:median_rent_per_sqft:all:all,community,298,Al Warqa Third,,quarter,2025-07-01,2025-09-30,median_rent_per_sqft,all,all,212.26,38,moderate,[],2026-09-08,dlx-aggregates-2
community:298:quarter:2025-10-01:median_rent_per_sqft:all:all,community,298,Al Warqa Third,,quarter,2025-10-01,2025-12-31,median_rent_per_sqft,all,all,199.09,34,moderate,[],2026-09-08,dlx-aggregates-2
community:298:quarter:2026-01-01:median_rent_per_sqft:all:all,community,298,Al Warqa Third,,quarter,2026-01-01,2026-03-31,median_rent_per_sqft,all,all,222.74,38,moderate,[],2026-09-08,dlx-aggregates-2
community:298:quarter:2026-04-01:median_rent_per_sqft:all:all,community,298,Al Warqa Third,,quarter,2026-04-01,2026-06-30,median_rent_per_sqft,all,all,198.94,35,moderate,[],2026-09-08,dlx-aggregates-2
community:299:quarter:2025-10-01:median_rent_per_sqft:all:all,community,299,Al Warqa Fourth,,quarter,2025-10-01,2025-12-31,median_rent_per_sqft,all,all,355.83,31,moderate,[],2026-09-08,dlx-aggregates-2
community:300:quarter:2019-01-01:median_rent_per_sqft:all:all,community,300,Al Rashidiya,,quarter,2019-01-01,2019-03-31,median_rent_per_sqft,all,all,252.61,158,moderate,[],2026-09-08,dlx-aggregates-2
community:300:quarter:2019-04-01:median_rent_per_sqft:all:all,community,300,Al Rashidiya,,quarter,2019-04-01,2019-06-30,median_rent_per_sqft,all,all,329.56,122,moderate,[],2026-09-08,dlx-aggregates-2
community:300:quarter:2019-07-01:median_rent_per_sqft:all:all,community,300,Al Rashidiya,,quarter,2019-07-01,2019-09-30,median_rent_per_sqft,all,all,366.97,127,moderate,[],2026-09-08,dlx-aggregates-2
community:300:quarter:2019-10-01:median_rent_per_sqft:all:all,community,300,Al Rashidiya,,quarter,2019-10-01,2019-12-31,median_rent_per_sqft,all,all,304.35,107,moderate,[],2026-09-08,dlx-aggregates-2
community:300:quarter:2020-01-01:median_rent_per_sqft:all:all,community,300,Al Rashidiya,,quarter,2020-01-01,2020-03-31,median_rent_per_sqft,all,all,286.59,170,moderate,[],2026-09-08,dlx-aggregates-2
community:300:quarter:2020-04-01:median_rent_per_sqft:all:all,community,300,Al Rashidiya,,quarter,2020-04-01,2020-06-30,median_rent_per_sqft,all,all,302.14,103,moderate,[],2026-09-08,dlx-aggregates-2
community:300:quarter:2020-07-01:median_rent_per_sqft:all:all,community,300,Al Rashidiya,,quarter,2020-07-01,2020-09-30,median_rent_per_sqft,all,all,315.0,148,moderate,[],2026-09-08,dlx-aggregates-2
community:300:quarter:2020-10-01:median_rent_per_sqft:all:all,community,300,Al Rashidiya,,quarter,2020-10-01,2020-12-31,median_rent_per_sqft,all,all,261.57,113,moderate,[],2026-09-08,dlx-aggregates-2
community:300:quarter:2021-01-01:median_rent_per_sqft:all:all,community,300,Al Rashidiya,,quarter,2021-01-01,2021-03-31,median_rent_per_sqft,all,all,283.25,191,moderate,[],2026-09-08,dlx-aggregates-2
community:300:quarter:2021-04-01:median_rent_per_sqft:all:all,community,300,Al Rashidiya,,quarter,2021-04-01,2021-06-30,median_rent_per_sqft,all,all,299.4,123,moderate,[],2026-09-08,dlx-aggregates-2
community:300:quarter:2021-07-01:median_rent_per_sqft:all:all,community,300,Al Rashidiya,,quarter,2021-07-01,2021-09-30,median_rent_per_sqft,all,all,322.62,132,moderate,[],2026-09-08,dlx-aggregates-2
community:300:quarter:2021-10-01:median_rent_per_sqft:all:all,community,300,Al Rashidiya,,quarter,2021-10-01,2021-12-31,median_rent_per_sqft,all,all,290.22,145,moderate,[],2026-09-08,dlx-aggregates-2
community:300:quarter:2022-01-01:median_rent_per_sqft:all:all,community,300,Al Rashidiya,,quarter,2022-01-01,2022-03-31,median_rent_per_sqft,all,all,277.78,223,higher,[],2026-09-08,dlx-aggregates-2
community:300:quarter:2022-04-01:median_rent_per_sqft:all:all,community,300,Al Rashidiya,,quarter,2022-04-01,2022-06-30,median_rent_per_sqft,all,all,321.38,139,moderate,[],2026-09-08,dlx-aggregates-2
community:300:quarter:2022-07-01:median_rent_per_sqft:all:all,community,300,Al Rashidiya,,quarter,2022-07-01,2022-09-30,median_rent_per_sqft,all,all,302.03,160,moderate,[],2026-09-08,dlx-aggregates-2
community:300:quarter:2022-10-01:median_rent_per_sqft:all:all,community,300,Al Rashidiya,,quarter,2022-10-01,2022-12-31,median_rent_per_sqft,all,all,308.97,140,moderate,[],2026-09-08,dlx-aggregates-2
community:300:quarter:2023-01-01:median_rent_per_sqft:all:all,community,300,Al Rashidiya,,quarter,2023-01-01,2023-03-31,median_rent_per_sqft,all,all,287.28,213,higher,[],2026-09-08,dlx-aggregates-2
community:300:quarter:2023-04-01:median_rent_per_sqft:all:all,community,300,Al Rashidiya,,quarter,2023-04-01,2023-06-30,median_rent_per_sqft,all,all,342.56,144,moderate,[],2026-09-08,dlx-aggregates-2
community:300:quarter:2023-07-01:median_rent_per_sqft:all:all,community,300,Al Rashidiya,,quarter,2023-07-01,2023-09-30,median_rent_per_sqft,all,all,332.72,174,moderate,[],2026-09-08,dlx-aggregates-2
community:300:quarter:2023-10-01:median_rent_per_sqft:all:all,community,300,Al Rashidiya,,quarter,2023-10-01,2023-12-31,median_rent_per_sqft,all,all,317.47,172,moderate,[],2026-09-08,dlx-aggregates-2
community:300:quarter:2024-01-01:median_rent_per_sqft:all:all,community,300,Al Rashidiya,,quarter,2024-01-01,2024-03-31,median_rent_per_sqft,all,all,326.01,214,higher,[],2026-09-08,dlx-aggregates-2
community:300:quarter:2024-04-01:median_rent_per_sqft:all:all,community,300,Al Rashidiya,,quarter,2024-04-01,2024-06-30,median_rent_per_sqft,all,all,356.77,150,moderate,[],2026-09-08,dlx-aggregates-2
community:300:quarter:2024-07-01:median_rent_per_sqft:all:all,community,300,Al Rashidiya,,quarter,2024-07-01,2024-09-30,median_rent_per_sqft,all,all,348.71,169,moderate,[],2026-09-08,dlx-aggregates-2
community:300:quarter:2024-10-01:median_rent_per_sqft:all:all,community,300,Al Rashidiya,,quarter,2024-10-01,2024-12-31,median_rent_per_sqft,all,all,361.19,173,moderate,[],2026-09-08,dlx-aggregates-2
community:300:quarter:2025-01-01:median_rent_per_sqft:all:all,community,300,Al Rashidiya,,quarter,2025-01-01,2025-03-31,median_rent_per_sqft,all,all,328.95,220,higher,[],2026-09-08,dlx-aggregates-2
community:300:quarter:2025-04-01:median_rent_per_sqft:all:all,community,300,Al Rashidiya,,quarter,2025-04-01,2025-06-30,median_rent_per_sqft,all,all,371.16,149,moderate,[],2026-09-08,dlx-aggregates-2
community:300:quarter:2025-07-01:median_rent_per_sqft:all:all,community,300,Al Rashidiya,,quarter,2025-07-01,2025-09-30,median_rent_per_sqft,all,all,366.14,177,moderate,[],2026-09-08,dlx-aggregates-2
community:300:quarter:2025-10-01:median_rent_per_sqft:all:all,community,300,Al Rashidiya,,quarter,2025-10-01,2025-12-31,median_rent_per_sqft,all,all,387.45,169,moderate,[],2026-09-08,dlx-aggregates-2
community:300:quarter:2026-01-01:median_rent_per_sqft:all:all,community,300,Al Rashidiya,,quarter,2026-01-01,2026-03-31,median_rent_per_sqft,all,all,333.6,224,higher,[],2026-09-08,dlx-aggregates-2
community:300:quarter:2026-04-01:median_rent_per_sqft:all:all,community,300,Al Rashidiya,,quarter,2026-04-01,2026-06-30,median_rent_per_sqft,all,all,389.22,147,moderate,[],2026-09-08,dlx-aggregates-2
community:300:quarter:2026-07-01:median_rent_per_sqft:all:all,community,300,Al Rashidiya,,quarter,2026-07-01,2026-09-30,median_rent_per_sqft,all,all,384.45,131,moderate,[],2026-09-08,dlx-aggregates-2
community:301:quarter:2019-01-01:median_rent_per_sqft:all:all,community,301,Al Nahda Second,,quarter,2019-01-01,2019-03-31,median_rent_per_sqft,all,all,474.72,1504,higher,[],2026-09-08,dlx-aggregates-2
community:301:quarter:2019-04-01:median_rent_per_sqft:all:all,community,301,Al Nahda Second,,quarter,2019-04-01,2019-06-30,median_rent_per_sqft,all,all,461.51,1376,higher,[],2026-09-08,dlx-aggregates-2
community:301:quarter:2019-07-01:median_rent_per_sqft:all:all,community,301,Al Nahda Second,,quarter,2019-07-01,2019-09-30,median_rent_per_sqft,all,all,469.18,1379,higher,[],2026-09-08,dlx-aggregates-2
community:301:quarter:2019-10-01:median_rent_per_sqft:all:all,community,301,Al Nahda Second,,quarter,2019-10-01,2019-12-31,median_rent_per_sqft,all,all,437.61,1220,higher,[],2026-09-08,dlx-aggregates-2
community:301:quarter:2020-01-01:median_rent_per_sqft:all:all,community,301,Al Nahda Second,,quarter,2020-01-01,2020-03-31,median_rent_per_sqft,all,all,415.22,1626,higher,[],2026-09-08,dlx-aggregates-2
community:301:quarter:2020-04-01:median_rent_per_sqft:all:all,community,301,Al Nahda Second,,quarter,2020-04-01,2020-06-30,median_rent_per_sqft,all,all,432.24,1208,higher,[],2026-09-08,dlx-aggregates-2
community:301:quarter:2020-07-01:median_rent_per_sqft:all:all,community,301,Al Nahda Second,,quarter,2020-07-01,2020-09-30,median_rent_per_sqft,all,all,418.41,1321,higher,[],2026-09-08,dlx-aggregates-2
community:301:quarter:2020-10-01:median_rent_per_sqft:all:all,community,301,Al Nahda Second,,quarter,2020-10-01,2020-12-31,median_rent_per_sqft,all,all,393.11,1324,higher,[],2026-09-08,dlx-aggregates-2
community:301:quarter:2021-01-01:median_rent_per_sqft:all:all,community,301,Al Nahda Second,,quarter,2021-01-01,2021-03-31,median_rent_per_sqft,all,all,372.08,1508,higher,[],2026-09-08,dlx-aggregates-2
community:301:quarter:2021-04-01:median_rent_per_sqft:all:all,community,301,Al Nahda Second,,quarter,2021-04-01,2021-06-30,median_rent_per_sqft,all,all,377.19,1258,higher,[],2026-09-08,dlx-aggregates-2
community:301:quarter:2021-07-01:median_rent_per_sqft:all:all,community,301,Al Nahda Second,,quarter,2021-07-01,2021-09-30,median_rent_per_sqft,all,all,376.07,1346,higher,[],2026-09-08,dlx-aggregates-2
community:301:quarter:2021-10-01:median_rent_per_sqft:all:all,community,301,Al Nahda Second,,quarter,2021-10-01,2021-12-31,median_rent_per_sqft,all,all,382.61,1534,higher,[],2026-09-08,dlx-aggregates-2
community:301:quarter:2022-01-01:median_rent_per_sqft:all:all,community,301,Al Nahda Second,,quarter,2022-01-01,2022-03-31,median_rent_per_sqft,all,all,359.65,1721,higher,[],2026-09-08,dlx-aggregates-2
community:301:quarter:2022-04-01:median_rent_per_sqft:all:all,community,301,Al Nahda Second,,quarter,2022-04-01,2022-06-30,median_rent_per_sqft,all,all,372.61,1375,higher,[],2026-09-08,dlx-aggregates-2
community:301:quarter:2022-07-01:median_rent_per_sqft:all:all,community,301,Al Nahda Second,,quarter,2022-07-01,2022-09-30,median_rent_per_sqft,all,all,387.93,1320,higher,[],2026-09-08,dlx-aggregates-2
community:301:quarter:2022-10-01:median_rent_per_sqft:all:all,community,301,Al Nahda Second,,quarter,2022-10-01,2022-12-31,median_rent_per_sqft,all,all,392.21,1561,higher,[],2026-09-08,dlx-aggregates-2
community:301:quarter:2023-01-01:median_rent_per_sqft:all:all,community,301,Al Nahda Second,,quarter,2023-01-01,2023-03-31,median_rent_per_sqft,all,all,389.96,1842,higher,[],2026-09-08,dlx-aggregates-2
community:301:quarter:2023-04-01:median_rent_per_sqft:all:all,community,301,Al Nahda Second,,quarter,2023-04-01,2023-06-30,median_rent_per_sqft,all,all,392.43,1605,higher,[],2026-09-08,dlx-aggregates-2
community:301:quarter:2023-07-01:median_rent_per_sqft:all:all,community,301,Al Nahda Second,,quarter,2023-07-01,2023-09-30,median_rent_per_sqft,all,all,420.85,1424,higher,[],2026-09-08,dlx-aggregates-2
community:301:quarter:2023-10-01:median_rent_per_sqft:all:all,community,301,Al Nahda Second,,quarter,2023-10-01,2023-12-31,median_rent_per_sqft,all,all,423.57,1604,higher,[],2026-09-08,dlx-aggregates-2
community:301:quarter:2024-01-01:median_rent_per_sqft:all:all,community,301,Al Nahda Second,,quarter,2024-01-01,2024-03-31,median_rent_per_sqft,all,all,428.47,1932,higher,[],2026-09-08,dlx-aggregates-2
community:301:quarter:2024-04-01:median_rent_per_sqft:all:all,community,301,Al Nahda Second,,quarter,2024-04-01,2024-06-30,median_rent_per_sqft,all,all,420.8,1629,higher,[],2026-09-08,dlx-aggregates-2
community:301:quarter:2024-07-01:median_rent_per_sqft:all:all,community,301,Al Nahda Second,,quarter,2024-07-01,2024-09-30,median_rent_per_sqft,all,all,451.99,1489,higher,[],2026-09-08,dlx-aggregates-2
community:301:quarter:2024-10-01:median_rent_per_sqft:all:all,community,301,Al Nahda Second,,quarter,2024-10-01,2024-12-31,median_rent_per_sqft,all,all,458.5,1597,higher,[],2026-09-08,dlx-aggregates-2
community:301:quarter:2025-01-01:median_rent_per_sqft:all:all,community,301,Al Nahda Second,,quarter,2025-01-01,2025-03-31,median_rent_per_sqft,all,all,452.19,2079,higher,[],2026-09-08,dlx-aggregates-2
community:301:quarter:2025-04-01:median_rent_per_sqft:all:all,community,301,Al Nahda Second,,quarter,2025-04-01,2025-06-30,median_rent_per_sqft,all,all,452.1,1734,higher,[],2026-09-08,dlx-aggregates-2
community:301:quarter:2025-07-01:median_rent_per_sqft:all:all,community,301,Al Nahda Second,,quarter,2025-07-01,2025-09-30,median_rent_per_sqft,all,all,471.05,1480,higher,[],2026-09-08,dlx-aggregates-2
community:301:quarter:2025-10-01:median_rent_per_sqft:all:all,community,301,Al Nahda Second,,quarter,2025-10-01,2025-12-31,median_rent_per_sqft,all,all,472.58,1547,higher,[],2026-09-08,dlx-aggregates-2
community:301:quarter:2026-01-01:median_rent_per_sqft:all:all,community,301,Al Nahda Second,,quarter,2026-01-01,2026-03-31,median_rent_per_sqft,all,all,471.98,1816,higher,[],2026-09-08,dlx-aggregates-2
community:301:quarter:2026-04-01:median_rent_per_sqft:all:all,community,301,Al Nahda Second,,quarter,2026-04-01,2026-06-30,median_rent_per_sqft,all,all,476.9,1556,higher,[],2026-09-08,dlx-aggregates-2
community:301:quarter:2026-07-01:median_rent_per_sqft:all:all,community,301,Al Nahda Second,,quarter,2026-07-01,2026-09-30,median_rent_per_sqft,all,all,482.13,935,higher,[],2026-09-08,dlx-aggregates-2
community:303:quarter:2019-01-01:median_rent_per_sqft:all:all,community,303,Um Suqaim First,,quarter,2019-01-01,2019-03-31,median_rent_per_sqft,all,all,518.36,151,moderate,[],2026-09-08,dlx-aggregates-2
community:303:quarter:2019-04-01:median_rent_per_sqft:all:all,community,303,Um Suqaim First,,quarter,2019-04-01,2019-06-30,median_rent_per_sqft,all,all,500.52,147,moderate,[],2026-09-08,dlx-aggregates-2
community:303:quarter:2019-07-01:median_rent_per_sqft:all:all,community,303,Um Suqaim First,,quarter,2019-07-01,2019-09-30,median_rent_per_sqft,all,all,490.1,152,moderate,[],2026-09-08,dlx-aggregates-2
community:303:quarter:2019-10-01:median_rent_per_sqft:all:all,community,303,Um Suqaim First,,quarter,2019-10-01,2019-12-31,median_rent_per_sqft,all,all,498.22,158,moderate,[],2026-09-08,dlx-aggregates-2
community:303:quarter:2020-01-01:median_rent_per_sqft:all:all,community,303,Um Suqaim First,,quarter,2020-01-01,2020-03-31,median_rent_per_sqft,all,all,504.37,153,moderate,[],2026-09-08,dlx-aggregates-2
community:303:quarter:2020-04-01:median_rent_per_sqft:all:all,community,303,Um Suqaim First,,quarter,2020-04-01,2020-06-30,median_rent_per_sqft,all,all,473.8,150,moderate,[],2026-09-08,dlx-aggregates-2
community:303:quarter:2020-07-01:median_rent_per_sqft:all:all,community,303,Um Suqaim First,,quarter,2020-07-01,2020-09-30,median_rent_per_sqft,all,all,452.79,178,moderate,[],2026-09-08,dlx-aggregates-2
community:303:quarter:2020-10-01:median_rent_per_sqft:all:all,community,303,Um Suqaim First,,quarter,2020-10-01,2020-12-31,median_rent_per_sqft,all,all,518.52,187,moderate,[],2026-09-08,dlx-aggregates-2
community:303:quarter:2021-01-01:median_rent_per_sqft:all:all,community,303,Um Suqaim First,,quarter,2021-01-01,2021-03-31,median_rent_per_sqft,all,all,471.68,182,moderate,[],2026-09-08,dlx-aggregates-2
community:303:quarter:2021-04-01:median_rent_per_sqft:all:all,community,303,Um Suqaim First,,quarter,2021-04-01,2021-06-30,median_rent_per_sqft,all,all,494.35,187,moderate,[],2026-09-08,dlx-aggregates-2
community:303:quarter:2021-07-01:median_rent_per_sqft:all:all,community,303,Um Suqaim First,,quarter,2021-07-01,2021-09-30,median_rent_per_sqft,all,all,457.14,207,higher,[],2026-09-08,dlx-aggregates-2
community:303:quarter:2021-10-01:median_rent_per_sqft:all:all,community,303,Um Suqaim First,,quarter,2021-10-01,2021-12-31,median_rent_per_sqft,all,all,482.98,182,moderate,[],2026-09-08,dlx-aggregates-2
community:303:quarter:2022-01-01:median_rent_per_sqft:all:all,community,303,Um Suqaim First,,quarter,2022-01-01,2022-03-31,median_rent_per_sqft,all,all,509.92,189,moderate,[],2026-09-08,dlx-aggregates-2
community:303:quarter:2022-04-01:median_rent_per_sqft:all:all,community,303,Um Suqaim First,,quarter,2022-04-01,2022-06-30,median_rent_per_sqft,all,all,533.33,177,moderate,[],2026-09-08,dlx-aggregates-2
community:303:quarter:2022-07-01:median_rent_per_sqft:all:all,community,303,Um Suqaim First,,quarter,2022-07-01,2022-09-30,median_rent_per_sqft,all,all,518.52,201,higher,[],2026-09-08,dlx-aggregates-2
community:303:quarter:2022-10-01:median_rent_per_sqft:all:all,community,303,Um Suqaim First,,quarter,2022-10-01,2022-12-31,median_rent_per_sqft,all,all,537.04,196,moderate,[],2026-09-08,dlx-aggregates-2
community:303:quarter:2023-01-01:median_rent_per_sqft:all:all,community,303,Um Suqaim First,,quarter,2023-01-01,2023-03-31,median_rent_per_sqft,all,all,560.91,170,moderate,[],2026-09-08,dlx-aggregates-2
community:303:quarter:2023-04-01:median_rent_per_sqft:all:all,community,303,Um Suqaim First,,quarter,2023-04-01,2023-06-30,median_rent_per_sqft,all,all,573.47,176,moderate,[],2026-09-08,dlx-aggregates-2
community:303:quarter:2023-07-01:median_rent_per_sqft:all:all,community,303,Um Suqaim First,,quarter,2023-07-01,2023-09-30,median_rent_per_sqft,all,all,522.6,213,higher,[],2026-09-08,dlx-aggregates-2
community:303:quarter:2023-10-01:median_rent_per_sqft:all:all,community,303,Um Suqaim First,,quarter,2023-10-01,2023-12-31,median_rent_per_sqft,all,all,625.81,187,moderate,[],2026-09-08,dlx-aggregates-2
community:303:quarter:2024-01-01:median_rent_per_sqft:all:all,community,303,Um Suqaim First,,quarter,2024-01-01,2024-03-31,median_rent_per_sqft,all,all,654.09,158,moderate,[],2026-09-08,dlx-aggregates-2
community:303:quarter:2024-04-01:median_rent_per_sqft:all:all,community,303,Um Suqaim First,,quarter,2024-04-01,2024-06-30,median_rent_per_sqft,all,all,645.53,175,moderate,[],2026-09-08,dlx-aggregates-2
community:303:quarter:2024-07-01:median_rent_per_sqft:all:all,community,303,Um Suqaim First,,quarter,2024-07-01,2024-09-30,median_rent_per_sqft,all,all,673.08,217,higher,[],2026-09-08,dlx-aggregates-2
community:303:quarter:2024-10-01:median_rent_per_sqft:all:all,community,303,Um Suqaim First,,quarter,2024-10-01,2024-12-31,median_rent_per_sqft,all,all,701.82,190,moderate,[],2026-09-08,dlx-aggregates-2
community:303:quarter:2025-01-01:median_rent_per_sqft:all:all,community,303,Um Suqaim First,,quarter,2025-01-01,2025-03-31,median_rent_per_sqft,all,all,735.58,160,moderate,[],2026-09-08,dlx-aggregates-2
community:303:quarter:2025-04-01:median_rent_per_sqft:all:all,community,303,Um Suqaim First,,quarter,2025-04-01,2025-06-30,median_rent_per_sqft,all,all,666.67,171,moderate,[],2026-09-08,dlx-aggregates-2
community:303:quarter:2025-07-01:median_rent_per_sqft:all:all,community,303,Um Suqaim First,,quarter,2025-07-01,2025-09-30,median_rent_per_sqft,all,all,689.31,239,higher,[],2026-09-08,dlx-aggregates-2
community:303:quarter:2025-10-01:median_rent_per_sqft:all:all,community,303,Um Suqaim First,,quarter,2025-10-01,2025-12-31,median_rent_per_sqft,all,all,701.82,184,moderate,[],2026-09-08,dlx-aggregates-2
community:303:quarter:2026-01-01:median_rent_per_sqft:all:all,community,303,Um Suqaim First,,quarter,2026-01-01,2026-03-31,median_rent_per_sqft,all,all,917.01,199,moderate,[],2026-09-08,dlx-aggregates-2
community:303:quarter:2026-04-01:median_rent_per_sqft:all:all,community,303,Um Suqaim First,,quarter,2026-04-01,2026-06-30,median_rent_per_sqft,all,all,708.75,125,moderate,[],2026-09-08,dlx-aggregates-2
community:303:quarter:2026-07-01:median_rent_per_sqft:all:all,community,303,Um Suqaim First,,quarter,2026-07-01,2026-09-30,median_rent_per_sqft,all,all,793.37,132,moderate,[],2026-09-08,dlx-aggregates-2
community:304:quarter:2019-01-01:median_rent_per_sqft:all:all,community,304,Um Suqaim Second,,quarter,2019-01-01,2019-03-31,median_rent_per_sqft,all,all,429.45,183,moderate,[],2026-09-08,dlx-aggregates-2
community:304:quarter:2019-04-01:median_rent_per_sqft:all:all,community,304,Um Suqaim Second,,quarter,2019-04-01,2019-06-30,median_rent_per_sqft,all,all,477.28,149,moderate,[],2026-09-08,dlx-aggregates-2
community:304:quarter:2019-07-01:median_rent_per_sqft:all:all,community,304,Um Suqaim Second,,quarter,2019-07-01,2019-09-30,median_rent_per_sqft,all,all,473.71,224,higher,[],2026-09-08,dlx-aggregates-2
community:304:quarter:2019-10-01:median_rent_per_sqft:all:all,community,304,Um Suqaim Second,,quarter,2019-10-01,2019-12-31,median_rent_per_sqft,all,all,425.57,154,moderate,[],2026-09-08,dlx-aggregates-2
community:304:quarter:2020-01-01:median_rent_per_sqft:all:all,community,304,Um Suqaim Second,,quarter,2020-01-01,2020-03-31,median_rent_per_sqft,all,all,439.15,178,moderate,[],2026-09-08,dlx-aggregates-2
community:304:quarter:2020-04-01:median_rent_per_sqft:all:all,community,304,Um Suqaim Second,,quarter,2020-04-01,2020-06-30,median_rent_per_sqft,all,all,444.72,124,moderate,[],2026-09-08,dlx-aggregates-2
community:304:quarter:2020-07-01:median_rent_per_sqft:all:all,community,304,Um Suqaim Second,,quarter,2020-07-01,2020-09-30,median_rent_per_sqft,all,all,432.36,216,higher,[],2026-09-08,dlx-aggregates-2
community:304:quarter:2020-10-01:median_rent_per_sqft:all:all,community,304,Um Suqaim Second,,quarter,2020-10-01,2020-12-31,median_rent_per_sqft,all,all,396.04,191,moderate,[],2026-09-08,dlx-aggregates-2
community:304:quarter:2021-01-01:median_rent_per_sqft:all:all,community,304,Um Suqaim Second,,quarter,2021-01-01,2021-03-31,median_rent_per_sqft,all,all,432.0,194,moderate,[],2026-09-08,dlx-aggregates-2
community:304:quarter:2021-04-01:median_rent_per_sqft:all:all,community,304,Um Suqaim Second,,quarter,2021-04-01,2021-06-30,median_rent_per_sqft,all,all,447.47,176,moderate,[],2026-09-08,dlx-aggregates-2
community:304:quarter:2021-07-01:median_rent_per_sqft:all:all,community,304,Um Suqaim Second,,quarter,2021-07-01,2021-09-30,median_rent_per_sqft,all,all,457.49,244,higher,[],2026-09-08,dlx-aggregates-2
community:304:quarter:2021-10-01:median_rent_per_sqft:all:all,community,304,Um Suqaim Second,,quarter,2021-10-01,2021-12-31,median_rent_per_sqft,all,all,427.75,194,moderate,[],2026-09-08,dlx-aggregates-2
community:304:quarter:2022-01-01:median_rent_per_sqft:all:all,community,304,Um Suqaim Second,,quarter,2022-01-01,2022-03-31,median_rent_per_sqft,all,all,465.33,187,moderate,[],2026-09-08,dlx-aggregates-2
community:304:quarter:2022-04-01:median_rent_per_sqft:all:all,community,304,Um Suqaim Second,,quarter,2022-04-01,2022-06-30,median_rent_per_sqft,all,all,449.44,169,moderate,[],2026-09-08,dlx-aggregates-2
community:304:quarter:2022-07-01:median_rent_per_sqft:all:all,community,304,Um Suqaim Second,,quarter,2022-07-01,2022-09-30,median_rent_per_sqft,all,all,483.6,240,higher,[],2026-09-08,dlx-aggregates-2
community:304:quarter:2022-10-01:median_rent_per_sqft:all:all,community,304,Um Suqaim Second,,quarter,2022-10-01,2022-12-31,median_rent_per_sqft,all,all,483.55,197,moderate,[],2026-09-08,dlx-aggregates-2
community:304:quarter:2023-01-01:median_rent_per_sqft:all:all,community,304,Um Suqaim Second,,quarter,2023-01-01,2023-03-31,median_rent_per_sqft,all,all,495.68,190,moderate,[],2026-09-08,dlx-aggregates-2
community:304:quarter:2023-04-01:median_rent_per_sqft:all:all,community,304,Um Suqaim Second,,quarter,2023-04-01,2023-06-30,median_rent_per_sqft,all,all,510.63,171,moderate,[],2026-09-08,dlx-aggregates-2
community:304:quarter:2023-07-01:median_rent_per_sqft:all:all,community,304,Um Suqaim Second,,quarter,2023-07-01,2023-09-30,median_rent_per_sqft,all,all,518.69,238,higher,[],2026-09-08,dlx-aggregates-2
community:304:quarter:2023-10-01:median_rent_per_sqft:all:all,community,304,Um Suqaim Second,,quarter,2023-10-01,2023-12-31,median_rent_per_sqft,all,all,518.69,203,higher,[],2026-09-08,dlx-aggregates-2
community:304:quarter:2024-01-01:median_rent_per_sqft:all:all,community,304,Um Suqaim Second,,quarter,2024-01-01,2024-03-31,median_rent_per_sqft,all,all,524.34,205,higher,[],2026-09-08,dlx-aggregates-2
community:304:quarter:2024-04-01:median_rent_per_sqft:all:all,community,304,Um Suqaim Second,,quarter,2024-04-01,2024-06-30,median_rent_per_sqft,all,all,569.96,170,moderate,[],2026-09-08,dlx-aggregates-2
community:304:quarter:2024-07-01:median_rent_per_sqft:all:all,community,304,Um Suqaim Second,,quarter,2024-07-01,2024-09-30,median_rent_per_sqft,all,all,574.28,247,higher,[],2026-09-08,dlx-aggregates-2
community:304:quarter:2024-10-01:median_rent_per_sqft:all:all,community,304,Um Suqaim Second,,quarter,2024-10-01,2024-12-31,median_rent_per_sqft,all,all,578.97,204,higher,[],2026-09-08,dlx-aggregates-2
community:304:quarter:2025-01-01:median_rent_per_sqft:all:all,community,304,Um Suqaim Second,,quarter,2025-01-01,2025-03-31,median_rent_per_sqft,all,all,570.07,190,moderate,[],2026-09-08,dlx-aggregates-2
community:304:quarter:2025-04-01:median_rent_per_sqft:all:all,community,304,Um Suqaim Second,,quarter,2025-04-01,2025-06-30,median_rent_per_sqft,all,all,611.39,163,moderate,[],2026-09-08,dlx-aggregates-2
community:304:quarter:2025-07-01:median_rent_per_sqft:all:all,community,304,Um Suqaim Second,,quarter,2025-07-01,2025-09-30,median_rent_per_sqft,all,all,599.52,246,higher,[],2026-09-08,dlx-aggregates-2
community:304:quarter:2025-10-01:median_rent_per_sqft:all:all,community,304,Um Suqaim Second,,quarter,2025-10-01,2025-12-31,median_rent_per_sqft,all,all,584.53,185,moderate,[],2026-09-08,dlx-aggregates-2
community:304:quarter:2026-01-01:median_rent_per_sqft:all:all,community,304,Um Suqaim Second,,quarter,2026-01-01,2026-03-31,median_rent_per_sqft,all,all,593.01,184,moderate,[],2026-09-08,dlx-aggregates-2
community:304:quarter:2026-04-01:median_rent_per_sqft:all:all,community,304,Um Suqaim Second,,quarter,2026-04-01,2026-06-30,median_rent_per_sqft,all,all,666.64,147,moderate,[],2026-09-08,dlx-aggregates-2
community:304:quarter:2026-07-01:median_rent_per_sqft:all:all,community,304,Um Suqaim Second,,quarter,2026-07-01,2026-09-30,median_rent_per_sqft,all,all,638.26,150,moderate,[],2026-09-08,dlx-aggregates-2
community:305:quarter:2019-01-01:median_rent_per_sqft:all:all,community,305,AL QUSAIS,,quarter,2019-01-01,2019-03-31,median_rent_per_sqft,all,all,491.4,986,higher,[],2026-09-08,dlx-aggregates-2
community:305:quarter:2019-04-01:median_rent_per_sqft:all:all,community,305,AL QUSAIS,,quarter,2019-04-01,2019-06-30,median_rent_per_sqft,all,all,502.33,770,higher,[],2026-09-08,dlx-aggregates-2
community:305:quarter:2019-07-01:median_rent_per_sqft:all:all,community,305,AL QUSAIS,,quarter,2019-07-01,2019-09-30,median_rent_per_sqft,all,all,484.39,729,higher,[],2026-09-08,dlx-aggregates-2
community:305:quarter:2019-10-01:median_rent_per_sqft:all:all,community,305,AL QUSAIS,,quarter,2019-10-01,2019-12-31,median_rent_per_sqft,all,all,468.69,623,higher,[],2026-09-08,dlx-aggregates-2
community:305:quarter:2020-01-01:median_rent_per_sqft:all:all,community,305,AL QUSAIS,,quarter,2020-01-01,2020-03-31,median_rent_per_sqft,all,all,448.12,989,higher,[],2026-09-08,dlx-aggregates-2
community:305:quarter:2020-04-01:median_rent_per_sqft:all:all,community,305,AL QUSAIS,,quarter,2020-04-01,2020-06-30,median_rent_per_sqft,all,all,446.83,693,higher,[],2026-09-08,dlx-aggregates-2
community:305:quarter:2020-07-01:median_rent_per_sqft:all:all,community,305,AL QUSAIS,,quarter,2020-07-01,2020-09-30,median_rent_per_sqft,all,all,430.54,721,higher,[],2026-09-08,dlx-aggregates-2
community:305:quarter:2020-10-01:median_rent_per_sqft:all:all,community,305,AL QUSAIS,,quarter,2020-10-01,2020-12-31,median_rent_per_sqft,all,all,415.67,694,higher,[],2026-09-08,dlx-aggregates-2
community:305:quarter:2021-01-01:median_rent_per_sqft:all:all,community,305,AL QUSAIS,,quarter,2021-01-01,2021-03-31,median_rent_per_sqft,all,all,385.08,924,higher,[],2026-09-08,dlx-aggregates-2
community:305:quarter:2021-04-01:median_rent_per_sqft:all:all,community,305,AL QUSAIS,,quarter,2021-04-01,2021-06-30,median_rent_per_sqft,all,all,433.33,907,higher,[],2026-09-08,dlx-aggregates-2
community:305:quarter:2021-07-01:median_rent_per_sqft:all:all,community,305,AL QUSAIS,,quarter,2021-07-01,2021-09-30,median_rent_per_sqft,all,all,451.35,1035,higher,[],2026-09-08,dlx-aggregates-2
community:305:quarter:2021-10-01:median_rent_per_sqft:all:all,community,305,AL QUSAIS,,quarter,2021-10-01,2021-12-31,median_rent_per_sqft,all,all,395.72,862,higher,[],2026-09-08,dlx-aggregates-2
community:305:quarter:2022-01-01:median_rent_per_sqft:all:all,community,305,AL QUSAIS,,quarter,2022-01-01,2022-03-31,median_rent_per_sqft,all,all,376.75,1054,higher,[],2026-09-08,dlx-aggregates-2
community:305:quarter:2022-04-01:median_rent_per_sqft:all:all,community,305,AL QUSAIS,,quarter,2022-04-01,2022-06-30,median_rent_per_sqft,all,all,405.72,959,higher,[],2026-09-08,dlx-aggregates-2
community:305:quarter:2022-07-01:median_rent_per_sqft:all:all,community,305,AL QUSAIS,,quarter,2022-07-01,2022-09-30,median_rent_per_sqft,all,all,458.33,1275,higher,[],2026-09-08,dlx-aggregates-2
community:305:quarter:2022-10-01:median_rent_per_sqft:all:all,community,305,AL QUSAIS,,quarter,2022-10-01,2022-12-31,median_rent_per_sqft,all,all,409.27,889,higher,[],2026-09-08,dlx-aggregates-2
community:305:quarter:2023-01-01:median_rent_per_sqft:all:all,community,305,AL QUSAIS,,quarter,2023-01-01,2023-03-31,median_rent_per_sqft,all,all,408.13,1093,higher,[],2026-09-08,dlx-aggregates-2
community:305:quarter:2023-04-01:median_rent_per_sqft:all:all,community,305,AL QUSAIS,,quarter,2023-04-01,2023-06-30,median_rent_per_sqft,all,all,426.54,1021,higher,[],2026-09-08,dlx-aggregates-2
community:305:quarter:2023-07-01:median_rent_per_sqft:all:all,community,305,AL QUSAIS,,quarter,2023-07-01,2023-09-30,median_rent_per_sqft,all,all,462.75,1282,higher,[],2026-09-08,dlx-aggregates-2
community:305:quarter:2023-10-01:median_rent_per_sqft:all:all,community,305,AL QUSAIS,,quarter,2023-10-01,2023-12-31,median_rent_per_sqft,all,all,444.3,916,higher,[],2026-09-08,dlx-aggregates-2
community:305:quarter:2024-01-01:median_rent_per_sqft:all:all,community,305,AL QUSAIS,,quarter,2024-01-01,2024-03-31,median_rent_per_sqft,all,all,430.57,1061,higher,[],2026-09-08,dlx-aggregates-2
community:305:quarter:2024-04-01:median_rent_per_sqft:all:all,community,305,AL QUSAIS,,quarter,2024-04-01,2024-06-30,median_rent_per_sqft,all,all,448.85,1086,higher,[],2026-09-08,dlx-aggregates-2
community:305:quarter:2024-07-01:median_rent_per_sqft:all:all,community,305,AL QUSAIS,,quarter,2024-07-01,2024-09-30,median_rent_per_sqft,all,all,471.54,1327,higher,[],2026-09-08,dlx-aggregates-2
community:305:quarter:2024-10-01:median_rent_per_sqft:all:all,community,305,AL QUSAIS,,quarter,2024-10-01,2024-12-31,median_rent_per_sqft,all,all,466.12,956,higher,[],2026-09-08,dlx-aggregates-2
community:305:quarter:2025-01-01:median_rent_per_sqft:all:all,community,305,AL QUSAIS,,quarter,2025-01-01,2025-03-31,median_rent_per_sqft,all,all,456.01,1129,higher,[],2026-09-08,dlx-aggregates-2
community:305:quarter:2025-04-01:median_rent_per_sqft:all:all,community,305,AL QUSAIS,,quarter,2025-04-01,2025-06-30,median_rent_per_sqft,all,all,462.31,1068,higher,[],2026-09-08,dlx-aggregates-2
community:305:quarter:2025-07-01:median_rent_per_sqft:all:all,community,305,AL QUSAIS,,quarter,2025-07-01,2025-09-30,median_rent_per_sqft,all,all,505.77,1270,higher,[],2026-09-08,dlx-aggregates-2
community:305:quarter:2025-10-01:median_rent_per_sqft:all:all,community,305,AL QUSAIS,,quarter,2025-10-01,2025-12-31,median_rent_per_sqft,all,all,483.52,870,higher,[],2026-09-08,dlx-aggregates-2
community:305:quarter:2026-01-01:median_rent_per_sqft:all:all,community,305,AL QUSAIS,,quarter,2026-01-01,2026-03-31,median_rent_per_sqft,all,all,487.79,1075,higher,[],2026-09-08,dlx-aggregates-2
community:305:quarter:2026-04-01:median_rent_per_sqft:all:all,community,305,AL QUSAIS,,quarter,2026-04-01,2026-06-30,median_rent_per_sqft,all,all,478.38,1001,higher,[],2026-09-08,dlx-aggregates-2
community:305:quarter:2026-07-01:median_rent_per_sqft:all:all,community,305,AL QUSAIS,,quarter,2026-07-01,2026-09-30,median_rent_per_sqft,all,all,546.58,879,higher,[],2026-09-08,dlx-aggregates-2
community:307:quarter:2019-01-01:median_rent_per_sqft:all:all,community,307,Al Safouh First,,quarter,2019-01-01,2019-03-31,median_rent_per_sqft,all,all,631.43,106,moderate,[],2026-09-08,dlx-aggregates-2
community:307:quarter:2019-04-01:median_rent_per_sqft:all:all,community,307,Al Safouh First,,quarter,2019-04-01,2019-06-30,median_rent_per_sqft,all,all,622.67,88,moderate,[],2026-09-08,dlx-aggregates-2
community:307:quarter:2019-07-01:median_rent_per_sqft:all:all,community,307,Al Safouh First,,quarter,2019-07-01,2019-09-30,median_rent_per_sqft,all,all,620.99,187,moderate,[],2026-09-08,dlx-aggregates-2
community:307:quarter:2019-10-01:median_rent_per_sqft:all:all,community,307,Al Safouh First,,quarter,2019-10-01,2019-12-31,median_rent_per_sqft,all,all,620.99,119,moderate,[],2026-09-08,dlx-aggregates-2
community:307:quarter:2020-01-01:median_rent_per_sqft:all:all,community,307,Al Safouh First,,quarter,2020-01-01,2020-03-31,median_rent_per_sqft,all,all,619.58,96,moderate,[],2026-09-08,dlx-aggregates-2
community:307:quarter:2020-04-01:median_rent_per_sqft:all:all,community,307,Al Safouh First,,quarter,2020-04-01,2020-06-30,median_rent_per_sqft,all,all,572.77,138,moderate,[],2026-09-08,dlx-aggregates-2
community:307:quarter:2020-07-01:median_rent_per_sqft:all:all,community,307,Al Safouh First,,quarter,2020-07-01,2020-09-30,median_rent_per_sqft,all,all,575.45,168,moderate,[],2026-09-08,dlx-aggregates-2
community:307:quarter:2020-10-01:median_rent_per_sqft:all:all,community,307,Al Safouh First,,quarter,2020-10-01,2020-12-31,median_rent_per_sqft,all,all,538.79,124,moderate,[],2026-09-08,dlx-aggregates-2
community:307:quarter:2021-01-01:median_rent_per_sqft:all:all,community,307,Al Safouh First,,quarter,2021-01-01,2021-03-31,median_rent_per_sqft,all,all,535.77,108,moderate,[],2026-09-08,dlx-aggregates-2
community:307:quarter:2021-04-01:median_rent_per_sqft:all:all,community,307,Al Safouh First,,quarter,2021-04-01,2021-06-30,median_rent_per_sqft,all,all,538.69,164,moderate,[],2026-09-08,dlx-aggregates-2
community:307:quarter:2021-07-01:median_rent_per_sqft:all:all,community,307,Al Safouh First,,quarter,2021-07-01,2021-09-30,median_rent_per_sqft,all,all,554.54,171,moderate,[],2026-09-08,dlx-aggregates-2
community:307:quarter:2021-10-01:median_rent_per_sqft:all:all,community,307,Al Safouh First,,quarter,2021-10-01,2021-12-31,median_rent_per_sqft,all,all,572.82,185,moderate,[],2026-09-08,dlx-aggregates-2
community:307:quarter:2022-01-01:median_rent_per_sqft:all:all,community,307,Al Safouh First,,quarter,2022-01-01,2022-03-31,median_rent_per_sqft,all,all,541.35,123,moderate,[],2026-09-08,dlx-aggregates-2
community:307:quarter:2022-04-01:median_rent_per_sqft:all:all,community,307,Al Safouh First,,quarter,2022-04-01,2022-06-30,median_rent_per_sqft,all,all,585.97,151,moderate,[],2026-09-08,dlx-aggregates-2
community:307:quarter:2022-07-01:median_rent_per_sqft:all:all,community,307,Al Safouh First,,quarter,2022-07-01,2022-09-30,median_rent_per_sqft,all,all,616.84,180,moderate,[],2026-09-08,dlx-aggregates-2
community:307:quarter:2022-10-01:median_rent_per_sqft:all:all,community,307,Al Safouh First,,quarter,2022-10-01,2022-12-31,median_rent_per_sqft,all,all,634.68,209,higher,[],2026-09-08,dlx-aggregates-2
community:307:quarter:2023-01-01:median_rent_per_sqft:all:all,community,307,Al Safouh First,,quarter,2023-01-01,2023-03-31,median_rent_per_sqft,all,all,610.26,111,moderate,[],2026-09-08,dlx-aggregates-2
community:307:quarter:2023-04-01:median_rent_per_sqft:all:all,community,307,Al Safouh First,,quarter,2023-04-01,2023-06-30,median_rent_per_sqft,all,all,611.82,142,moderate,[],2026-09-08,dlx-aggregates-2
community:307:quarter:2023-07-01:median_rent_per_sqft:all:all,community,307,Al Safouh First,,quarter,2023-07-01,2023-09-30,median_rent_per_sqft,all,all,651.5,187,moderate,[],2026-09-08,dlx-aggregates-2
community:307:quarter:2023-10-01:median_rent_per_sqft:all:all,community,307,Al Safouh First,,quarter,2023-10-01,2023-12-31,median_rent_per_sqft,all,all,679.79,172,moderate,[],2026-09-08,dlx-aggregates-2
community:307:quarter:2024-01-01:median_rent_per_sqft:all:all,community,307,Al Safouh First,,quarter,2024-01-01,2024-03-31,median_rent_per_sqft,all,all,649.97,114,moderate,[],2026-09-08,dlx-aggregates-2
community:307:quarter:2024-04-01:median_rent_per_sqft:all:all,community,307,Al Safouh First,,quarter,2024-04-01,2024-06-30,median_rent_per_sqft,all,all,661.99,131,moderate,[],2026-09-08,dlx-aggregates-2
community:307:quarter:2024-07-01:median_rent_per_sqft:all:all,community,307,Al Safouh First,,quarter,2024-07-01,2024-09-30,median_rent_per_sqft,all,all,749.84,183,moderate,[],2026-09-08,dlx-aggregates-2
community:307:quarter:2024-10-01:median_rent_per_sqft:all:all,community,307,Al Safouh First,,quarter,2024-10-01,2024-12-31,median_rent_per_sqft,all,all,751.4,164,moderate,[],2026-09-08,dlx-aggregates-2
community:307:quarter:2025-01-01:median_rent_per_sqft:all:all,community,307,Al Safouh First,,quarter,2025-01-01,2025-03-31,median_rent_per_sqft,all,all,716.1,98,moderate,[],2026-09-08,dlx-aggregates-2
community:307:quarter:2025-04-01:median_rent_per_sqft:all:all,community,307,Al Safouh First,,quarter,2025-04-01,2025-06-30,median_rent_per_sqft,all,all,677.47,125,moderate,[],2026-09-08,dlx-aggregates-2
community:307:quarter:2025-07-01:median_rent_per_sqft:all:all,community,307,Al Safouh First,,quarter,2025-07-01,2025-09-30,median_rent_per_sqft,all,all,783.36,149,moderate,[],2026-09-08,dlx-aggregates-2
community:307:quarter:2025-10-01:median_rent_per_sqft:all:all,community,307,Al Safouh First,,quarter,2025-10-01,2025-12-31,median_rent_per_sqft,all,all,784.81,127,moderate,[],2026-09-08,dlx-aggregates-2
community:307:quarter:2026-01-01:median_rent_per_sqft:all:all,community,307,Al Safouh First,,quarter,2026-01-01,2026-03-31,median_rent_per_sqft,all,all,750.28,84,moderate,[],2026-09-08,dlx-aggregates-2
community:307:quarter:2026-04-01:median_rent_per_sqft:all:all,community,307,Al Safouh First,,quarter,2026-04-01,2026-06-30,median_rent_per_sqft,all,all,753.1,117,moderate,[],2026-09-08,dlx-aggregates-2
community:307:quarter:2026-07-01:median_rent_per_sqft:all:all,community,307,Al Safouh First,,quarter,2026-07-01,2026-09-30,median_rent_per_sqft,all,all,871.98,95,moderate,[],2026-09-08,dlx-aggregates-2
community:312:quarter:2020-10-01:median_rent_per_sqft:all:all,community,312,Muhaisanah First,,quarter,2020-10-01,2020-12-31,median_rent_per_sqft,all,all,496.69,31,moderate,[],2026-09-08,dlx-aggregates-2
community:312:quarter:2021-01-01:median_rent_per_sqft:all:all,community,312,Muhaisanah First,,quarter,2021-01-01,2021-03-31,median_rent_per_sqft,all,all,542.23,68,moderate,[],2026-09-08,dlx-aggregates-2
community:312:quarter:2021-04-01:median_rent_per_sqft:all:all,community,312,Muhaisanah First,,quarter,2021-04-01,2021-06-30,median_rent_per_sqft,all,all,547.86,55,moderate,[],2026-09-08,dlx-aggregates-2
community:312:quarter:2021-10-01:median_rent_per_sqft:all:all,community,312,Muhaisanah First,,quarter,2021-10-01,2021-12-31,median_rent_per_sqft,all,all,569.86,66,moderate,[],2026-09-08,dlx-aggregates-2
community:312:quarter:2022-01-01:median_rent_per_sqft:all:all,community,312,Muhaisanah First,,quarter,2022-01-01,2022-03-31,median_rent_per_sqft,all,all,601.77,96,moderate,[],2026-09-08,dlx-aggregates-2
community:312:quarter:2022-04-01:median_rent_per_sqft:all:all,community,312,Muhaisanah First,,quarter,2022-04-01,2022-06-30,median_rent_per_sqft,all,all,598.84,76,moderate,[],2026-09-08,dlx-aggregates-2
community:312:quarter:2022-07-01:median_rent_per_sqft:all:all,community,312,Muhaisanah First,,quarter,2022-07-01,2022-09-30,median_rent_per_sqft,all,all,598.03,46,moderate,[],2026-09-08,dlx-aggregates-2
community:312:quarter:2022-10-01:median_rent_per_sqft:all:all,community,312,Muhaisanah First,,quarter,2022-10-01,2022-12-31,median_rent_per_sqft,all,all,600.6,69,moderate,[],2026-09-08,dlx-aggregates-2
community:312:quarter:2023-01-01:median_rent_per_sqft:all:all,community,312,Muhaisanah First,,quarter,2023-01-01,2023-03-31,median_rent_per_sqft,all,all,611.7,83,moderate,[],2026-09-08,dlx-aggregates-2
community:312:quarter:2023-04-01:median_rent_per_sqft:all:all,community,312,Muhaisanah First,,quarter,2023-04-01,2023-06-30,median_rent_per_sqft,all,all,646.53,67,moderate,[],2026-09-08,dlx-aggregates-2
community:312:quarter:2023-07-01:median_rent_per_sqft:all:all,community,312,Muhaisanah First,,quarter,2023-07-01,2023-09-30,median_rent_per_sqft,all,all,653.54,63,moderate,[],2026-09-08,dlx-aggregates-2
community:312:quarter:2023-10-01:median_rent_per_sqft:all:all,community,312,Muhaisanah First,,quarter,2023-10-01,2023-12-31,median_rent_per_sqft,all,all,665.98,57,moderate,[],2026-09-08,dlx-aggregates-2
community:312:quarter:2024-01-01:median_rent_per_sqft:all:all,community,312,Muhaisanah First,,quarter,2024-01-01,2024-03-31,median_rent_per_sqft,all,all,688.07,70,moderate,[],2026-09-08,dlx-aggregates-2
community:312:quarter:2024-04-01:median_rent_per_sqft:all:all,community,312,Muhaisanah First,,quarter,2024-04-01,2024-06-30,median_rent_per_sqft,all,all,754.2,62,moderate,[],2026-09-08,dlx-aggregates-2
community:312:quarter:2024-07-01:median_rent_per_sqft:all:all,community,312,Muhaisanah First,,quarter,2024-07-01,2024-09-30,median_rent_per_sqft,all,all,786.51,56,moderate,[],2026-09-08,dlx-aggregates-2
community:312:quarter:2024-10-01:median_rent_per_sqft:all:all,community,312,Muhaisanah First,,quarter,2024-10-01,2024-12-31,median_rent_per_sqft,all,all,749.33,69,moderate,[],2026-09-08,dlx-aggregates-2
community:312:quarter:2025-01-01:median_rent_per_sqft:all:all,community,312,Muhaisanah First,,quarter,2025-01-01,2025-03-31,median_rent_per_sqft,all,all,740.01,58,moderate,[],2026-09-08,dlx-aggregates-2
community:312:quarter:2025-04-01:median_rent_per_sqft:all:all,community,312,Muhaisanah First,,quarter,2025-04-01,2025-06-30,median_rent_per_sqft,all,all,813.06,71,moderate,[],2026-09-08,dlx-aggregates-2
community:312:quarter:2025-07-01:median_rent_per_sqft:all:all,community,312,Muhaisanah First,,quarter,2025-07-01,2025-09-30,median_rent_per_sqft,all,all,821.3,69,moderate,[],2026-09-08,dlx-aggregates-2
community:312:quarter:2025-10-01:median_rent_per_sqft:all:all,community,312,Muhaisanah First,,quarter,2025-10-01,2025-12-31,median_rent_per_sqft,all,all,849.25,70,moderate,[],2026-09-08,dlx-aggregates-2
community:312:quarter:2026-01-01:median_rent_per_sqft:all:all,community,312,Muhaisanah First,,quarter,2026-01-01,2026-03-31,median_rent_per_sqft,all,all,776.66,55,moderate,[],2026-09-08,dlx-aggregates-2
community:312:quarter:2026-04-01:median_rent_per_sqft:all:all,community,312,Muhaisanah First,,quarter,2026-04-01,2026-06-30,median_rent_per_sqft,all,all,846.22,64,moderate,[],2026-09-08,dlx-aggregates-2
community:312:quarter:2026-07-01:median_rent_per_sqft:all:all,community,312,Muhaisanah First,,quarter,2026-07-01,2026-09-30,median_rent_per_sqft,all,all,850.61,52,moderate,[],2026-09-08,dlx-aggregates-2
community:313:quarter:2019-01-01:median_rent_per_sqft:all:all,community,313,Al Saffa First,,quarter,2019-01-01,2019-03-31,median_rent_per_sqft,all,all,700.0,121,moderate,[],2026-09-08,dlx-aggregates-2
community:313:quarter:2019-04-01:median_rent_per_sqft:all:all,community,313,Al Saffa First,,quarter,2019-04-01,2019-06-30,median_rent_per_sqft,all,all,686.55,110,moderate,[],2026-09-08,dlx-aggregates-2
community:313:quarter:2019-07-01:median_rent_per_sqft:all:all,community,313,Al Saffa First,,quarter,2019-07-01,2019-09-30,median_rent_per_sqft,all,all,689.66,194,moderate,[],2026-09-08,dlx-aggregates-2
community:313:quarter:2019-10-01:median_rent_per_sqft:all:all,community,313,Al Saffa First,,quarter,2019-10-01,2019-12-31,median_rent_per_sqft,all,all,673.44,148,moderate,[],2026-09-08,dlx-aggregates-2
community:313:quarter:2020-01-01:median_rent_per_sqft:all:all,community,313,Al Saffa First,,quarter,2020-01-01,2020-03-31,median_rent_per_sqft,all,all,645.38,164,moderate,[],2026-09-08,dlx-aggregates-2
community:313:quarter:2020-04-01:median_rent_per_sqft:all:all,community,313,Al Saffa First,,quarter,2020-04-01,2020-06-30,median_rent_per_sqft,all,all,613.68,115,moderate,[],2026-09-08,dlx-aggregates-2
community:313:quarter:2020-07-01:median_rent_per_sqft:all:all,community,313,Al Saffa First,,quarter,2020-07-01,2020-09-30,median_rent_per_sqft,all,all,600.35,151,moderate,[],2026-09-08,dlx-aggregates-2
community:313:quarter:2020-10-01:median_rent_per_sqft:all:all,community,313,Al Saffa First,,quarter,2020-10-01,2020-12-31,median_rent_per_sqft,all,all,616.61,194,moderate,[],2026-09-08,dlx-aggregates-2
community:313:quarter:2021-01-01:median_rent_per_sqft:all:all,community,313,Al Saffa First,,quarter,2021-01-01,2021-03-31,median_rent_per_sqft,all,all,600.35,173,moderate,[],2026-09-08,dlx-aggregates-2
community:313:quarter:2021-04-01:median_rent_per_sqft:all:all,community,313,Al Saffa First,,quarter,2021-04-01,2021-06-30,median_rent_per_sqft,all,all,600.35,136,moderate,[],2026-09-08,dlx-aggregates-2
community:313:quarter:2021-07-01:median_rent_per_sqft:all:all,community,313,Al Saffa First,,quarter,2021-07-01,2021-09-30,median_rent_per_sqft,all,all,603.15,166,moderate,[],2026-09-08,dlx-aggregates-2
community:313:quarter:2021-10-01:median_rent_per_sqft:all:all,community,313,Al Saffa First,,quarter,2021-10-01,2021-12-31,median_rent_per_sqft,all,all,611.18,213,higher,[],2026-09-08,dlx-aggregates-2
community:313:quarter:2022-01-01:median_rent_per_sqft:all:all,community,313,Al Saffa First,,quarter,2022-01-01,2022-03-31,median_rent_per_sqft,all,all,630.51,199,moderate,[],2026-09-08,dlx-aggregates-2
community:313:quarter:2022-04-01:median_rent_per_sqft:all:all,community,313,Al Saffa First,,quarter,2022-04-01,2022-06-30,median_rent_per_sqft,all,all,600.35,146,moderate,[],2026-09-08,dlx-aggregates-2
community:313:quarter:2022-07-01:median_rent_per_sqft:all:all,community,313,Al Saffa First,,quarter,2022-07-01,2022-09-30,median_rent_per_sqft,all,all,630.36,166,moderate,[],2026-09-08,dlx-aggregates-2
community:313:quarter:2022-10-01:median_rent_per_sqft:all:all,community,313,Al Saffa First,,quarter,2022-10-01,2022-12-31,median_rent_per_sqft,all,all,641.74,221,higher,[],2026-09-08,dlx-aggregates-2
community:313:quarter:2023-01-01:median_rent_per_sqft:all:all,community,313,Al Saffa First,,quarter,2023-01-01,2023-03-31,median_rent_per_sqft,all,all,655.98,192,moderate,[],2026-09-08,dlx-aggregates-2
community:313:quarter:2023-04-01:median_rent_per_sqft:all:all,community,313,Al Saffa First,,quarter,2023-04-01,2023-06-30,median_rent_per_sqft,all,all,641.8,150,moderate,[],2026-09-08,dlx-aggregates-2
community:313:quarter:2023-07-01:median_rent_per_sqft:all:all,community,313,Al Saffa First,,quarter,2023-07-01,2023-09-30,median_rent_per_sqft,all,all,661.88,177,moderate,[],2026-09-08,dlx-aggregates-2
community:313:quarter:2023-10-01:median_rent_per_sqft:all:all,community,313,Al Saffa First,,quarter,2023-10-01,2023-12-31,median_rent_per_sqft,all,all,661.88,182,moderate,[],2026-09-08,dlx-aggregates-2
community:313:quarter:2024-01-01:median_rent_per_sqft:all:all,community,313,Al Saffa First,,quarter,2024-01-01,2024-03-31,median_rent_per_sqft,all,all,689.83,200,higher,[],2026-09-08,dlx-aggregates-2
community:313:quarter:2024-04-01:median_rent_per_sqft:all:all,community,313,Al Saffa First,,quarter,2024-04-01,2024-06-30,median_rent_per_sqft,all,all,729.37,178,moderate,[],2026-09-08,dlx-aggregates-2
community:313:quarter:2024-07-01:median_rent_per_sqft:all:all,community,313,Al Saffa First,,quarter,2024-07-01,2024-09-30,median_rent_per_sqft,all,all,751.45,178,moderate,[],2026-09-08,dlx-aggregates-2
community:313:quarter:2024-10-01:median_rent_per_sqft:all:all,community,313,Al Saffa First,,quarter,2024-10-01,2024-12-31,median_rent_per_sqft,all,all,836.64,304,higher,[],2026-09-08,dlx-aggregates-2
community:313:quarter:2025-01-01:median_rent_per_sqft:all:all,community,313,Al Saffa First,,quarter,2025-01-01,2025-03-31,median_rent_per_sqft,all,all,1061.78,296,higher,[],2026-09-08,dlx-aggregates-2
community:313:quarter:2025-04-01:median_rent_per_sqft:all:all,community,313,Al Saffa First,,quarter,2025-04-01,2025-06-30,median_rent_per_sqft,all,all,774.45,185,moderate,[],2026-09-08,dlx-aggregates-2
community:313:quarter:2025-07-01:median_rent_per_sqft:all:all,community,313,Al Saffa First,,quarter,2025-07-01,2025-09-30,median_rent_per_sqft,all,all,787.08,179,moderate,[],2026-09-08,dlx-aggregates-2
community:313:quarter:2025-10-01:median_rent_per_sqft:all:all,community,313,Al Saffa First,,quarter,2025-10-01,2025-12-31,median_rent_per_sqft,all,all,1013.99,283,higher,[],2026-09-08,dlx-aggregates-2
community:313:quarter:2026-01-01:median_rent_per_sqft:all:all,community,313,Al Saffa First,,quarter,2026-01-01,2026-03-31,median_rent_per_sqft,all,all,1140.58,270,higher,[],2026-09-08,dlx-aggregates-2
community:313:quarter:2026-04-01:median_rent_per_sqft:all:all,community,313,Al Saffa First,,quarter,2026-04-01,2026-06-30,median_rent_per_sqft,all,all,854.61,155,moderate,[],2026-09-08,dlx-aggregates-2
community:313:quarter:2026-07-01:median_rent_per_sqft:all:all,community,313,Al Saffa First,,quarter,2026-07-01,2026-09-30,median_rent_per_sqft,all,all,847.1,113,moderate,[],2026-09-08,dlx-aggregates-2
community:314:quarter:2019-01-01:median_rent_per_sqft:all:all,community,314,Al Saffa Second,,quarter,2019-01-01,2019-03-31,median_rent_per_sqft,all,all,502.8,62,moderate,[],2026-09-08,dlx-aggregates-2
community:314:quarter:2019-04-01:median_rent_per_sqft:all:all,community,314,Al Saffa Second,,quarter,2019-04-01,2019-06-30,median_rent_per_sqft,all,all,548.78,75,moderate,[],2026-09-08,dlx-aggregates-2
community:314:quarter:2019-07-01:median_rent_per_sqft:all:all,community,314,Al Saffa Second,,quarter,2019-07-01,2019-09-30,median_rent_per_sqft,all,all,416.85,90,moderate,[],2026-09-08,dlx-aggregates-2
community:314:quarter:2019-10-01:median_rent_per_sqft:all:all,community,314,Al Saffa Second,,quarter,2019-10-01,2019-12-31,median_rent_per_sqft,all,all,458.02,81,moderate,[],2026-09-08,dlx-aggregates-2
community:314:quarter:2020-01-01:median_rent_per_sqft:all:all,community,314,Al Saffa Second,,quarter,2020-01-01,2020-03-31,median_rent_per_sqft,all,all,487.01,65,moderate,[],2026-09-08,dlx-aggregates-2
community:314:quarter:2020-04-01:median_rent_per_sqft:all:all,community,314,Al Saffa Second,,quarter,2020-04-01,2020-06-30,median_rent_per_sqft,all,all,492.13,56,moderate,[],2026-09-08,dlx-aggregates-2
community:314:quarter:2020-07-01:median_rent_per_sqft:all:all,community,314,Al Saffa Second,,quarter,2020-07-01,2020-09-30,median_rent_per_sqft,all,all,388.77,93,moderate,[],2026-09-08,dlx-aggregates-2
community:314:quarter:2020-10-01:median_rent_per_sqft:all:all,community,314,Al Saffa Second,,quarter,2020-10-01,2020-12-31,median_rent_per_sqft,all,all,410.24,94,moderate,[],2026-09-08,dlx-aggregates-2
community:314:quarter:2021-01-01:median_rent_per_sqft:all:all,community,314,Al Saffa Second,,quarter,2021-01-01,2021-03-31,median_rent_per_sqft,all,all,416.67,93,moderate,[],2026-09-08,dlx-aggregates-2
community:314:quarter:2021-04-01:median_rent_per_sqft:all:all,community,314,Al Saffa Second,,quarter,2021-04-01,2021-06-30,median_rent_per_sqft,all,all,425.93,73,moderate,[],2026-09-08,dlx-aggregates-2
community:314:quarter:2021-07-01:median_rent_per_sqft:all:all,community,314,Al Saffa Second,,quarter,2021-07-01,2021-09-30,median_rent_per_sqft,all,all,486.25,100,moderate,[],2026-09-08,dlx-aggregates-2
community:314:quarter:2021-10-01:median_rent_per_sqft:all:all,community,314,Al Saffa Second,,quarter,2021-10-01,2021-12-31,median_rent_per_sqft,all,all,424.43,91,moderate,[],2026-09-08,dlx-aggregates-2
community:314:quarter:2022-01-01:median_rent_per_sqft:all:all,community,314,Al Saffa Second,,quarter,2022-01-01,2022-03-31,median_rent_per_sqft,all,all,509.74,78,moderate,[],2026-09-08,dlx-aggregates-2
community:314:quarter:2022-04-01:median_rent_per_sqft:all:all,community,314,Al Saffa Second,,quarter,2022-04-01,2022-06-30,median_rent_per_sqft,all,all,476.19,77,moderate,[],2026-09-08,dlx-aggregates-2
community:314:quarter:2022-07-01:median_rent_per_sqft:all:all,community,314,Al Saffa Second,,quarter,2022-07-01,2022-09-30,median_rent_per_sqft,all,all,548.63,111,moderate,[],2026-09-08,dlx-aggregates-2
community:314:quarter:2022-10-01:median_rent_per_sqft:all:all,community,314,Al Saffa Second,,quarter,2022-10-01,2022-12-31,median_rent_per_sqft,all,all,461.95,84,moderate,[],2026-09-08,dlx-aggregates-2
community:314:quarter:2023-01-01:median_rent_per_sqft:all:all,community,314,Al Saffa Second,,quarter,2023-01-01,2023-03-31,median_rent_per_sqft,all,all,541.94,82,moderate,[],2026-09-08,dlx-aggregates-2
community:314:quarter:2023-04-01:median_rent_per_sqft:all:all,community,314,Al Saffa Second,,quarter,2023-04-01,2023-06-30,median_rent_per_sqft,all,all,536.13,83,moderate,[],2026-09-08,dlx-aggregates-2
community:314:quarter:2023-07-01:median_rent_per_sqft:all:all,community,314,Al Saffa Second,,quarter,2023-07-01,2023-09-30,median_rent_per_sqft,all,all,569.23,105,moderate,[],2026-09-08,dlx-aggregates-2
community:314:quarter:2023-10-01:median_rent_per_sqft:all:all,community,314,Al Saffa Second,,quarter,2023-10-01,2023-12-31,median_rent_per_sqft,all,all,528.0,93,moderate,[],2026-09-08,dlx-aggregates-2
community:314:quarter:2024-01-01:median_rent_per_sqft:all:all,community,314,Al Saffa Second,,quarter,2024-01-01,2024-03-31,median_rent_per_sqft,all,all,604.86,76,moderate,[],2026-09-08,dlx-aggregates-2
community:314:quarter:2024-04-01:median_rent_per_sqft:all:all,community,314,Al Saffa Second,,quarter,2024-04-01,2024-06-30,median_rent_per_sqft,all,all,550.17,80,moderate,[],2026-09-08,dlx-aggregates-2
community:314:quarter:2024-07-01:median_rent_per_sqft:all:all,community,314,Al Saffa Second,,quarter,2024-07-01,2024-09-30,median_rent_per_sqft,all,all,645.69,109,moderate,[],2026-09-08,dlx-aggregates-2
community:314:quarter:2024-10-01:median_rent_per_sqft:all:all,community,314,Al Saffa Second,,quarter,2024-10-01,2024-12-31,median_rent_per_sqft,all,all,591.4,81,moderate,[],2026-09-08,dlx-aggregates-2
community:314:quarter:2025-01-01:median_rent_per_sqft:all:all,community,314,Al Saffa Second,,quarter,2025-01-01,2025-03-31,median_rent_per_sqft,all,all,635.11,88,moderate,[],2026-09-08,dlx-aggregates-2
community:314:quarter:2025-04-01:median_rent_per_sqft:all:all,community,314,Al Saffa Second,,quarter,2025-04-01,2025-06-30,median_rent_per_sqft,all,all,637.68,85,moderate,[],2026-09-08,dlx-aggregates-2
community:314:quarter:2025-07-01:median_rent_per_sqft:all:all,community,314,Al Saffa Second,,quarter,2025-07-01,2025-09-30,median_rent_per_sqft,all,all,652.17,105,moderate,[],2026-09-08,dlx-aggregates-2
community:314:quarter:2025-10-01:median_rent_per_sqft:all:all,community,314,Al Saffa Second,,quarter,2025-10-01,2025-12-31,median_rent_per_sqft,all,all,637.53,92,moderate,[],2026-09-08,dlx-aggregates-2
community:314:quarter:2026-01-01:median_rent_per_sqft:all:all,community,314,Al Saffa Second,,quarter,2026-01-01,2026-03-31,median_rent_per_sqft,all,all,672.08,77,moderate,[],2026-09-08,dlx-aggregates-2
community:314:quarter:2026-04-01:median_rent_per_sqft:all:all,community,314,Al Saffa Second,,quarter,2026-04-01,2026-06-30,median_rent_per_sqft,all,all,639.95,70,moderate,[],2026-09-08,dlx-aggregates-2
community:314:quarter:2026-07-01:median_rent_per_sqft:all:all,community,314,Al Saffa Second,,quarter,2026-07-01,2026-09-30,median_rent_per_sqft,all,all,720.6,62,moderate,[],2026-09-08,dlx-aggregates-2
community:315:quarter:2019-01-01:median_rent_per_sqft:all:all,community,315,Al Manara,,quarter,2019-01-01,2019-03-31,median_rent_per_sqft,all,all,492.26,93,moderate,[],2026-09-08,dlx-aggregates-2
community:315:quarter:2019-04-01:median_rent_per_sqft:all:all,community,315,Al Manara,,quarter,2019-04-01,2019-06-30,median_rent_per_sqft,all,all,461.61,87,moderate,[],2026-09-08,dlx-aggregates-2
community:315:quarter:2019-07-01:median_rent_per_sqft:all:all,community,315,Al Manara,,quarter,2019-07-01,2019-09-30,median_rent_per_sqft,all,all,441.32,123,moderate,[],2026-09-08,dlx-aggregates-2
community:315:quarter:2019-10-01:median_rent_per_sqft:all:all,community,315,Al Manara,,quarter,2019-10-01,2019-12-31,median_rent_per_sqft,all,all,426.99,87,moderate,[],2026-09-08,dlx-aggregates-2
community:315:quarter:2020-01-01:median_rent_per_sqft:all:all,community,315,Al Manara,,quarter,2020-01-01,2020-03-31,median_rent_per_sqft,all,all,461.31,83,moderate,[],2026-09-08,dlx-aggregates-2
community:315:quarter:2020-04-01:median_rent_per_sqft:all:all,community,315,Al Manara,,quarter,2020-04-01,2020-06-30,median_rent_per_sqft,all,all,411.75,82,moderate,[],2026-09-08,dlx-aggregates-2
community:315:quarter:2020-07-01:median_rent_per_sqft:all:all,community,315,Al Manara,,quarter,2020-07-01,2020-09-30,median_rent_per_sqft,all,all,381.94,123,moderate,[],2026-09-08,dlx-aggregates-2
community:315:quarter:2020-10-01:median_rent_per_sqft:all:all,community,315,Al Manara,,quarter,2020-10-01,2020-12-31,median_rent_per_sqft,all,all,412.79,94,moderate,[],2026-09-08,dlx-aggregates-2
community:315:quarter:2021-01-01:median_rent_per_sqft:all:all,community,315,Al Manara,,quarter,2021-01-01,2021-03-31,median_rent_per_sqft,all,all,422.87,110,moderate,[],2026-09-08,dlx-aggregates-2
community:315:quarter:2021-04-01:median_rent_per_sqft:all:all,community,315,Al Manara,,quarter,2021-04-01,2021-06-30,median_rent_per_sqft,all,all,378.79,97,moderate,[],2026-09-08,dlx-aggregates-2
community:315:quarter:2021-07-01:median_rent_per_sqft:all:all,community,315,Al Manara,,quarter,2021-07-01,2021-09-30,median_rent_per_sqft,all,all,376.34,125,moderate,[],2026-09-08,dlx-aggregates-2
community:315:quarter:2021-10-01:median_rent_per_sqft:all:all,community,315,Al Manara,,quarter,2021-10-01,2021-12-31,median_rent_per_sqft,all,all,409.8,103,moderate,[],2026-09-08,dlx-aggregates-2
community:315:quarter:2022-01-01:median_rent_per_sqft:all:all,community,315,Al Manara,,quarter,2022-01-01,2022-03-31,median_rent_per_sqft,all,all,419.16,106,moderate,[],2026-09-08,dlx-aggregates-2
community:315:quarter:2022-04-01:median_rent_per_sqft:all:all,community,315,Al Manara,,quarter,2022-04-01,2022-06-30,median_rent_per_sqft,all,all,430.67,78,moderate,[],2026-09-08,dlx-aggregates-2
community:315:quarter:2022-07-01:median_rent_per_sqft:all:all,community,315,Al Manara,,quarter,2022-07-01,2022-09-30,median_rent_per_sqft,all,all,417.89,152,moderate,[],2026-09-08,dlx-aggregates-2
community:315:quarter:2022-10-01:median_rent_per_sqft:all:all,community,315,Al Manara,,quarter,2022-10-01,2022-12-31,median_rent_per_sqft,all,all,410.06,97,moderate,[],2026-09-08,dlx-aggregates-2
community:315:quarter:2023-01-01:median_rent_per_sqft:all:all,community,315,Al Manara,,quarter,2023-01-01,2023-03-31,median_rent_per_sqft,all,all,468.84,104,moderate,[],2026-09-08,dlx-aggregates-2
community:315:quarter:2023-04-01:median_rent_per_sqft:all:all,community,315,Al Manara,,quarter,2023-04-01,2023-06-30,median_rent_per_sqft,all,all,461.61,77,moderate,[],2026-09-08,dlx-aggregates-2
community:315:quarter:2023-07-01:median_rent_per_sqft:all:all,community,315,Al Manara,,quarter,2023-07-01,2023-09-30,median_rent_per_sqft,all,all,450.47,147,moderate,[],2026-09-08,dlx-aggregates-2
community:315:quarter:2023-10-01:median_rent_per_sqft:all:all,community,315,Al Manara,,quarter,2023-10-01,2023-12-31,median_rent_per_sqft,all,all,451.96,105,moderate,[],2026-09-08,dlx-aggregates-2
community:315:quarter:2024-01-01:median_rent_per_sqft:all:all,community,315,Al Manara,,quarter,2024-01-01,2024-03-31,median_rent_per_sqft,all,all,500.61,110,moderate,[],2026-09-08,dlx-aggregates-2
community:315:quarter:2024-04-01:median_rent_per_sqft:all:all,community,315,Al Manara,,quarter,2024-04-01,2024-06-30,median_rent_per_sqft,all,all,515.25,74,moderate,[],2026-09-08,dlx-aggregates-2
community:315:quarter:2024-07-01:median_rent_per_sqft:all:all,community,315,Al Manara,,quarter,2024-07-01,2024-09-30,median_rent_per_sqft,all,all,494.62,147,moderate,[],2026-09-08,dlx-aggregates-2
community:315:quarter:2024-10-01:median_rent_per_sqft:all:all,community,315,Al Manara,,quarter,2024-10-01,2024-12-31,median_rent_per_sqft,all,all,563.8,116,moderate,[],2026-09-08,dlx-aggregates-2
community:315:quarter:2025-01-01:median_rent_per_sqft:all:all,community,315,Al Manara,,quarter,2025-01-01,2025-03-31,median_rent_per_sqft,all,all,511.29,103,moderate,[],2026-09-08,dlx-aggregates-2
community:315:quarter:2025-04-01:median_rent_per_sqft:all:all,community,315,Al Manara,,quarter,2025-04-01,2025-06-30,median_rent_per_sqft,all,all,563.3,72,moderate,[],2026-09-08,dlx-aggregates-2
community:315:quarter:2025-07-01:median_rent_per_sqft:all:all,community,315,Al Manara,,quarter,2025-07-01,2025-09-30,median_rent_per_sqft,all,all,510.36,144,moderate,[],2026-09-08,dlx-aggregates-2
community:315:quarter:2025-10-01:median_rent_per_sqft:all:all,community,315,Al Manara,,quarter,2025-10-01,2025-12-31,median_rent_per_sqft,all,all,571.9,108,moderate,[],2026-09-08,dlx-aggregates-2
community:315:quarter:2026-01-01:median_rent_per_sqft:all:all,community,315,Al Manara,,quarter,2026-01-01,2026-03-31,median_rent_per_sqft,all,all,560.33,108,moderate,[],2026-09-08,dlx-aggregates-2
community:315:quarter:2026-04-01:median_rent_per_sqft:all:all,community,315,Al Manara,,quarter,2026-04-01,2026-06-30,median_rent_per_sqft,all,all,672.61,68,moderate,[],2026-09-08,dlx-aggregates-2
community:315:quarter:2026-07-01:median_rent_per_sqft:all:all,community,315,Al Manara,,quarter,2026-07-01,2026-09-30,median_rent_per_sqft,all,all,506.0,81,moderate,[],2026-09-08,dlx-aggregates-2
community:316:quarter:2024-10-01:median_rent_per_sqft:all:all,community,316,Al Mizhar First,,quarter,2024-10-01,2024-12-31,median_rent_per_sqft,all,all,163.06,30,moderate,[],2026-09-08,dlx-aggregates-2
community:316:quarter:2026-01-01:median_rent_per_sqft:all:all,community,316,Al Mizhar First,,quarter,2026-01-01,2026-03-31,median_rent_per_sqft,all,all,194.59,30,moderate,[],2026-09-08,dlx-aggregates-2
community:316:quarter:2026-04-01:median_rent_per_sqft:all:all,community,316,Al Mizhar First,,quarter,2026-04-01,2026-06-30,median_rent_per_sqft,all,all,161.11,30,moderate,[],2026-09-08,dlx-aggregates-2
community:317:quarter:2019-01-01:median_rent_per_sqft:all:all,community,317,Jumeirah First,,quarter,2019-01-01,2019-03-31,median_rent_per_sqft,all,all,552.5,320,higher,[],2026-09-08,dlx-aggregates-2
community:317:quarter:2019-04-01:median_rent_per_sqft:all:all,community,317,Jumeirah First,,quarter,2019-04-01,2019-06-30,median_rent_per_sqft,all,all,547.52,340,higher,[],2026-09-08,dlx-aggregates-2
community:317:quarter:2019-07-01:median_rent_per_sqft:all:all,community,317,Jumeirah First,,quarter,2019-07-01,2019-09-30,median_rent_per_sqft,all,all,553.52,317,higher,[],2026-09-08,dlx-aggregates-2
community:317:quarter:2019-10-01:median_rent_per_sqft:all:all,community,317,Jumeirah First,,quarter,2019-10-01,2019-12-31,median_rent_per_sqft,all,all,553.88,313,higher,[],2026-09-08,dlx-aggregates-2
community:317:quarter:2020-01-01:median_rent_per_sqft:all:all,community,317,Jumeirah First,,quarter,2020-01-01,2020-03-31,median_rent_per_sqft,all,all,509.48,350,higher,[],2026-09-08,dlx-aggregates-2
community:317:quarter:2020-04-01:median_rent_per_sqft:all:all,community,317,Jumeirah First,,quarter,2020-04-01,2020-06-30,median_rent_per_sqft,all,all,500.17,285,higher,[],2026-09-08,dlx-aggregates-2
community:317:quarter:2020-07-01:median_rent_per_sqft:all:all,community,317,Jumeirah First,,quarter,2020-07-01,2020-09-30,median_rent_per_sqft,all,all,505.4,388,higher,[],2026-09-08,dlx-aggregates-2
community:317:quarter:2020-10-01:median_rent_per_sqft:all:all,community,317,Jumeirah First,,quarter,2020-10-01,2020-12-31,median_rent_per_sqft,all,all,547.52,355,higher,[],2026-09-08,dlx-aggregates-2
community:317:quarter:2021-01-01:median_rent_per_sqft:all:all,community,317,Jumeirah First,,quarter,2021-01-01,2021-03-31,median_rent_per_sqft,all,all,485.43,376,higher,[],2026-09-08,dlx-aggregates-2
community:317:quarter:2021-04-01:median_rent_per_sqft:all:all,community,317,Jumeirah First,,quarter,2021-04-01,2021-06-30,median_rent_per_sqft,all,all,500.0,391,higher,[],2026-09-08,dlx-aggregates-2
community:317:quarter:2021-07-01:median_rent_per_sqft:all:all,community,317,Jumeirah First,,quarter,2021-07-01,2021-09-30,median_rent_per_sqft,all,all,515.32,431,higher,[],2026-09-08,dlx-aggregates-2
community:317:quarter:2021-10-01:median_rent_per_sqft:all:all,community,317,Jumeirah First,,quarter,2021-10-01,2021-12-31,median_rent_per_sqft,all,all,547.52,426,higher,[],2026-09-08,dlx-aggregates-2
community:317:quarter:2022-01-01:median_rent_per_sqft:all:all,community,317,Jumeirah First,,quarter,2022-01-01,2022-03-31,median_rent_per_sqft,all,all,513.01,425,higher,[],2026-09-08,dlx-aggregates-2
community:317:quarter:2022-04-01:median_rent_per_sqft:all:all,community,317,Jumeirah First,,quarter,2022-04-01,2022-06-30,median_rent_per_sqft,all,all,547.52,425,higher,[],2026-09-08,dlx-aggregates-2
community:317:quarter:2022-07-01:median_rent_per_sqft:all:all,community,317,Jumeirah First,,quarter,2022-07-01,2022-09-30,median_rent_per_sqft,all,all,540.21,474,higher,[],2026-09-08,dlx-aggregates-2
community:317:quarter:2022-10-01:median_rent_per_sqft:all:all,community,317,Jumeirah First,,quarter,2022-10-01,2022-12-31,median_rent_per_sqft,all,all,635.59,563,higher,[],2026-09-08,dlx-aggregates-2
community:317:quarter:2023-01-01:median_rent_per_sqft:all:all,community,317,Jumeirah First,,quarter,2023-01-01,2023-03-31,median_rent_per_sqft,all,all,556.54,466,higher,[],2026-09-08,dlx-aggregates-2
community:317:quarter:2023-04-01:median_rent_per_sqft:all:all,community,317,Jumeirah First,,quarter,2023-04-01,2023-06-30,median_rent_per_sqft,all,all,603.68,445,higher,[],2026-09-08,dlx-aggregates-2
community:317:quarter:2023-07-01:median_rent_per_sqft:all:all,community,317,Jumeirah First,,quarter,2023-07-01,2023-09-30,median_rent_per_sqft,all,all,592.02,504,higher,[],2026-09-08,dlx-aggregates-2
community:317:quarter:2023-10-01:median_rent_per_sqft:all:all,community,317,Jumeirah First,,quarter,2023-10-01,2023-12-31,median_rent_per_sqft,all,all,700.9,553,higher,[],2026-09-08,dlx-aggregates-2
community:317:quarter:2024-01-01:median_rent_per_sqft:all:all,community,317,Jumeirah First,,quarter,2024-01-01,2024-03-31,median_rent_per_sqft,all,all,649.43,507,higher,[],2026-09-08,dlx-aggregates-2
community:317:quarter:2024-04-01:median_rent_per_sqft:all:all,community,317,Jumeirah First,,quarter,2024-04-01,2024-06-30,median_rent_per_sqft,all,all,679.07,487,higher,[],2026-09-08,dlx-aggregates-2
community:317:quarter:2024-07-01:median_rent_per_sqft:all:all,community,317,Jumeirah First,,quarter,2024-07-01,2024-09-30,median_rent_per_sqft,all,all,695.65,548,higher,[],2026-09-08,dlx-aggregates-2
community:317:quarter:2024-10-01:median_rent_per_sqft:all:all,community,317,Jumeirah First,,quarter,2024-10-01,2024-12-31,median_rent_per_sqft,all,all,761.02,564,higher,[],2026-09-08,dlx-aggregates-2
community:317:quarter:2025-01-01:median_rent_per_sqft:all:all,community,317,Jumeirah First,,quarter,2025-01-01,2025-03-31,median_rent_per_sqft,all,all,750.0,548,higher,[],2026-09-08,dlx-aggregates-2
community:317:quarter:2025-04-01:median_rent_per_sqft:all:all,community,317,Jumeirah First,,quarter,2025-04-01,2025-06-30,median_rent_per_sqft,all,all,741.41,504,higher,[],2026-09-08,dlx-aggregates-2
community:317:quarter:2025-07-01:median_rent_per_sqft:all:all,community,317,Jumeirah First,,quarter,2025-07-01,2025-09-30,median_rent_per_sqft,all,all,752.11,574,higher,[],2026-09-08,dlx-aggregates-2
community:317:quarter:2025-10-01:median_rent_per_sqft:all:all,community,317,Jumeirah First,,quarter,2025-10-01,2025-12-31,median_rent_per_sqft,all,all,813.12,556,higher,[],2026-09-08,dlx-aggregates-2
community:317:quarter:2026-01-01:median_rent_per_sqft:all:all,community,317,Jumeirah First,,quarter,2026-01-01,2026-03-31,median_rent_per_sqft,all,all,823.87,530,higher,[],2026-09-08,dlx-aggregates-2
community:317:quarter:2026-04-01:median_rent_per_sqft:all:all,community,317,Jumeirah First,,quarter,2026-04-01,2026-06-30,median_rent_per_sqft,all,all,786.46,444,higher,[],2026-09-08,dlx-aggregates-2
community:317:quarter:2026-07-01:median_rent_per_sqft:all:all,community,317,Jumeirah First,,quarter,2026-07-01,2026-09-30,median_rent_per_sqft,all,all,815.29,373,higher,[],2026-09-08,dlx-aggregates-2
community:318:quarter:2019-01-01:median_rent_per_sqft:all:all,community,318,Jumeirah Third,,quarter,2019-01-01,2019-03-31,median_rent_per_sqft,all,all,561.33,186,moderate,[],2026-09-08,dlx-aggregates-2
community:318:quarter:2019-04-01:median_rent_per_sqft:all:all,community,318,Jumeirah Third,,quarter,2019-04-01,2019-06-30,median_rent_per_sqft,all,all,558.85,193,moderate,[],2026-09-08,dlx-aggregates-2
community:318:quarter:2019-07-01:median_rent_per_sqft:all:all,community,318,Jumeirah Third,,quarter,2019-07-01,2019-09-30,median_rent_per_sqft,all,all,502.32,207,higher,[],2026-09-08,dlx-aggregates-2
community:318:quarter:2019-10-01:median_rent_per_sqft:all:all,community,318,Jumeirah Third,,quarter,2019-10-01,2019-12-31,median_rent_per_sqft,all,all,502.91,184,moderate,[],2026-09-08,dlx-aggregates-2
community:318:quarter:2020-01-01:median_rent_per_sqft:all:all,community,318,Jumeirah Third,,quarter,2020-01-01,2020-03-31,median_rent_per_sqft,all,all,492.79,190,moderate,[],2026-09-08,dlx-aggregates-2
community:318:quarter:2020-04-01:median_rent_per_sqft:all:all,community,318,Jumeirah Third,,quarter,2020-04-01,2020-06-30,median_rent_per_sqft,all,all,492.75,166,moderate,[],2026-09-08,dlx-aggregates-2
community:318:quarter:2020-07-01:median_rent_per_sqft:all:all,community,318,Jumeirah Third,,quarter,2020-07-01,2020-09-30,median_rent_per_sqft,all,all,466.2,216,higher,[],2026-09-08,dlx-aggregates-2
community:318:quarter:2020-10-01:median_rent_per_sqft:all:all,community,318,Jumeirah Third,,quarter,2020-10-01,2020-12-31,median_rent_per_sqft,all,all,470.1,202,higher,[],2026-09-08,dlx-aggregates-2
community:318:quarter:2021-01-01:median_rent_per_sqft:all:all,community,318,Jumeirah Third,,quarter,2021-01-01,2021-03-31,median_rent_per_sqft,all,all,453.49,205,higher,[],2026-09-08,dlx-aggregates-2
community:318:quarter:2021-04-01:median_rent_per_sqft:all:all,community,318,Jumeirah Third,,quarter,2021-04-01,2021-06-30,median_rent_per_sqft,all,all,490.66,190,moderate,[],2026-09-08,dlx-aggregates-2
community:318:quarter:2021-07-01:median_rent_per_sqft:all:all,community,318,Jumeirah Third,,quarter,2021-07-01,2021-09-30,median_rent_per_sqft,all,all,459.01,223,higher,[],2026-09-08,dlx-aggregates-2
community:318:quarter:2021-10-01:median_rent_per_sqft:all:all,community,318,Jumeirah Third,,quarter,2021-10-01,2021-12-31,median_rent_per_sqft,all,all,492.07,214,higher,[],2026-09-08,dlx-aggregates-2
community:318:quarter:2022-01-01:median_rent_per_sqft:all:all,community,318,Jumeirah Third,,quarter,2022-01-01,2022-03-31,median_rent_per_sqft,all,all,467.48,218,higher,[],2026-09-08,dlx-aggregates-2
community:318:quarter:2022-04-01:median_rent_per_sqft:all:all,community,318,Jumeirah Third,,quarter,2022-04-01,2022-06-30,median_rent_per_sqft,all,all,508.59,201,higher,[],2026-09-08,dlx-aggregates-2
community:318:quarter:2022-07-01:median_rent_per_sqft:all:all,community,318,Jumeirah Third,,quarter,2022-07-01,2022-09-30,median_rent_per_sqft,all,all,492.07,246,higher,[],2026-09-08,dlx-aggregates-2
community:318:quarter:2022-10-01:median_rent_per_sqft:all:all,community,318,Jumeirah Third,,quarter,2022-10-01,2022-12-31,median_rent_per_sqft,all,all,548.53,215,higher,[],2026-09-08,dlx-aggregates-2
community:318:quarter:2023-01-01:median_rent_per_sqft:all:all,community,318,Jumeirah Third,,quarter,2023-01-01,2023-03-31,median_rent_per_sqft,all,all,524.14,218,higher,[],2026-09-08,dlx-aggregates-2
community:318:quarter:2023-04-01:median_rent_per_sqft:all:all,community,318,Jumeirah Third,,quarter,2023-04-01,2023-06-30,median_rent_per_sqft,all,all,543.5,188,moderate,[],2026-09-08,dlx-aggregates-2
community:318:quarter:2023-07-01:median_rent_per_sqft:all:all,community,318,Jumeirah Third,,quarter,2023-07-01,2023-09-30,median_rent_per_sqft,all,all,541.34,226,higher,[],2026-09-08,dlx-aggregates-2
community:318:quarter:2023-10-01:median_rent_per_sqft:all:all,community,318,Jumeirah Third,,quarter,2023-10-01,2023-12-31,median_rent_per_sqft,all,all,599.72,216,higher,[],2026-09-08,dlx-aggregates-2
community:318:quarter:2024-01-01:median_rent_per_sqft:all:all,community,318,Jumeirah Third,,quarter,2024-01-01,2024-03-31,median_rent_per_sqft,all,all,580.47,204,higher,[],2026-09-08,dlx-aggregates-2
community:318:quarter:2024-04-01:median_rent_per_sqft:all:all,community,318,Jumeirah Third,,quarter,2024-04-01,2024-06-30,median_rent_per_sqft,all,all,629.14,190,moderate,[],2026-09-08,dlx-aggregates-2
community:318:quarter:2024-07-01:median_rent_per_sqft:all:all,community,318,Jumeirah Third,,quarter,2024-07-01,2024-09-30,median_rent_per_sqft,all,all,622.54,216,higher,[],2026-09-08,dlx-aggregates-2
community:318:quarter:2024-10-01:median_rent_per_sqft:all:all,community,318,Jumeirah Third,,quarter,2024-10-01,2024-12-31,median_rent_per_sqft,all,all,663.08,212,higher,[],2026-09-08,dlx-aggregates-2
community:318:quarter:2025-01-01:median_rent_per_sqft:all:all,community,318,Jumeirah Third,,quarter,2025-01-01,2025-03-31,median_rent_per_sqft,all,all,680.72,200,higher,[],2026-09-08,dlx-aggregates-2
community:318:quarter:2025-04-01:median_rent_per_sqft:all:all,community,318,Jumeirah Third,,quarter,2025-04-01,2025-06-30,median_rent_per_sqft,all,all,678.71,190,moderate,[],2026-09-08,dlx-aggregates-2
community:318:quarter:2025-07-01:median_rent_per_sqft:all:all,community,318,Jumeirah Third,,quarter,2025-07-01,2025-09-30,median_rent_per_sqft,all,all,657.33,210,higher,[],2026-09-08,dlx-aggregates-2
community:318:quarter:2025-10-01:median_rent_per_sqft:all:all,community,318,Jumeirah Third,,quarter,2025-10-01,2025-12-31,median_rent_per_sqft,all,all,722.26,201,higher,[],2026-09-08,dlx-aggregates-2
community:318:quarter:2026-01-01:median_rent_per_sqft:all:all,community,318,Jumeirah Third,,quarter,2026-01-01,2026-03-31,median_rent_per_sqft,all,all,721.97,217,higher,[],2026-09-08,dlx-aggregates-2
community:318:quarter:2026-04-01:median_rent_per_sqft:all:all,community,318,Jumeirah Third,,quarter,2026-04-01,2026-06-30,median_rent_per_sqft,all,all,719.2,165,moderate,[],2026-09-08,dlx-aggregates-2
community:318:quarter:2026-07-01:median_rent_per_sqft:all:all,community,318,Jumeirah Third,,quarter,2026-07-01,2026-09-30,median_rent_per_sqft,all,all,727.54,112,moderate,[],2026-09-08,dlx-aggregates-2
community:320:quarter:2019-01-01:median_rent_per_sqft:all:all,community,320,Al Qusais Industrial Second,,quarter,2019-01-01,2019-03-31,median_rent_per_sqft,all,all,483.3,93,moderate,[],2026-09-08,dlx-aggregates-2
community:320:quarter:2019-04-01:median_rent_per_sqft:all:all,community,320,Al Qusais Industrial Second,,quarter,2019-04-01,2019-06-30,median_rent_per_sqft,all,all,482.48,98,moderate,[],2026-09-08,dlx-aggregates-2
community:320:quarter:2019-07-01:median_rent_per_sqft:all:all,community,320,Al Qusais Industrial Second,,quarter,2019-07-01,2019-09-30,median_rent_per_sqft,all,all,468.97,81,moderate,[],2026-09-08,dlx-aggregates-2
community:320:quarter:2019-10-01:median_rent_per_sqft:all:all,community,320,Al Qusais Industrial Second,,quarter,2019-10-01,2019-12-31,median_rent_per_sqft,all,all,442.42,132,moderate,[],2026-09-08,dlx-aggregates-2
community:320:quarter:2020-01-01:median_rent_per_sqft:all:all,community,320,Al Qusais Industrial Second,,quarter,2020-01-01,2020-03-31,median_rent_per_sqft,all,all,433.57,105,moderate,[],2026-09-08,dlx-aggregates-2
community:320:quarter:2020-04-01:median_rent_per_sqft:all:all,community,320,Al Qusais Industrial Second,,quarter,2020-04-01,2020-06-30,median_rent_per_sqft,all,all,420.0,93,moderate,[],2026-09-08,dlx-aggregates-2
community:320:quarter:2020-07-01:median_rent_per_sqft:all:all,community,320,Al Qusais Industrial Second,,quarter,2020-07-01,2020-09-30,median_rent_per_sqft,all,all,405.28,82,moderate,[],2026-09-08,dlx-aggregates-2
community:320:quarter:2020-10-01:median_rent_per_sqft:all:all,community,320,Al Qusais Industrial Second,,quarter,2020-10-01,2020-12-31,median_rent_per_sqft,all,all,413.79,101,moderate,[],2026-09-08,dlx-aggregates-2
community:320:quarter:2021-01-01:median_rent_per_sqft:all:all,community,320,Al Qusais Industrial Second,,quarter,2021-01-01,2021-03-31,median_rent_per_sqft,all,all,396.5,107,moderate,[],2026-09-08,dlx-aggregates-2
community:320:quarter:2021-04-01:median_rent_per_sqft:all:all,community,320,Al Qusais Industrial Second,,quarter,2021-04-01,2021-06-30,median_rent_per_sqft,all,all,400.0,92,moderate,[],2026-09-08,dlx-aggregates-2
community:320:quarter:2021-07-01:median_rent_per_sqft:all:all,community,320,Al Qusais Industrial Second,,quarter,2021-07-01,2021-09-30,median_rent_per_sqft,all,all,376.07,92,moderate,[],2026-09-08,dlx-aggregates-2
community:320:quarter:2021-10-01:median_rent_per_sqft:all:all,community,320,Al Qusais Industrial Second,,quarter,2021-10-01,2021-12-31,median_rent_per_sqft,all,all,392.16,123,moderate,[],2026-09-08,dlx-aggregates-2
community:320:quarter:2022-01-01:median_rent_per_sqft:all:all,community,320,Al Qusais Industrial Second,,quarter,2022-01-01,2022-03-31,median_rent_per_sqft,all,all,391.43,115,moderate,[],2026-09-08,dlx-aggregates-2
community:320:quarter:2022-04-01:median_rent_per_sqft:all:all,community,320,Al Qusais Industrial Second,,quarter,2022-04-01,2022-06-30,median_rent_per_sqft,all,all,400.0,98,moderate,[],2026-09-08,dlx-aggregates-2
community:320:quarter:2022-07-01:median_rent_per_sqft:all:all,community,320,Al Qusais Industrial Second,,quarter,2022-07-01,2022-09-30,median_rent_per_sqft,all,all,384.62,101,moderate,[],2026-09-08,dlx-aggregates-2
community:320:quarter:2022-10-01:median_rent_per_sqft:all:all,community,320,Al Qusais Industrial Second,,quarter,2022-10-01,2022-12-31,median_rent_per_sqft,all,all,404.94,112,moderate,[],2026-09-08,dlx-aggregates-2
community:320:quarter:2023-01-01:median_rent_per_sqft:all:all,community,320,Al Qusais Industrial Second,,quarter,2023-01-01,2023-03-31,median_rent_per_sqft,all,all,411.76,116,moderate,[],2026-09-08,dlx-aggregates-2
community:320:quarter:2023-04-01:median_rent_per_sqft:all:all,community,320,Al Qusais Industrial Second,,quarter,2023-04-01,2023-06-30,median_rent_per_sqft,all,all,420.46,99,moderate,[],2026-09-08,dlx-aggregates-2
community:320:quarter:2023-07-01:median_rent_per_sqft:all:all,community,320,Al Qusais Industrial Second,,quarter,2023-07-01,2023-09-30,median_rent_per_sqft,all,all,415.96,94,moderate,[],2026-09-08,dlx-aggregates-2
community:320:quarter:2023-10-01:median_rent_per_sqft:all:all,community,320,Al Qusais Industrial Second,,quarter,2023-10-01,2023-12-31,median_rent_per_sqft,all,all,426.44,119,moderate,[],2026-09-08,dlx-aggregates-2
community:320:quarter:2024-01-01:median_rent_per_sqft:all:all,community,320,Al Qusais Industrial Second,,quarter,2024-01-01,2024-03-31,median_rent_per_sqft,all,all,421.72,119,moderate,[],2026-09-08,dlx-aggregates-2
community:320:quarter:2024-04-01:median_rent_per_sqft:all:all,community,320,Al Qusais Industrial Second,,quarter,2024-04-01,2024-06-30,median_rent_per_sqft,all,all,432.26,93,moderate,[],2026-09-08,dlx-aggregates-2
community:320:quarter:2024-07-01:median_rent_per_sqft:all:all,community,320,Al Qusais Industrial Second,,quarter,2024-07-01,2024-09-30,median_rent_per_sqft,all,all,433.0,98,moderate,[],2026-09-08,dlx-aggregates-2
community:320:quarter:2024-10-01:median_rent_per_sqft:all:all,community,320,Al Qusais Industrial Second,,quarter,2024-10-01,2024-12-31,median_rent_per_sqft,all,all,450.05,116,moderate,[],2026-09-08,dlx-aggregates-2
community:320:quarter:2025-01-01:median_rent_per_sqft:all:all,community,320,Al Qusais Industrial Second,,quarter,2025-01-01,2025-03-31,median_rent_per_sqft,all,all,444.44,139,moderate,[],2026-09-08,dlx-aggregates-2
community:320:quarter:2025-04-01:median_rent_per_sqft:all:all,community,320,Al Qusais Industrial Second,,quarter,2025-04-01,2025-06-30,median_rent_per_sqft,all,all,448.97,105,moderate,[],2026-09-08,dlx-aggregates-2
community:320:quarter:2025-07-01:median_rent_per_sqft:all:all,community,320,Al Qusais Industrial Second,,quarter,2025-07-01,2025-09-30,median_rent_per_sqft,all,all,450.32,90,moderate,[],2026-09-08,dlx-aggregates-2
community:320:quarter:2025-10-01:median_rent_per_sqft:all:all,community,320,Al Qusais Industrial Second,,quarter,2025-10-01,2025-12-31,median_rent_per_sqft,all,all,454.55,111,moderate,[],2026-09-08,dlx-aggregates-2
community:320:quarter:2026-01-01:median_rent_per_sqft:all:all,community,320,Al Qusais Industrial Second,,quarter,2026-01-01,2026-03-31,median_rent_per_sqft,all,all,460.99,117,moderate,[],2026-09-08,dlx-aggregates-2
community:320:quarter:2026-04-01:median_rent_per_sqft:all:all,community,320,Al Qusais Industrial Second,,quarter,2026-04-01,2026-06-30,median_rent_per_sqft,all,all,458.33,93,moderate,[],2026-09-08,dlx-aggregates-2
community:320:quarter:2026-07-01:median_rent_per_sqft:all:all,community,320,Al Qusais Industrial Second,,quarter,2026-07-01,2026-09-30,median_rent_per_sqft,all,all,451.89,70,moderate,[],2026-09-08,dlx-aggregates-2
community:321:quarter:2019-01-01:median_rent_per_sqft:all:all,community,321,Al Qusais Industrial Third,,quarter,2019-01-01,2019-03-31,median_rent_per_sqft,all,all,485.59,66,moderate,[],2026-09-08,dlx-aggregates-2
community:321:quarter:2019-04-01:median_rent_per_sqft:all:all,community,321,Al Qusais Industrial Third,,quarter,2019-04-01,2019-06-30,median_rent_per_sqft,all,all,499.97,56,moderate,[],2026-09-08,dlx-aggregates-2
community:321:quarter:2019-07-01:median_rent_per_sqft:all:all,community,321,Al Qusais Industrial Third,,quarter,2019-07-01,2019-09-30,median_rent_per_sqft,all,all,491.12,38,moderate,[],2026-09-08,dlx-aggregates-2
community:321:quarter:2020-01-01:median_rent_per_sqft:all:all,community,321,Al Qusais Industrial Third,,quarter,2020-01-01,2020-03-31,median_rent_per_sqft,all,all,441.18,57,moderate,[],2026-09-08,dlx-aggregates-2
community:321:quarter:2020-04-01:median_rent_per_sqft:all:all,community,321,Al Qusais Industrial Third,,quarter,2020-04-01,2020-06-30,median_rent_per_sqft,all,all,435.2,33,moderate,[],2026-09-08,dlx-aggregates-2
community:321:quarter:2020-07-01:median_rent_per_sqft:all:all,community,321,Al Qusais Industrial Third,,quarter,2020-07-01,2020-09-30,median_rent_per_sqft,all,all,428.95,44,moderate,[],2026-09-08,dlx-aggregates-2
community:321:quarter:2020-10-01:median_rent_per_sqft:all:all,community,321,Al Qusais Industrial Third,,quarter,2020-10-01,2020-12-31,median_rent_per_sqft,all,all,426.01,32,moderate,[],2026-09-08,dlx-aggregates-2
community:321:quarter:2021-01-01:median_rent_per_sqft:all:all,community,321,Al Qusais Industrial Third,,quarter,2021-01-01,2021-03-31,median_rent_per_sqft,all,all,427.79,55,moderate,[],2026-09-08,dlx-aggregates-2
community:321:quarter:2021-04-01:median_rent_per_sqft:all:all,community,321,Al Qusais Industrial Third,,quarter,2021-04-01,2021-06-30,median_rent_per_sqft,all,all,405.91,36,moderate,[],2026-09-08,dlx-aggregates-2
community:321:quarter:2021-07-01:median_rent_per_sqft:all:all,community,321,Al Qusais Industrial Third,,quarter,2021-07-01,2021-09-30,median_rent_per_sqft,all,all,421.96,50,moderate,[],2026-09-08,dlx-aggregates-2
community:321:quarter:2021-10-01:median_rent_per_sqft:all:all,community,321,Al Qusais Industrial Third,,quarter,2021-10-01,2021-12-31,median_rent_per_sqft,all,all,407.77,37,moderate,[],2026-09-08,dlx-aggregates-2
community:321:quarter:2022-01-01:median_rent_per_sqft:all:all,community,321,Al Qusais Industrial Third,,quarter,2022-01-01,2022-03-31,median_rent_per_sqft,all,all,403.76,37,moderate,[],2026-09-08,dlx-aggregates-2
community:321:quarter:2022-04-01:median_rent_per_sqft:all:all,community,321,Al Qusais Industrial Third,,quarter,2022-04-01,2022-06-30,median_rent_per_sqft,all,all,412.32,46,moderate,[],2026-09-08,dlx-aggregates-2
community:321:quarter:2022-07-01:median_rent_per_sqft:all:all,community,321,Al Qusais Industrial Third,,quarter,2022-07-01,2022-09-30,median_rent_per_sqft,all,all,428.72,56,moderate,[],2026-09-08,dlx-aggregates-2
community:321:quarter:2022-10-01:median_rent_per_sqft:all:all,community,321,Al Qusais Industrial Third,,quarter,2022-10-01,2022-12-31,median_rent_per_sqft,all,all,409.02,47,moderate,[],2026-09-08,dlx-aggregates-2
community:321:quarter:2023-01-01:median_rent_per_sqft:all:all,community,321,Al Qusais Industrial Third,,quarter,2023-01-01,2023-03-31,median_rent_per_sqft,all,all,447.83,51,moderate,[],2026-09-08,dlx-aggregates-2
community:321:quarter:2023-04-01:median_rent_per_sqft:all:all,community,321,Al Qusais Industrial Third,,quarter,2023-04-01,2023-06-30,median_rent_per_sqft,all,all,426.84,36,moderate,[],2026-09-08,dlx-aggregates-2
community:321:quarter:2023-07-01:median_rent_per_sqft:all:all,community,321,Al Qusais Industrial Third,,quarter,2023-07-01,2023-09-30,median_rent_per_sqft,all,all,450.29,56,moderate,[],2026-09-08,dlx-aggregates-2
community:321:quarter:2023-10-01:median_rent_per_sqft:all:all,community,321,Al Qusais Industrial Third,,quarter,2023-10-01,2023-12-31,median_rent_per_sqft,all,all,453.42,36,moderate,[],2026-09-08,dlx-aggregates-2
community:321:quarter:2024-01-01:median_rent_per_sqft:all:all,community,321,Al Qusais Industrial Third,,quarter,2024-01-01,2024-03-31,median_rent_per_sqft,all,all,468.63,52,moderate,[],2026-09-08,dlx-aggregates-2
community:321:quarter:2024-04-01:median_rent_per_sqft:all:all,community,321,Al Qusais Industrial Third,,quarter,2024-04-01,2024-06-30,median_rent_per_sqft,all,all,459.77,47,moderate,[],2026-09-08,dlx-aggregates-2
community:321:quarter:2024-07-01:median_rent_per_sqft:all:all,community,321,Al Qusais Industrial Third,,quarter,2024-07-01,2024-09-30,median_rent_per_sqft,all,all,481.65,57,moderate,[],2026-09-08,dlx-aggregates-2
community:321:quarter:2024-10-01:median_rent_per_sqft:all:all,community,321,Al Qusais Industrial Third,,quarter,2024-10-01,2024-12-31,median_rent_per_sqft,all,all,208633.09,377,higher,[],2026-09-08,dlx-aggregates-2
community:321:quarter:2025-01-01:median_rent_per_sqft:all:all,community,321,Al Qusais Industrial Third,,quarter,2025-01-01,2025-03-31,median_rent_per_sqft,all,all,481.73,56,moderate,[],2026-09-08,dlx-aggregates-2
community:321:quarter:2025-04-01:median_rent_per_sqft:all:all,community,321,Al Qusais Industrial Third,,quarter,2025-04-01,2025-06-30,median_rent_per_sqft,all,all,493.3,45,moderate,[],2026-09-08,dlx-aggregates-2
community:321:quarter:2025-07-01:median_rent_per_sqft:all:all,community,321,Al Qusais Industrial Third,,quarter,2025-07-01,2025-09-30,median_rent_per_sqft,all,all,548.56,60,moderate,[],2026-09-08,dlx-aggregates-2
community:321:quarter:2025-10-01:median_rent_per_sqft:all:all,community,321,Al Qusais Industrial Third,,quarter,2025-10-01,2025-12-31,median_rent_per_sqft,all,all,574.62,30,moderate,[],2026-09-08,dlx-aggregates-2
community:321:quarter:2026-01-01:median_rent_per_sqft:all:all,community,321,Al Qusais Industrial Third,,quarter,2026-01-01,2026-03-31,median_rent_per_sqft,all,all,542.64,43,moderate,[],2026-09-08,dlx-aggregates-2
community:321:quarter:2026-04-01:median_rent_per_sqft:all:all,community,321,Al Qusais Industrial Third,,quarter,2026-04-01,2026-06-30,median_rent_per_sqft,all,all,564.26,37,moderate,[],2026-09-08,dlx-aggregates-2
community:321:quarter:2026-07-01:median_rent_per_sqft:all:all,community,321,Al Qusais Industrial Third,,quarter,2026-07-01,2026-09-30,median_rent_per_sqft,all,all,562.72,31,moderate,[],2026-09-08,dlx-aggregates-2
community:322:quarter:2019-01-01:median_rent_per_sqft:all:all,community,322,Al Qusais Industrial Fourth,,quarter,2019-01-01,2019-03-31,median_rent_per_sqft,all,all,503.98,46,moderate,[],2026-09-08,dlx-aggregates-2
community:322:quarter:2019-04-01:median_rent_per_sqft:all:all,community,322,Al Qusais Industrial Fourth,,quarter,2019-04-01,2019-06-30,median_rent_per_sqft,all,all,471.29,47,moderate,[],2026-09-08,dlx-aggregates-2
community:322:quarter:2019-07-01:median_rent_per_sqft:all:all,community,322,Al Qusais Industrial Fourth,,quarter,2019-07-01,2019-09-30,median_rent_per_sqft,all,all,415.25,37,moderate,[],2026-09-08,dlx-aggregates-2
community:322:quarter:2019-10-01:median_rent_per_sqft:all:all,community,322,Al Qusais Industrial Fourth,,quarter,2019-10-01,2019-12-31,median_rent_per_sqft,all,all,418.29,31,moderate,[],2026-09-08,dlx-aggregates-2
community:322:quarter:2020-01-01:median_rent_per_sqft:all:all,community,322,Al Qusais Industrial Fourth,,quarter,2020-01-01,2020-03-31,median_rent_per_sqft,all,all,429.82,31,moderate,[],2026-09-08,dlx-aggregates-2
community:322:quarter:2020-04-01:median_rent_per_sqft:all:all,community,322,Al Qusais Industrial Fourth,,quarter,2020-04-01,2020-06-30,median_rent_per_sqft,all,all,419.9,47,moderate,[],2026-09-08,dlx-aggregates-2
community:322:quarter:2020-07-01:median_rent_per_sqft:all:all,community,322,Al Qusais Industrial Fourth,,quarter,2020-07-01,2020-09-30,median_rent_per_sqft,all,all,368.88,45,moderate,[],2026-09-08,dlx-aggregates-2
community:322:quarter:2020-10-01:median_rent_per_sqft:all:all,community,322,Al Qusais Industrial Fourth,,quarter,2020-10-01,2020-12-31,median_rent_per_sqft,all,all,356.7,41,moderate,[],2026-09-08,dlx-aggregates-2
community:322:quarter:2021-01-01:median_rent_per_sqft:all:all,community,322,Al Qusais Industrial Fourth,,quarter,2021-01-01,2021-03-31,median_rent_per_sqft,all,all,358.67,60,moderate,[],2026-09-08,dlx-aggregates-2
community:322:quarter:2021-04-01:median_rent_per_sqft:all:all,community,322,Al Qusais Industrial Fourth,,quarter,2021-04-01,2021-06-30,median_rent_per_sqft,all,all,438.53,43,moderate,[],2026-09-08,dlx-aggregates-2
community:322:quarter:2021-07-01:median_rent_per_sqft:all:all,community,322,Al Qusais Industrial Fourth,,quarter,2021-07-01,2021-09-30,median_rent_per_sqft,all,all,360.7,50,moderate,[],2026-09-08,dlx-aggregates-2
community:322:quarter:2021-10-01:median_rent_per_sqft:all:all,community,322,Al Qusais Industrial Fourth,,quarter,2021-10-01,2021-12-31,median_rent_per_sqft,all,all,356.7,69,moderate,[],2026-09-08,dlx-aggregates-2
community:322:quarter:2022-01-01:median_rent_per_sqft:all:all,community,322,Al Qusais Industrial Fourth,,quarter,2022-01-01,2022-03-31,median_rent_per_sqft,all,all,369.17,96,moderate,[],2026-09-08,dlx-aggregates-2
community:322:quarter:2022-04-01:median_rent_per_sqft:all:all,community,322,Al Qusais Industrial Fourth,,quarter,2022-04-01,2022-06-30,median_rent_per_sqft,all,all,392.52,57,moderate,[],2026-09-08,dlx-aggregates-2
community:322:quarter:2022-07-01:median_rent_per_sqft:all:all,community,322,Al Qusais Industrial Fourth,,quarter,2022-07-01,2022-09-30,median_rent_per_sqft,all,all,365.77,61,moderate,[],2026-09-08,dlx-aggregates-2
community:322:quarter:2022-10-01:median_rent_per_sqft:all:all,community,322,Al Qusais Industrial Fourth,,quarter,2022-10-01,2022-12-31,median_rent_per_sqft,all,all,417.25,96,moderate,[],2026-09-08,dlx-aggregates-2
community:322:quarter:2023-01-01:median_rent_per_sqft:all:all,community,322,Al Qusais Industrial Fourth,,quarter,2023-01-01,2023-03-31,median_rent_per_sqft,all,all,406.72,101,moderate,[],2026-09-08,dlx-aggregates-2
community:322:quarter:2023-04-01:median_rent_per_sqft:all:all,community,322,Al Qusais Industrial Fourth,,quarter,2023-04-01,2023-06-30,median_rent_per_sqft,all,all,429.02,72,moderate,[],2026-09-08,dlx-aggregates-2
community:322:quarter:2023-07-01:median_rent_per_sqft:all:all,community,322,Al Qusais Industrial Fourth,,quarter,2023-07-01,2023-09-30,median_rent_per_sqft,all,all,420.66,75,moderate,[],2026-09-08,dlx-aggregates-2
community:322:quarter:2023-10-01:median_rent_per_sqft:all:all,community,322,Al Qusais Industrial Fourth,,quarter,2023-10-01,2023-12-31,median_rent_per_sqft,all,all,459.11,112,moderate,[],2026-09-08,dlx-aggregates-2
community:322:quarter:2024-01-01:median_rent_per_sqft:all:all,community,322,Al Qusais Industrial Fourth,,quarter,2024-01-01,2024-03-31,median_rent_per_sqft,all,all,448.6,121,moderate,[],2026-09-08,dlx-aggregates-2
community:322:quarter:2024-04-01:median_rent_per_sqft:all:all,community,322,Al Qusais Industrial Fourth,,quarter,2024-04-01,2024-06-30,median_rent_per_sqft,all,all,444.1,84,moderate,[],2026-09-08,dlx-aggregates-2
community:322:quarter:2024-07-01:median_rent_per_sqft:all:all,community,322,Al Qusais Industrial Fourth,,quarter,2024-07-01,2024-09-30,median_rent_per_sqft,all,all,482.36,110,moderate,[],2026-09-08,dlx-aggregates-2
community:322:quarter:2024-10-01:median_rent_per_sqft:all:all,community,322,Al Qusais Industrial Fourth,,quarter,2024-10-01,2024-12-31,median_rent_per_sqft,all,all,481.66,108,moderate,[],2026-09-08,dlx-aggregates-2
community:322:quarter:2025-01-01:median_rent_per_sqft:all:all,community,322,Al Qusais Industrial Fourth,,quarter,2025-01-01,2025-03-31,median_rent_per_sqft,all,all,490.47,112,moderate,[],2026-09-08,dlx-aggregates-2
community:322:quarter:2025-04-01:median_rent_per_sqft:all:all,community,322,Al Qusais Industrial Fourth,,quarter,2025-04-01,2025-06-30,median_rent_per_sqft,all,all,485.37,85,moderate,[],2026-09-08,dlx-aggregates-2
community:322:quarter:2025-07-01:median_rent_per_sqft:all:all,community,322,Al Qusais Industrial Fourth,,quarter,2025-07-01,2025-09-30,median_rent_per_sqft,all,all,486.69,76,moderate,[],2026-09-08,dlx-aggregates-2
community:322:quarter:2025-10-01:median_rent_per_sqft:all:all,community,322,Al Qusais Industrial Fourth,,quarter,2025-10-01,2025-12-31,median_rent_per_sqft,all,all,528.07,124,moderate,[],2026-09-08,dlx-aggregates-2
community:322:quarter:2026-01-01:median_rent_per_sqft:all:all,community,322,Al Qusais Industrial Fourth,,quarter,2026-01-01,2026-03-31,median_rent_per_sqft,all,all,537.24,108,moderate,[],2026-09-08,dlx-aggregates-2
community:322:quarter:2026-04-01:median_rent_per_sqft:all:all,community,322,Al Qusais Industrial Fourth,,quarter,2026-04-01,2026-06-30,median_rent_per_sqft,all,all,530.62,86,moderate,[],2026-09-08,dlx-aggregates-2
community:322:quarter:2026-07-01:median_rent_per_sqft:all:all,community,322,Al Qusais Industrial Fourth,,quarter,2026-07-01,2026-09-30,median_rent_per_sqft,all,all,516.08,55,moderate,[],2026-09-08,dlx-aggregates-2
community:323:quarter:2019-01-01:median_rent_per_sqft:all:all,community,323,Al Qusais Industrial Fifth,,quarter,2019-01-01,2019-03-31,median_rent_per_sqft,all,all,472.01,56,moderate,[],2026-09-08,dlx-aggregates-2
community:323:quarter:2019-04-01:median_rent_per_sqft:all:all,community,323,Al Qusais Industrial Fifth,,quarter,2019-04-01,2019-06-30,median_rent_per_sqft,all,all,463.51,49,moderate,[],2026-09-08,dlx-aggregates-2
community:323:quarter:2019-07-01:median_rent_per_sqft:all:all,community,323,Al Qusais Industrial Fifth,,quarter,2019-07-01,2019-09-30,median_rent_per_sqft,all,all,420.88,70,moderate,[],2026-09-08,dlx-aggregates-2
community:323:quarter:2019-10-01:median_rent_per_sqft:all:all,community,323,Al Qusais Industrial Fifth,,quarter,2019-10-01,2019-12-31,median_rent_per_sqft,all,all,429.46,86,moderate,[],2026-09-08,dlx-aggregates-2
community:323:quarter:2020-01-01:median_rent_per_sqft:all:all,community,323,Al Qusais Industrial Fifth,,quarter,2020-01-01,2020-03-31,median_rent_per_sqft,all,all,415.24,83,moderate,[],2026-09-08,dlx-aggregates-2
community:323:quarter:2020-04-01:median_rent_per_sqft:all:all,community,323,Al Qusais Industrial Fifth,,quarter,2020-04-01,2020-06-30,median_rent_per_sqft,all,all,402.42,41,moderate,[],2026-09-08,dlx-aggregates-2
community:323:quarter:2020-07-01:median_rent_per_sqft:all:all,community,323,Al Qusais Industrial Fifth,,quarter,2020-07-01,2020-09-30,median_rent_per_sqft,all,all,380.84,64,moderate,[],2026-09-08,dlx-aggregates-2
community:323:quarter:2020-10-01:median_rent_per_sqft:all:all,community,323,Al Qusais Industrial Fifth,,quarter,2020-10-01,2020-12-31,median_rent_per_sqft,all,all,372.45,75,moderate,[],2026-09-08,dlx-aggregates-2
community:323:quarter:2021-01-01:median_rent_per_sqft:all:all,community,323,Al Qusais Industrial Fifth,,quarter,2021-01-01,2021-03-31,median_rent_per_sqft,all,all,375.0,100,moderate,[],2026-09-08,dlx-aggregates-2
community:323:quarter:2021-04-01:median_rent_per_sqft:all:all,community,323,Al Qusais Industrial Fifth,,quarter,2021-04-01,2021-06-30,median_rent_per_sqft,all,all,362.98,59,moderate,[],2026-09-08,dlx-aggregates-2
community:323:quarter:2021-07-01:median_rent_per_sqft:all:all,community,323,Al Qusais Industrial Fifth,,quarter,2021-07-01,2021-09-30,median_rent_per_sqft,all,all,360.34,74,moderate,[],2026-09-08,dlx-aggregates-2
community:323:quarter:2021-10-01:median_rent_per_sqft:all:all,community,323,Al Qusais Industrial Fifth,,quarter,2021-10-01,2021-12-31,median_rent_per_sqft,all,all,375.49,114,moderate,[],2026-09-08,dlx-aggregates-2
community:323:quarter:2022-01-01:median_rent_per_sqft:all:all,community,323,Al Qusais Industrial Fifth,,quarter,2022-01-01,2022-03-31,median_rent_per_sqft,all,all,381.2,117,moderate,[],2026-09-08,dlx-aggregates-2
community:323:quarter:2022-04-01:median_rent_per_sqft:all:all,community,323,Al Qusais Industrial Fifth,,quarter,2022-04-01,2022-06-30,median_rent_per_sqft,all,all,406.91,223,higher,[],2026-09-08,dlx-aggregates-2
community:323:quarter:2022-07-01:median_rent_per_sqft:all:all,community,323,Al Qusais Industrial Fifth,,quarter,2022-07-01,2022-09-30,median_rent_per_sqft,all,all,424.99,346,higher,[],2026-09-08,dlx-aggregates-2
community:323:quarter:2022-10-01:median_rent_per_sqft:all:all,community,323,Al Qusais Industrial Fifth,,quarter,2022-10-01,2022-12-31,median_rent_per_sqft,all,all,428.25,332,higher,[],2026-09-08,dlx-aggregates-2
community:323:quarter:2023-01-01:median_rent_per_sqft:all:all,community,323,Al Qusais Industrial Fifth,,quarter,2023-01-01,2023-03-31,median_rent_per_sqft,all,all,441.39,605,higher,[],2026-09-08,dlx-aggregates-2
community:323:quarter:2023-04-01:median_rent_per_sqft:all:all,community,323,Al Qusais Industrial Fifth,,quarter,2023-04-01,2023-06-30,median_rent_per_sqft,all,all,439.65,571,higher,[],2026-09-08,dlx-aggregates-2
community:323:quarter:2023-07-01:median_rent_per_sqft:all:all,community,323,Al Qusais Industrial Fifth,,quarter,2023-07-01,2023-09-30,median_rent_per_sqft,all,all,456.3,773,higher,[],2026-09-08,dlx-aggregates-2
community:323:quarter:2023-10-01:median_rent_per_sqft:all:all,community,323,Al Qusais Industrial Fifth,,quarter,2023-10-01,2023-12-31,median_rent_per_sqft,all,all,452.32,1173,higher,[],2026-09-08,dlx-aggregates-2
community:323:quarter:2024-01-01:median_rent_per_sqft:all:all,community,323,Al Qusais Industrial Fifth,,quarter,2024-01-01,2024-03-31,median_rent_per_sqft,all,all,462.71,1429,higher,[],2026-09-08,dlx-aggregates-2
community:323:quarter:2024-04-01:median_rent_per_sqft:all:all,community,323,Al Qusais Industrial Fifth,,quarter,2024-04-01,2024-06-30,median_rent_per_sqft,all,all,453.81,754,higher,[],2026-09-08,dlx-aggregates-2
community:323:quarter:2024-07-01:median_rent_per_sqft:all:all,community,323,Al Qusais Industrial Fifth,,quarter,2024-07-01,2024-09-30,median_rent_per_sqft,all,all,462.78,867,higher,[],2026-09-08,dlx-aggregates-2
community:323:quarter:2024-10-01:median_rent_per_sqft:all:all,community,323,Al Qusais Industrial Fifth,,quarter,2024-10-01,2024-12-31,median_rent_per_sqft,all,all,456.71,1135,higher,[],2026-09-08,dlx-aggregates-2
community:323:quarter:2025-01-01:median_rent_per_sqft:all:all,community,323,Al Qusais Industrial Fifth,,quarter,2025-01-01,2025-03-31,median_rent_per_sqft,all,all,465.44,1396,higher,[],2026-09-08,dlx-aggregates-2
community:323:quarter:2025-04-01:median_rent_per_sqft:all:all,community,323,Al Qusais Industrial Fifth,,quarter,2025-04-01,2025-06-30,median_rent_per_sqft,all,all,461.79,815,higher,[],2026-09-08,dlx-aggregates-2
community:323:quarter:2025-07-01:median_rent_per_sqft:all:all,community,323,Al Qusais Industrial Fifth,,quarter,2025-07-01,2025-09-30,median_rent_per_sqft,all,all,466.71,881,higher,[],2026-09-08,dlx-aggregates-2
community:323:quarter:2025-10-01:median_rent_per_sqft:all:all,community,323,Al Qusais Industrial Fifth,,quarter,2025-10-01,2025-12-31,median_rent_per_sqft,all,all,461.34,1114,higher,[],2026-09-08,dlx-aggregates-2
community:323:quarter:2026-01-01:median_rent_per_sqft:all:all,community,323,Al Qusais Industrial Fifth,,quarter,2026-01-01,2026-03-31,median_rent_per_sqft,all,all,467.32,1353,higher,[],2026-09-08,dlx-aggregates-2
community:323:quarter:2026-04-01:median_rent_per_sqft:all:all,community,323,Al Qusais Industrial Fifth,,quarter,2026-04-01,2026-06-30,median_rent_per_sqft,all,all,466.55,817,higher,[],2026-09-08,dlx-aggregates-2
community:323:quarter:2026-07-01:median_rent_per_sqft:all:all,community,323,Al Qusais Industrial Fifth,,quarter,2026-07-01,2026-09-30,median_rent_per_sqft,all,all,474.5,672,higher,[],2026-09-08,dlx-aggregates-2
community:325:quarter:2019-01-01:median_rent_per_sqft:all:all,community,325,Um Hurair First,,quarter,2019-01-01,2019-03-31,median_rent_per_sqft,all,all,15033.01,321,higher,[],2026-09-08,dlx-aggregates-2
community:325:quarter:2019-04-01:median_rent_per_sqft:all:all,community,325,Um Hurair First,,quarter,2019-04-01,2019-06-30,median_rent_per_sqft,all,all,669.4,156,moderate,[],2026-09-08,dlx-aggregates-2
community:325:quarter:2019-07-01:median_rent_per_sqft:all:all,community,325,Um Hurair First,,quarter,2019-07-01,2019-09-30,median_rent_per_sqft,all,all,657.86,109,moderate,[],2026-09-08,dlx-aggregates-2
community:325:quarter:2019-10-01:median_rent_per_sqft:all:all,community,325,Um Hurair First,,quarter,2019-10-01,2019-12-31,median_rent_per_sqft,all,all,639.41,126,moderate,[],2026-09-08,dlx-aggregates-2
community:325:quarter:2020-01-01:median_rent_per_sqft:all:all,community,325,Um Hurair First,,quarter,2020-01-01,2020-03-31,median_rent_per_sqft,all,all,820.9,185,moderate,[],2026-09-08,dlx-aggregates-2
community:325:quarter:2020-04-01:median_rent_per_sqft:all:all,community,325,Um Hurair First,,quarter,2020-04-01,2020-06-30,median_rent_per_sqft,all,all,630.93,138,moderate,[],2026-09-08,dlx-aggregates-2
community:325:quarter:2020-07-01:median_rent_per_sqft:all:all,community,325,Um Hurair First,,quarter,2020-07-01,2020-09-30,median_rent_per_sqft,all,all,625.0,101,moderate,[],2026-09-08,dlx-aggregates-2
community:325:quarter:2020-10-01:median_rent_per_sqft:all:all,community,325,Um Hurair First,,quarter,2020-10-01,2020-12-31,median_rent_per_sqft,all,all,560.81,117,moderate,[],2026-09-08,dlx-aggregates-2
community:325:quarter:2021-01-01:median_rent_per_sqft:all:all,community,325,Um Hurair First,,quarter,2021-01-01,2021-03-31,median_rent_per_sqft,all,all,611.31,238,higher,[],2026-09-08,dlx-aggregates-2
community:325:quarter:2021-04-01:median_rent_per_sqft:all:all,community,325,Um Hurair First,,quarter,2021-04-01,2021-06-30,median_rent_per_sqft,all,all,533.71,129,moderate,[],2026-09-08,dlx-aggregates-2
community:325:quarter:2021-07-01:median_rent_per_sqft:all:all,community,325,Um Hurair First,,quarter,2021-07-01,2021-09-30,median_rent_per_sqft,all,all,543.48,118,moderate,[],2026-09-08,dlx-aggregates-2
community:325:quarter:2021-10-01:median_rent_per_sqft:all:all,community,325,Um Hurair First,,quarter,2021-10-01,2021-12-31,median_rent_per_sqft,all,all,530.61,153,moderate,[],2026-09-08,dlx-aggregates-2
community:325:quarter:2022-01-01:median_rent_per_sqft:all:all,community,325,Um Hurair First,,quarter,2022-01-01,2022-03-31,median_rent_per_sqft,all,all,619.5,216,higher,[],2026-09-08,dlx-aggregates-2
community:325:quarter:2022-04-01:median_rent_per_sqft:all:all,community,325,Um Hurair First,,quarter,2022-04-01,2022-06-30,median_rent_per_sqft,all,all,543.65,144,moderate,[],2026-09-08,dlx-aggregates-2
community:325:quarter:2022-07-01:median_rent_per_sqft:all:all,community,325,Um Hurair First,,quarter,2022-07-01,2022-09-30,median_rent_per_sqft,all,all,568.18,131,moderate,[],2026-09-08,dlx-aggregates-2
community:325:quarter:2022-10-01:median_rent_per_sqft:all:all,community,325,Um Hurair First,,quarter,2022-10-01,2022-12-31,median_rent_per_sqft,all,all,544.44,169,moderate,[],2026-09-08,dlx-aggregates-2
community:325:quarter:2023-01-01:median_rent_per_sqft:all:all,community,325,Um Hurair First,,quarter,2023-01-01,2023-03-31,median_rent_per_sqft,all,all,729.53,259,higher,[],2026-09-08,dlx-aggregates-2
community:325:quarter:2023-04-01:median_rent_per_sqft:all:all,community,325,Um Hurair First,,quarter,2023-04-01,2023-06-30,median_rent_per_sqft,all,all,575.97,158,moderate,[],2026-09-08,dlx-aggregates-2
community:325:quarter:2023-07-01:median_rent_per_sqft:all:all,community,325,Um Hurair First,,quarter,2023-07-01,2023-09-30,median_rent_per_sqft,all,all,586.67,139,moderate,[],2026-09-08,dlx-aggregates-2
community:325:quarter:2023-10-01:median_rent_per_sqft:all:all,community,325,Um Hurair First,,quarter,2023-10-01,2023-12-31,median_rent_per_sqft,all,all,584.59,183,moderate,[],2026-09-08,dlx-aggregates-2
community:325:quarter:2024-01-01:median_rent_per_sqft:all:all,community,325,Um Hurair First,,quarter,2024-01-01,2024-03-31,median_rent_per_sqft,all,all,766.0,245,higher,[],2026-09-08,dlx-aggregates-2
community:325:quarter:2024-04-01:median_rent_per_sqft:all:all,community,325,Um Hurair First,,quarter,2024-04-01,2024-06-30,median_rent_per_sqft,all,all,608.36,139,moderate,[],2026-09-08,dlx-aggregates-2
community:325:quarter:2024-07-01:median_rent_per_sqft:all:all,community,325,Um Hurair First,,quarter,2024-07-01,2024-09-30,median_rent_per_sqft,all,all,646.24,146,moderate,[],2026-09-08,dlx-aggregates-2
community:325:quarter:2024-10-01:median_rent_per_sqft:all:all,community,325,Um Hurair First,,quarter,2024-10-01,2024-12-31,median_rent_per_sqft,all,all,610.25,190,moderate,[],2026-09-08,dlx-aggregates-2
community:325:quarter:2025-01-01:median_rent_per_sqft:all:all,community,325,Um Hurair First,,quarter,2025-01-01,2025-03-31,median_rent_per_sqft,all,all,742.75,222,higher,[],2026-09-08,dlx-aggregates-2
community:325:quarter:2025-04-01:median_rent_per_sqft:all:all,community,325,Um Hurair First,,quarter,2025-04-01,2025-06-30,median_rent_per_sqft,all,all,654.39,142,moderate,[],2026-09-08,dlx-aggregates-2
community:325:quarter:2025-07-01:median_rent_per_sqft:all:all,community,325,Um Hurair First,,quarter,2025-07-01,2025-09-30,median_rent_per_sqft,all,all,677.6,141,moderate,[],2026-09-08,dlx-aggregates-2
community:325:quarter:2025-10-01:median_rent_per_sqft:all:all,community,325,Um Hurair First,,quarter,2025-10-01,2025-12-31,median_rent_per_sqft,all,all,650.73,188,moderate,[],2026-09-08,dlx-aggregates-2
community:325:quarter:2026-01-01:median_rent_per_sqft:all:all,community,325,Um Hurair First,,quarter,2026-01-01,2026-03-31,median_rent_per_sqft,all,all,763.89,213,higher,[],2026-09-08,dlx-aggregates-2
community:325:quarter:2026-04-01:median_rent_per_sqft:all:all,community,325,Um Hurair First,,quarter,2026-04-01,2026-06-30,median_rent_per_sqft,all,all,673.76,123,moderate,[],2026-09-08,dlx-aggregates-2
community:325:quarter:2026-07-01:median_rent_per_sqft:all:all,community,325,Um Hurair First,,quarter,2026-07-01,2026-09-30,median_rent_per_sqft,all,all,639.64,69,moderate,[],2026-09-08,dlx-aggregates-2
community:326:quarter:2019-01-01:median_rent_per_sqft:all:all,community,326,Um Hurair Second,,quarter,2019-01-01,2019-03-31,median_rent_per_sqft,all,all,645.1,80,moderate,[],2026-09-08,dlx-aggregates-2
community:326:quarter:2019-04-01:median_rent_per_sqft:all:all,community,326,Um Hurair Second,,quarter,2019-04-01,2019-06-30,median_rent_per_sqft,all,all,641.19,85,moderate,[],2026-09-08,dlx-aggregates-2
community:326:quarter:2019-07-01:median_rent_per_sqft:all:all,community,326,Um Hurair Second,,quarter,2019-07-01,2019-09-30,median_rent_per_sqft,all,all,599.02,113,moderate,[],2026-09-08,dlx-aggregates-2
community:326:quarter:2019-10-01:median_rent_per_sqft:all:all,community,326,Um Hurair Second,,quarter,2019-10-01,2019-12-31,median_rent_per_sqft,all,all,599.02,108,moderate,[],2026-09-08,dlx-aggregates-2
community:326:quarter:2020-01-01:median_rent_per_sqft:all:all,community,326,Um Hurair Second,,quarter,2020-01-01,2020-03-31,median_rent_per_sqft,all,all,568.73,99,moderate,[],2026-09-08,dlx-aggregates-2
community:326:quarter:2020-04-01:median_rent_per_sqft:all:all,community,326,Um Hurair Second,,quarter,2020-04-01,2020-06-30,median_rent_per_sqft,all,all,548.6,68,moderate,[],2026-09-08,dlx-aggregates-2
community:326:quarter:2020-07-01:median_rent_per_sqft:all:all,community,326,Um Hurair Second,,quarter,2020-07-01,2020-09-30,median_rent_per_sqft,all,all,525.3,105,moderate,[],2026-09-08,dlx-aggregates-2
community:326:quarter:2020-10-01:median_rent_per_sqft:all:all,community,326,Um Hurair Second,,quarter,2020-10-01,2020-12-31,median_rent_per_sqft,all,all,467.24,128,moderate,[],2026-09-08,dlx-aggregates-2
community:326:quarter:2021-01-01:median_rent_per_sqft:all:all,community,326,Um Hurair Second,,quarter,2021-01-01,2021-03-31,median_rent_per_sqft,all,all,459.3,116,moderate,[],2026-09-08,dlx-aggregates-2
community:326:quarter:2021-04-01:median_rent_per_sqft:all:all,community,326,Um Hurair Second,,quarter,2021-04-01,2021-06-30,median_rent_per_sqft,all,all,460.79,75,moderate,[],2026-09-08,dlx-aggregates-2
community:326:quarter:2021-07-01:median_rent_per_sqft:all:all,community,326,Um Hurair Second,,quarter,2021-07-01,2021-09-30,median_rent_per_sqft,all,all,460.79,111,moderate,[],2026-09-08,dlx-aggregates-2
community:326:quarter:2021-10-01:median_rent_per_sqft:all:all,community,326,Um Hurair Second,,quarter,2021-10-01,2021-12-31,median_rent_per_sqft,all,all,414.71,131,moderate,[],2026-09-08,dlx-aggregates-2
community:326:quarter:2022-01-01:median_rent_per_sqft:all:all,community,326,Um Hurair Second,,quarter,2022-01-01,2022-03-31,median_rent_per_sqft,all,all,451.27,102,moderate,[],2026-09-08,dlx-aggregates-2
community:326:quarter:2022-04-01:median_rent_per_sqft:all:all,community,326,Um Hurair Second,,quarter,2022-04-01,2022-06-30,median_rent_per_sqft,all,all,462.59,74,moderate,[],2026-09-08,dlx-aggregates-2
community:326:quarter:2022-07-01:median_rent_per_sqft:all:all,community,326,Um Hurair Second,,quarter,2022-07-01,2022-09-30,median_rent_per_sqft,all,all,476.91,101,moderate,[],2026-09-08,dlx-aggregates-2
community:326:quarter:2022-10-01:median_rent_per_sqft:all:all,community,326,Um Hurair Second,,quarter,2022-10-01,2022-12-31,median_rent_per_sqft,all,all,480.89,136,moderate,[],2026-09-08,dlx-aggregates-2
community:326:quarter:2023-01-01:median_rent_per_sqft:all:all,community,326,Um Hurair Second,,quarter,2023-01-01,2023-03-31,median_rent_per_sqft,all,all,497.41,102,moderate,[],2026-09-08,dlx-aggregates-2
community:326:quarter:2023-04-01:median_rent_per_sqft:all:all,community,326,Um Hurair Second,,quarter,2023-04-01,2023-06-30,median_rent_per_sqft,all,all,537.28,86,moderate,[],2026-09-08,dlx-aggregates-2
community:326:quarter:2023-07-01:median_rent_per_sqft:all:all,community,326,Um Hurair Second,,quarter,2023-07-01,2023-09-30,median_rent_per_sqft,all,all,524.61,105,moderate,[],2026-09-08,dlx-aggregates-2
community:326:quarter:2023-10-01:median_rent_per_sqft:all:all,community,326,Um Hurair Second,,quarter,2023-10-01,2023-12-31,median_rent_per_sqft,all,all,532.21,148,moderate,[],2026-09-08,dlx-aggregates-2
community:326:quarter:2024-01-01:median_rent_per_sqft:all:all,community,326,Um Hurair Second,,quarter,2024-01-01,2024-03-31,median_rent_per_sqft,all,all,535.76,124,moderate,[],2026-09-08,dlx-aggregates-2
community:326:quarter:2024-04-01:median_rent_per_sqft:all:all,community,326,Um Hurair Second,,quarter,2024-04-01,2024-06-30,median_rent_per_sqft,all,all,582.51,92,moderate,[],2026-09-08,dlx-aggregates-2
community:326:quarter:2024-07-01:median_rent_per_sqft:all:all,community,326,Um Hurair Second,,quarter,2024-07-01,2024-09-30,median_rent_per_sqft,all,all,594.4,154,moderate,[],2026-09-08,dlx-aggregates-2
community:326:quarter:2024-10-01:median_rent_per_sqft:all:all,community,326,Um Hurair Second,,quarter,2024-10-01,2024-12-31,median_rent_per_sqft,all,all,672.73,202,higher,[],2026-09-08,dlx-aggregates-2
community:326:quarter:2025-01-01:median_rent_per_sqft:all:all,community,326,Um Hurair Second,,quarter,2025-01-01,2025-03-31,median_rent_per_sqft,all,all,566.53,123,moderate,[],2026-09-08,dlx-aggregates-2
community:326:quarter:2025-04-01:median_rent_per_sqft:all:all,community,326,Um Hurair Second,,quarter,2025-04-01,2025-06-30,median_rent_per_sqft,all,all,645.1,105,moderate,[],2026-09-08,dlx-aggregates-2
community:326:quarter:2025-07-01:median_rent_per_sqft:all:all,community,326,Um Hurair Second,,quarter,2025-07-01,2025-09-30,median_rent_per_sqft,all,all,599.02,147,moderate,[],2026-09-08,dlx-aggregates-2
community:326:quarter:2025-10-01:median_rent_per_sqft:all:all,community,326,Um Hurair Second,,quarter,2025-10-01,2025-12-31,median_rent_per_sqft,all,all,670.89,187,moderate,[],2026-09-08,dlx-aggregates-2
community:326:quarter:2026-01-01:median_rent_per_sqft:all:all,community,326,Um Hurair Second,,quarter,2026-01-01,2026-03-31,median_rent_per_sqft,all,all,586.81,126,moderate,[],2026-09-08,dlx-aggregates-2
community:326:quarter:2026-04-01:median_rent_per_sqft:all:all,community,326,Um Hurair Second,,quarter,2026-04-01,2026-06-30,median_rent_per_sqft,all,all,623.7,96,moderate,[],2026-09-08,dlx-aggregates-2
community:326:quarter:2026-07-01:median_rent_per_sqft:all:all,community,326,Um Hurair Second,,quarter,2026-07-01,2026-09-30,median_rent_per_sqft,all,all,599.02,117,moderate,[],2026-09-08,dlx-aggregates-2
community:328:quarter:2019-01-01:median_rent_per_sqft:all:all,community,328,Al Jafliya,,quarter,2019-01-01,2019-03-31,median_rent_per_sqft,all,all,478.99,178,moderate,[],2026-09-08,dlx-aggregates-2
community:328:quarter:2019-04-01:median_rent_per_sqft:all:all,community,328,Al Jafliya,,quarter,2019-04-01,2019-06-30,median_rent_per_sqft,all,all,415.3,72,moderate,[],2026-09-08,dlx-aggregates-2
community:328:quarter:2019-07-01:median_rent_per_sqft:all:all,community,328,Al Jafliya,,quarter,2019-07-01,2019-09-30,median_rent_per_sqft,all,all,479.54,94,moderate,[],2026-09-08,dlx-aggregates-2
community:328:quarter:2019-10-01:median_rent_per_sqft:all:all,community,328,Al Jafliya,,quarter,2019-10-01,2019-12-31,median_rent_per_sqft,all,all,490.67,75,moderate,[],2026-09-08,dlx-aggregates-2
community:328:quarter:2020-01-01:median_rent_per_sqft:all:all,community,328,Al Jafliya,,quarter,2020-01-01,2020-03-31,median_rent_per_sqft,all,all,462.11,172,moderate,[],2026-09-08,dlx-aggregates-2
community:328:quarter:2020-04-01:median_rent_per_sqft:all:all,community,328,Al Jafliya,,quarter,2020-04-01,2020-06-30,median_rent_per_sqft,all,all,429.98,71,moderate,[],2026-09-08,dlx-aggregates-2
community:328:quarter:2020-07-01:median_rent_per_sqft:all:all,community,328,Al Jafliya,,quarter,2020-07-01,2020-09-30,median_rent_per_sqft,all,all,453.72,82,moderate,[],2026-09-08,dlx-aggregates-2
community:328:quarter:2020-10-01:median_rent_per_sqft:all:all,community,328,Al Jafliya,,quarter,2020-10-01,2020-12-31,median_rent_per_sqft,all,all,444.12,91,moderate,[],2026-09-08,dlx-aggregates-2
community:328:quarter:2021-01-01:median_rent_per_sqft:all:all,community,328,Al Jafliya,,quarter,2021-01-01,2021-03-31,median_rent_per_sqft,all,all,451.45,157,moderate,[],2026-09-08,dlx-aggregates-2
community:328:quarter:2021-04-01:median_rent_per_sqft:all:all,community,328,Al Jafliya,,quarter,2021-04-01,2021-06-30,median_rent_per_sqft,all,all,367.96,87,moderate,[],2026-09-08,dlx-aggregates-2
community:328:quarter:2021-07-01:median_rent_per_sqft:all:all,community,328,Al Jafliya,,quarter,2021-07-01,2021-09-30,median_rent_per_sqft,all,all,436.96,96,moderate,[],2026-09-08,dlx-aggregates-2
community:328:quarter:2021-10-01:median_rent_per_sqft:all:all,community,328,Al Jafliya,,quarter,2021-10-01,2021-12-31,median_rent_per_sqft,all,all,430.56,91,moderate,[],2026-09-08,dlx-aggregates-2
community:328:quarter:2022-01-01:median_rent_per_sqft:all:all,community,328,Al Jafliya,,quarter,2022-01-01,2022-03-31,median_rent_per_sqft,all,all,453.61,165,moderate,[],2026-09-08,dlx-aggregates-2
community:328:quarter:2022-04-01:median_rent_per_sqft:all:all,community,328,Al Jafliya,,quarter,2022-04-01,2022-06-30,median_rent_per_sqft,all,all,462.11,81,moderate,[],2026-09-08,dlx-aggregates-2
community:328:quarter:2022-07-01:median_rent_per_sqft:all:all,community,328,Al Jafliya,,quarter,2022-07-01,2022-09-30,median_rent_per_sqft,all,all,462.11,108,moderate,[],2026-09-08,dlx-aggregates-2
community:328:quarter:2022-10-01:median_rent_per_sqft:all:all,community,328,Al Jafliya,,quarter,2022-10-01,2022-12-31,median_rent_per_sqft,all,all,463.49,105,moderate,[],2026-09-08,dlx-aggregates-2
community:328:quarter:2023-01-01:median_rent_per_sqft:all:all,community,328,Al Jafliya,,quarter,2023-01-01,2023-03-31,median_rent_per_sqft,all,all,462.11,194,moderate,[],2026-09-08,dlx-aggregates-2
community:328:quarter:2023-04-01:median_rent_per_sqft:all:all,community,328,Al Jafliya,,quarter,2023-04-01,2023-06-30,median_rent_per_sqft,all,all,422.22,120,moderate,[],2026-09-08,dlx-aggregates-2
community:328:quarter:2023-07-01:median_rent_per_sqft:all:all,community,328,Al Jafliya,,quarter,2023-07-01,2023-09-30,median_rent_per_sqft,all,all,447.65,123,moderate,[],2026-09-08,dlx-aggregates-2
community:328:quarter:2023-10-01:median_rent_per_sqft:all:all,community,328,Al Jafliya,,quarter,2023-10-01,2023-12-31,median_rent_per_sqft,all,all,489.21,109,moderate,[],2026-09-08,dlx-aggregates-2
community:328:quarter:2024-01-01:median_rent_per_sqft:all:all,community,328,Al Jafliya,,quarter,2024-01-01,2024-03-31,median_rent_per_sqft,all,all,488.73,188,moderate,[],2026-09-08,dlx-aggregates-2
community:328:quarter:2024-04-01:median_rent_per_sqft:all:all,community,328,Al Jafliya,,quarter,2024-04-01,2024-06-30,median_rent_per_sqft,all,all,474.43,104,moderate,[],2026-09-08,dlx-aggregates-2
community:328:quarter:2024-07-01:median_rent_per_sqft:all:all,community,328,Al Jafliya,,quarter,2024-07-01,2024-09-30,median_rent_per_sqft,all,all,483.05,127,moderate,[],2026-09-08,dlx-aggregates-2
community:328:quarter:2024-10-01:median_rent_per_sqft:all:all,community,328,Al Jafliya,,quarter,2024-10-01,2024-12-31,median_rent_per_sqft,all,all,512.96,112,moderate,[],2026-09-08,dlx-aggregates-2
community:328:quarter:2025-01-01:median_rent_per_sqft:all:all,community,328,Al Jafliya,,quarter,2025-01-01,2025-03-31,median_rent_per_sqft,all,all,489.65,189,moderate,[],2026-09-08,dlx-aggregates-2
community:328:quarter:2025-04-01:median_rent_per_sqft:all:all,community,328,Al Jafliya,,quarter,2025-04-01,2025-06-30,median_rent_per_sqft,all,all,512.79,92,moderate,[],2026-09-08,dlx-aggregates-2
community:328:quarter:2025-07-01:median_rent_per_sqft:all:all,community,328,Al Jafliya,,quarter,2025-07-01,2025-09-30,median_rent_per_sqft,all,all,512.96,122,moderate,[],2026-09-08,dlx-aggregates-2
community:328:quarter:2025-10-01:median_rent_per_sqft:all:all,community,328,Al Jafliya,,quarter,2025-10-01,2025-12-31,median_rent_per_sqft,all,all,512.96,119,moderate,[],2026-09-08,dlx-aggregates-2
community:328:quarter:2026-01-01:median_rent_per_sqft:all:all,community,328,Al Jafliya,,quarter,2026-01-01,2026-03-31,median_rent_per_sqft,all,all,531.83,182,moderate,[],2026-09-08,dlx-aggregates-2
community:328:quarter:2026-04-01:median_rent_per_sqft:all:all,community,328,Al Jafliya,,quarter,2026-04-01,2026-06-30,median_rent_per_sqft,all,all,512.82,87,moderate,[],2026-09-08,dlx-aggregates-2
community:328:quarter:2026-07-01:median_rent_per_sqft:all:all,community,328,Al Jafliya,,quarter,2026-07-01,2026-09-30,median_rent_per_sqft,all,all,529.61,80,moderate,[],2026-09-08,dlx-aggregates-2
community:329:quarter:2019-01-01:median_rent_per_sqft:all:all,community,329,Trade Center Second,,quarter,2019-01-01,2019-03-31,median_rent_per_sqft,all,all,781.19,473,higher,[],2026-09-08,dlx-aggregates-2
community:329:quarter:2019-04-01:median_rent_per_sqft:all:all,community,329,Trade Center Second,,quarter,2019-04-01,2019-06-30,median_rent_per_sqft,all,all,789.05,288,higher,[],2026-09-08,dlx-aggregates-2
community:329:quarter:2019-07-01:median_rent_per_sqft:all:all,community,329,Trade Center Second,,quarter,2019-07-01,2019-09-30,median_rent_per_sqft,all,all,792.84,424,higher,[],2026-09-08,dlx-aggregates-2
community:329:quarter:2019-10-01:median_rent_per_sqft:all:all,community,329,Trade Center Second,,quarter,2019-10-01,2019-12-31,median_rent_per_sqft,all,all,820.82,551,higher,[],2026-09-08,dlx-aggregates-2
community:329:quarter:2020-01-01:median_rent_per_sqft:all:all,community,329,Trade Center Second,,quarter,2020-01-01,2020-03-31,median_rent_per_sqft,all,all,698.55,544,higher,[],2026-09-08,dlx-aggregates-2
community:329:quarter:2020-04-01:median_rent_per_sqft:all:all,community,329,Trade Center Second,,quarter,2020-04-01,2020-06-30,median_rent_per_sqft,all,all,724.64,257,higher,[],2026-09-08,dlx-aggregates-2
community:329:quarter:2020-07-01:median_rent_per_sqft:all:all,community,329,Trade Center Second,,quarter,2020-07-01,2020-09-30,median_rent_per_sqft,all,all,703.17,377,higher,[],2026-09-08,dlx-aggregates-2
community:329:quarter:2020-10-01:median_rent_per_sqft:all:all,community,329,Trade Center Second,,quarter,2020-10-01,2020-12-31,median_rent_per_sqft,all,all,677.99,615,higher,[],2026-09-08,dlx-aggregates-2
community:329:quarter:2021-01-01:median_rent_per_sqft:all:all,community,329,Trade Center Second,,quarter,2021-01-01,2021-03-31,median_rent_per_sqft,all,all,669.89,527,higher,[],2026-09-08,dlx-aggregates-2
community:329:quarter:2021-04-01:median_rent_per_sqft:all:all,community,329,Trade Center Second,,quarter,2021-04-01,2021-06-30,median_rent_per_sqft,all,all,654.06,369,higher,[],2026-09-08,dlx-aggregates-2
community:329:quarter:2021-07-01:median_rent_per_sqft:all:all,community,329,Trade Center Second,,quarter,2021-07-01,2021-09-30,median_rent_per_sqft,all,all,652.92,454,higher,[],2026-09-08,dlx-aggregates-2
community:329:quarter:2021-10-01:median_rent_per_sqft:all:all,community,329,Trade Center Second,,quarter,2021-10-01,2021-12-31,median_rent_per_sqft,all,all,671.58,603,higher,[],2026-09-08,dlx-aggregates-2
community:329:quarter:2022-01-01:median_rent_per_sqft:all:all,community,329,Trade Center Second,,quarter,2022-01-01,2022-03-31,median_rent_per_sqft,all,all,714.22,575,higher,[],2026-09-08,dlx-aggregates-2
community:329:quarter:2022-04-01:median_rent_per_sqft:all:all,community,329,Trade Center Second,,quarter,2022-04-01,2022-06-30,median_rent_per_sqft,all,all,691.72,401,higher,[],2026-09-08,dlx-aggregates-2
community:329:quarter:2022-07-01:median_rent_per_sqft:all:all,community,329,Trade Center Second,,quarter,2022-07-01,2022-09-30,median_rent_per_sqft,all,all,701.82,472,higher,[],2026-09-08,dlx-aggregates-2
community:329:quarter:2022-10-01:median_rent_per_sqft:all:all,community,329,Trade Center Second,,quarter,2022-10-01,2022-12-31,median_rent_per_sqft,all,all,717.93,629,higher,[],2026-09-08,dlx-aggregates-2
community:329:quarter:2023-01-01:median_rent_per_sqft:all:all,community,329,Trade Center Second,,quarter,2023-01-01,2023-03-31,median_rent_per_sqft,all,all,761.4,524,higher,[],2026-09-08,dlx-aggregates-2
community:329:quarter:2023-04-01:median_rent_per_sqft:all:all,community,329,Trade Center Second,,quarter,2023-04-01,2023-06-30,median_rent_per_sqft,all,all,752.82,416,higher,[],2026-09-08,dlx-aggregates-2
community:329:quarter:2023-07-01:median_rent_per_sqft:all:all,community,329,Trade Center Second,,quarter,2023-07-01,2023-09-30,median_rent_per_sqft,all,all,745.79,445,higher,[],2026-09-08,dlx-aggregates-2
community:329:quarter:2023-10-01:median_rent_per_sqft:all:all,community,329,Trade Center Second,,quarter,2023-10-01,2023-12-31,median_rent_per_sqft,all,all,765.73,599,higher,[],2026-09-08,dlx-aggregates-2
community:329:quarter:2024-01-01:median_rent_per_sqft:all:all,community,329,Trade Center Second,,quarter,2024-01-01,2024-03-31,median_rent_per_sqft,all,all,807.08,490,higher,[],2026-09-08,dlx-aggregates-2
community:329:quarter:2024-04-01:median_rent_per_sqft:all:all,community,329,Trade Center Second,,quarter,2024-04-01,2024-06-30,median_rent_per_sqft,all,all,828.1,418,higher,[],2026-09-08,dlx-aggregates-2
community:329:quarter:2024-07-01:median_rent_per_sqft:all:all,community,329,Trade Center Second,,quarter,2024-07-01,2024-09-30,median_rent_per_sqft,all,all,816.38,438,higher,[],2026-09-08,dlx-aggregates-2
community:329:quarter:2024-10-01:median_rent_per_sqft:all:all,community,329,Trade Center Second,,quarter,2024-10-01,2024-12-31,median_rent_per_sqft,all,all,843.9,658,higher,[],2026-09-08,dlx-aggregates-2
community:329:quarter:2025-01-01:median_rent_per_sqft:all:all,community,329,Trade Center Second,,quarter,2025-01-01,2025-03-31,median_rent_per_sqft,all,all,885.67,508,higher,[],2026-09-08,dlx-aggregates-2
community:329:quarter:2025-04-01:median_rent_per_sqft:all:all,community,329,Trade Center Second,,quarter,2025-04-01,2025-06-30,median_rent_per_sqft,all,all,893.63,402,higher,[],2026-09-08,dlx-aggregates-2
community:329:quarter:2025-07-01:median_rent_per_sqft:all:all,community,329,Trade Center Second,,quarter,2025-07-01,2025-09-30,median_rent_per_sqft,all,all,860.48,449,higher,[],2026-09-08,dlx-aggregates-2
community:329:quarter:2025-10-01:median_rent_per_sqft:all:all,community,329,Trade Center Second,,quarter,2025-10-01,2025-12-31,median_rent_per_sqft,all,all,851.85,605,higher,[],2026-09-08,dlx-aggregates-2
community:329:quarter:2026-01-01:median_rent_per_sqft:all:all,community,329,Trade Center Second,,quarter,2026-01-01,2026-03-31,median_rent_per_sqft,all,all,929.95,463,higher,[],2026-09-08,dlx-aggregates-2
community:329:quarter:2026-04-01:median_rent_per_sqft:all:all,community,329,Trade Center Second,,quarter,2026-04-01,2026-06-30,median_rent_per_sqft,all,all,922.91,319,higher,[],2026-09-08,dlx-aggregates-2
community:329:quarter:2026-07-01:median_rent_per_sqft:all:all,community,329,Trade Center Second,,quarter,2026-07-01,2026-09-30,median_rent_per_sqft,all,all,879.18,200,higher,[],2026-09-08,dlx-aggregates-2
community:330:quarter:2019-01-01:median_rent_per_sqft:all:all,community,330,Marsa Dubai,,quarter,2019-01-01,2019-03-31,median_rent_per_sqft,all,all,804.48,2524,higher,[],2026-09-08,dlx-aggregates-2
community:330:quarter:2019-04-01:median_rent_per_sqft:all:all,community,330,Marsa Dubai,,quarter,2019-04-01,2019-06-30,median_rent_per_sqft,all,all,779.33,2254,higher,[],2026-09-08,dlx-aggregates-2
community:330:quarter:2019-07-01:median_rent_per_sqft:all:all,community,330,Marsa Dubai,,quarter,2019-07-01,2019-09-30,median_rent_per_sqft,all,all,753.31,2897,higher,[],2026-09-08,dlx-aggregates-2
community:330:quarter:2019-10-01:median_rent_per_sqft:all:all,community,330,Marsa Dubai,,quarter,2019-10-01,2019-12-31,median_rent_per_sqft,all,all,744.36,2771,higher,[],2026-09-08,dlx-aggregates-2
community:330:quarter:2020-01-01:median_rent_per_sqft:all:all,community,330,Marsa Dubai,,quarter,2020-01-01,2020-03-31,median_rent_per_sqft,all,all,727.59,2578,higher,[],2026-09-08,dlx-aggregates-2
community:330:quarter:2020-04-01:median_rent_per_sqft:all:all,community,330,Marsa Dubai,,quarter,2020-04-01,2020-06-30,median_rent_per_sqft,all,all,694.12,1743,higher,[],2026-09-08,dlx-aggregates-2
community:330:quarter:2020-07-01:median_rent_per_sqft:all:all,community,330,Marsa Dubai,,quarter,2020-07-01,2020-09-30,median_rent_per_sqft,all,all,628.59,2963,higher,[],2026-09-08,dlx-aggregates-2
community:330:quarter:2020-10-01:median_rent_per_sqft:all:all,community,330,Marsa Dubai,,quarter,2020-10-01,2020-12-31,median_rent_per_sqft,all,all,613.5,3331,higher,[],2026-09-08,dlx-aggregates-2
community:330:quarter:2021-01-01:median_rent_per_sqft:all:all,community,330,Marsa Dubai,,quarter,2021-01-01,2021-03-31,median_rent_per_sqft,all,all,633.89,3319,higher,[],2026-09-08,dlx-aggregates-2
community:330:quarter:2021-04-01:median_rent_per_sqft:all:all,community,330,Marsa Dubai,,quarter,2021-04-01,2021-06-30,median_rent_per_sqft,all,all,648.17,2241,higher,[],2026-09-08,dlx-aggregates-2
community:330:quarter:2021-07-01:median_rent_per_sqft:all:all,community,330,Marsa Dubai,,quarter,2021-07-01,2021-09-30,median_rent_per_sqft,all,all,662.02,3090,higher,[],2026-09-08,dlx-aggregates-2
community:330:quarter:2021-10-01:median_rent_per_sqft:all:all,community,330,Marsa Dubai,,quarter,2021-10-01,2021-12-31,median_rent_per_sqft,all,all,687.38,3233,higher,[],2026-09-08,dlx-aggregates-2
community:330:quarter:2022-01-01:median_rent_per_sqft:all:all,community,330,Marsa Dubai,,quarter,2022-01-01,2022-03-31,median_rent_per_sqft,all,all,708.31,2899,higher,[],2026-09-08,dlx-aggregates-2
community:330:quarter:2022-04-01:median_rent_per_sqft:all:all,community,330,Marsa Dubai,,quarter,2022-04-01,2022-06-30,median_rent_per_sqft,all,all,746.27,2570,higher,[],2026-09-08,dlx-aggregates-2
community:330:quarter:2022-07-01:median_rent_per_sqft:all:all,community,330,Marsa Dubai,,quarter,2022-07-01,2022-09-30,median_rent_per_sqft,all,all,775.89,3074,higher,[],2026-09-08,dlx-aggregates-2
community:330:quarter:2022-10-01:median_rent_per_sqft:all:all,community,330,Marsa Dubai,,quarter,2022-10-01,2022-12-31,median_rent_per_sqft,all,all,808.15,3196,higher,[],2026-09-08,dlx-aggregates-2
community:330:quarter:2023-01-01:median_rent_per_sqft:all:all,community,330,Marsa Dubai,,quarter,2023-01-01,2023-03-31,median_rent_per_sqft,all,all,859.24,2936,higher,[],2026-09-08,dlx-aggregates-2
community:330:quarter:2023-04-01:median_rent_per_sqft:all:all,community,330,Marsa Dubai,,quarter,2023-04-01,2023-06-30,median_rent_per_sqft,all,all,886.52,2358,higher,[],2026-09-08,dlx-aggregates-2
community:330:quarter:2023-07-01:median_rent_per_sqft:all:all,community,330,Marsa Dubai,,quarter,2023-07-01,2023-09-30,median_rent_per_sqft,all,all,897.99,2975,higher,[],2026-09-08,dlx-aggregates-2
community:330:quarter:2023-10-01:median_rent_per_sqft:all:all,community,330,Marsa Dubai,,quarter,2023-10-01,2023-12-31,median_rent_per_sqft,all,all,939.89,3012,higher,[],2026-09-08,dlx-aggregates-2
community:330:quarter:2024-01-01:median_rent_per_sqft:all:all,community,330,Marsa Dubai,,quarter,2024-01-01,2024-03-31,median_rent_per_sqft,all,all,961.03,2748,higher,[],2026-09-08,dlx-aggregates-2
community:330:quarter:2024-04-01:median_rent_per_sqft:all:all,community,330,Marsa Dubai,,quarter,2024-04-01,2024-06-30,median_rent_per_sqft,all,all,1019.49,2408,higher,[],2026-09-08,dlx-aggregates-2
community:330:quarter:2024-07-01:median_rent_per_sqft:all:all,community,330,Marsa Dubai,,quarter,2024-07-01,2024-09-30,median_rent_per_sqft,all,all,1022.67,3000,higher,[],2026-09-08,dlx-aggregates-2
community:330:quarter:2024-10-01:median_rent_per_sqft:all:all,community,330,Marsa Dubai,,quarter,2024-10-01,2024-12-31,median_rent_per_sqft,all,all,1044.7,2963,higher,[],2026-09-08,dlx-aggregates-2
community:330:quarter:2025-01-01:median_rent_per_sqft:all:all,community,330,Marsa Dubai,,quarter,2025-01-01,2025-03-31,median_rent_per_sqft,all,all,1051.69,2691,higher,[],2026-09-08,dlx-aggregates-2
community:330:quarter:2025-04-01:median_rent_per_sqft:all:all,community,330,Marsa Dubai,,quarter,2025-04-01,2025-06-30,median_rent_per_sqft,all,all,1063.2,2364,higher,[],2026-09-08,dlx-aggregates-2
community:330:quarter:2025-07-01:median_rent_per_sqft:all:all,community,330,Marsa Dubai,,quarter,2025-07-01,2025-09-30,median_rent_per_sqft,all,all,1081.76,3006,higher,[],2026-09-08,dlx-aggregates-2
community:330:quarter:2025-10-01:median_rent_per_sqft:all:all,community,330,Marsa Dubai,,quarter,2025-10-01,2025-12-31,median_rent_per_sqft,all,all,1097.69,2909,higher,[],2026-09-08,dlx-aggregates-2
community:330:quarter:2026-01-01:median_rent_per_sqft:all:all,community,330,Marsa Dubai,,quarter,2026-01-01,2026-03-31,median_rent_per_sqft,all,all,1100.93,2480,higher,[],2026-09-08,dlx-aggregates-2
community:330:quarter:2026-04-01:median_rent_per_sqft:all:all,community,330,Marsa Dubai,,quarter,2026-04-01,2026-06-30,median_rent_per_sqft,all,all,1035.52,1919,higher,[],2026-09-08,dlx-aggregates-2
community:330:quarter:2026-07-01:median_rent_per_sqft:all:all,community,330,Marsa Dubai,,quarter,2026-07-01,2026-09-30,median_rent_per_sqft,all,all,1015.05,2159,higher,[],2026-09-08,dlx-aggregates-2
community:330:quarter:2026-10-01:median_rent_per_sqft:all:all,community,330,Marsa Dubai,,quarter,2026-10-01,2026-12-31,median_rent_per_sqft,all,all,988.25,43,moderate,[],2026-09-08,dlx-aggregates-2
community:331:quarter:2024-07-01:median_rent_per_sqft:all:all,community,331,Zaabeel First,,quarter,2024-07-01,2024-09-30,median_rent_per_sqft,all,all,2789.47,30,moderate,[],2026-09-08,dlx-aggregates-2
community:331:quarter:2025-01-01:median_rent_per_sqft:all:all,community,331,Zaabeel First,,quarter,2025-01-01,2025-03-31,median_rent_per_sqft,all,all,2869.92,31,moderate,[],2026-09-08,dlx-aggregates-2
community:331:quarter:2025-07-01:median_rent_per_sqft:all:all,community,331,Zaabeel First,,quarter,2025-07-01,2025-09-30,median_rent_per_sqft,all,all,2869.65,39,moderate,[],2026-09-08,dlx-aggregates-2
community:331:quarter:2025-10-01:median_rent_per_sqft:all:all,community,331,Zaabeel First,,quarter,2025-10-01,2025-12-31,median_rent_per_sqft,all,all,3091.75,31,moderate,[],2026-09-08,dlx-aggregates-2
community:331:quarter:2026-01-01:median_rent_per_sqft:all:all,community,331,Zaabeel First,,quarter,2026-01-01,2026-03-31,median_rent_per_sqft,all,all,3056.83,40,moderate,[],2026-09-08,dlx-aggregates-2
community:332:quarter:2021-10-01:median_rent_per_sqft:all:all,community,332,Zaabeel Second,,quarter,2021-10-01,2021-12-31,median_rent_per_sqft,all,all,1323.1,57,moderate,[],2026-09-08,dlx-aggregates-2
community:332:quarter:2022-01-01:median_rent_per_sqft:all:all,community,332,Zaabeel Second,,quarter,2022-01-01,2022-03-31,median_rent_per_sqft,all,all,1230.11,40,moderate,[],2026-09-08,dlx-aggregates-2
community:332:quarter:2022-04-01:median_rent_per_sqft:all:all,community,332,Zaabeel Second,,quarter,2022-04-01,2022-06-30,median_rent_per_sqft,all,all,1457.95,40,moderate,[],2026-09-08,dlx-aggregates-2
community:332:quarter:2022-07-01:median_rent_per_sqft:all:all,community,332,Zaabeel Second,,quarter,2022-07-01,2022-09-30,median_rent_per_sqft,all,all,1447.05,31,moderate,[],2026-09-08,dlx-aggregates-2
community:332:quarter:2022-10-01:median_rent_per_sqft:all:all,community,332,Zaabeel Second,,quarter,2022-10-01,2022-12-31,median_rent_per_sqft,all,all,1508.03,46,moderate,[],2026-09-08,dlx-aggregates-2
community:332:quarter:2023-01-01:median_rent_per_sqft:all:all,community,332,Zaabeel Second,,quarter,2023-01-01,2023-03-31,median_rent_per_sqft,all,all,1385.09,60,moderate,[],2026-09-08,dlx-aggregates-2
community:332:quarter:2023-04-01:median_rent_per_sqft:all:all,community,332,Zaabeel Second,,quarter,2023-04-01,2023-06-30,median_rent_per_sqft,all,all,1578.59,44,moderate,[],2026-09-08,dlx-aggregates-2
community:332:quarter:2023-07-01:median_rent_per_sqft:all:all,community,332,Zaabeel Second,,quarter,2023-07-01,2023-09-30,median_rent_per_sqft,all,all,1451.78,92,moderate,[],2026-09-08,dlx-aggregates-2
community:332:quarter:2023-10-01:median_rent_per_sqft:all:all,community,332,Zaabeel Second,,quarter,2023-10-01,2023-12-31,median_rent_per_sqft,all,all,1490.38,172,moderate,[],2026-09-08,dlx-aggregates-2
community:332:quarter:2024-01-01:median_rent_per_sqft:all:all,community,332,Zaabeel Second,,quarter,2024-01-01,2024-03-31,median_rent_per_sqft,all,all,1564.48,174,moderate,[],2026-09-08,dlx-aggregates-2
community:332:quarter:2024-04-01:median_rent_per_sqft:all:all,community,332,Zaabeel Second,,quarter,2024-04-01,2024-06-30,median_rent_per_sqft,all,all,1577.68,120,moderate,[],2026-09-08,dlx-aggregates-2
community:332:quarter:2024-07-01:median_rent_per_sqft:all:all,community,332,Zaabeel Second,,quarter,2024-07-01,2024-09-30,median_rent_per_sqft,all,all,1628.96,209,higher,[],2026-09-08,dlx-aggregates-2
community:332:quarter:2024-10-01:median_rent_per_sqft:all:all,community,332,Zaabeel Second,,quarter,2024-10-01,2024-12-31,median_rent_per_sqft,all,all,1622.11,209,higher,[],2026-09-08,dlx-aggregates-2
community:332:quarter:2025-01-01:median_rent_per_sqft:all:all,community,332,Zaabeel Second,,quarter,2025-01-01,2025-03-31,median_rent_per_sqft,all,all,1635.91,180,moderate,[],2026-09-08,dlx-aggregates-2
community:332:quarter:2025-04-01:median_rent_per_sqft:all:all,community,332,Zaabeel Second,,quarter,2025-04-01,2025-06-30,median_rent_per_sqft,all,all,1633.84,149,moderate,[],2026-09-08,dlx-aggregates-2
community:332:quarter:2025-07-01:median_rent_per_sqft:all:all,community,332,Zaabeel Second,,quarter,2025-07-01,2025-09-30,median_rent_per_sqft,all,all,1654.71,238,higher,[],2026-09-08,dlx-aggregates-2
community:332:quarter:2025-10-01:median_rent_per_sqft:all:all,community,332,Zaabeel Second,,quarter,2025-10-01,2025-12-31,median_rent_per_sqft,all,all,1705.11,209,higher,[],2026-09-08,dlx-aggregates-2
community:332:quarter:2026-01-01:median_rent_per_sqft:all:all,community,332,Zaabeel Second,,quarter,2026-01-01,2026-03-31,median_rent_per_sqft,all,all,1683.41,160,moderate,[],2026-09-08,dlx-aggregates-2
community:332:quarter:2026-04-01:median_rent_per_sqft:all:all,community,332,Zaabeel Second,,quarter,2026-04-01,2026-06-30,median_rent_per_sqft,all,all,1520.46,119,moderate,[],2026-09-08,dlx-aggregates-2
community:332:quarter:2026-07-01:median_rent_per_sqft:all:all,community,332,Zaabeel Second,,quarter,2026-07-01,2026-09-30,median_rent_per_sqft,all,all,1457.39,144,moderate,[],2026-09-08,dlx-aggregates-2
community:333:quarter:2019-07-01:median_rent_per_sqft:all:all,community,333,Madinat Dubai Almelaheyah,,quarter,2019-07-01,2019-09-30,median_rent_per_sqft,all,all,573.64,97,moderate,[],2026-09-08,dlx-aggregates-2
community:333:quarter:2019-10-01:median_rent_per_sqft:all:all,community,333,Madinat Dubai Almelaheyah,,quarter,2019-10-01,2019-12-31,median_rent_per_sqft,all,all,581.4,61,moderate,[],2026-09-08,dlx-aggregates-2
community:333:quarter:2020-01-01:median_rent_per_sqft:all:all,community,333,Madinat Dubai Almelaheyah,,quarter,2020-01-01,2020-03-31,median_rent_per_sqft,all,all,589.93,65,moderate,[],2026-09-08,dlx-aggregates-2
community:333:quarter:2020-04-01:median_rent_per_sqft:all:all,community,333,Madinat Dubai Almelaheyah,,quarter,2020-04-01,2020-06-30,median_rent_per_sqft,all,all,546.17,32,moderate,[],2026-09-08,dlx-aggregates-2
community:333:quarter:2020-07-01:median_rent_per_sqft:all:all,community,333,Madinat Dubai Almelaheyah,,quarter,2020-07-01,2020-09-30,median_rent_per_sqft,all,all,555.56,96,moderate,[],2026-09-08,dlx-aggregates-2
community:333:quarter:2020-10-01:median_rent_per_sqft:all:all,community,333,Madinat Dubai Almelaheyah,,quarter,2020-10-01,2020-12-31,median_rent_per_sqft,all,all,495.3,138,moderate,[],2026-09-08,dlx-aggregates-2
community:333:quarter:2021-01-01:median_rent_per_sqft:all:all,community,333,Madinat Dubai Almelaheyah,,quarter,2021-01-01,2021-03-31,median_rent_per_sqft,all,all,517.99,115,moderate,[],2026-09-08,dlx-aggregates-2
community:333:quarter:2021-04-01:median_rent_per_sqft:all:all,community,333,Madinat Dubai Almelaheyah,,quarter,2021-04-01,2021-06-30,median_rent_per_sqft,all,all,526.76,111,moderate,[],2026-09-08,dlx-aggregates-2
community:333:quarter:2021-07-01:median_rent_per_sqft:all:all,community,333,Madinat Dubai Almelaheyah,,quarter,2021-07-01,2021-09-30,median_rent_per_sqft,all,all,520.83,139,moderate,[],2026-09-08,dlx-aggregates-2
community:333:quarter:2021-10-01:median_rent_per_sqft:all:all,community,333,Madinat Dubai Almelaheyah,,quarter,2021-10-01,2021-12-31,median_rent_per_sqft,all,all,527.9,222,higher,[],2026-09-08,dlx-aggregates-2
community:333:quarter:2022-01-01:median_rent_per_sqft:all:all,community,333,Madinat Dubai Almelaheyah,,quarter,2022-01-01,2022-03-31,median_rent_per_sqft,all,all,528.88,211,higher,[],2026-09-08,dlx-aggregates-2
community:333:quarter:2022-04-01:median_rent_per_sqft:all:all,community,333,Madinat Dubai Almelaheyah,,quarter,2022-04-01,2022-06-30,median_rent_per_sqft,all,all,529.78,203,higher,[],2026-09-08,dlx-aggregates-2
community:333:quarter:2022-07-01:median_rent_per_sqft:all:all,community,333,Madinat Dubai Almelaheyah,,quarter,2022-07-01,2022-09-30,median_rent_per_sqft,all,all,551.07,257,higher,[],2026-09-08,dlx-aggregates-2
community:333:quarter:2022-10-01:median_rent_per_sqft:all:all,community,333,Madinat Dubai Almelaheyah,,quarter,2022-10-01,2022-12-31,median_rent_per_sqft,all,all,541.23,232,higher,[],2026-09-08,dlx-aggregates-2
community:333:quarter:2023-01-01:median_rent_per_sqft:all:all,community,333,Madinat Dubai Almelaheyah,,quarter,2023-01-01,2023-03-31,median_rent_per_sqft,all,all,537.66,226,higher,[],2026-09-08,dlx-aggregates-2
community:333:quarter:2023-04-01:median_rent_per_sqft:all:all,community,333,Madinat Dubai Almelaheyah,,quarter,2023-04-01,2023-06-30,median_rent_per_sqft,all,all,537.18,222,higher,[],2026-09-08,dlx-aggregates-2
community:333:quarter:2023-07-01:median_rent_per_sqft:all:all,community,333,Madinat Dubai Almelaheyah,,quarter,2023-07-01,2023-09-30,median_rent_per_sqft,all,all,565.8,260,higher,[],2026-09-08,dlx-aggregates-2
community:333:quarter:2023-10-01:median_rent_per_sqft:all:all,community,333,Madinat Dubai Almelaheyah,,quarter,2023-10-01,2023-12-31,median_rent_per_sqft,all,all,546.85,250,higher,[],2026-09-08,dlx-aggregates-2
community:333:quarter:2024-01-01:median_rent_per_sqft:all:all,community,333,Madinat Dubai Almelaheyah,,quarter,2024-01-01,2024-03-31,median_rent_per_sqft,all,all,544.85,282,higher,[],2026-09-08,dlx-aggregates-2
community:333:quarter:2024-04-01:median_rent_per_sqft:all:all,community,333,Madinat Dubai Almelaheyah,,quarter,2024-04-01,2024-06-30,median_rent_per_sqft,all,all,573.01,217,higher,[],2026-09-08,dlx-aggregates-2
community:333:quarter:2024-07-01:median_rent_per_sqft:all:all,community,333,Madinat Dubai Almelaheyah,,quarter,2024-07-01,2024-09-30,median_rent_per_sqft,all,all,40464.41,622,higher,[],2026-09-08,dlx-aggregates-2
community:333:quarter:2024-10-01:median_rent_per_sqft:all:all,community,333,Madinat Dubai Almelaheyah,,quarter,2024-10-01,2024-12-31,median_rent_per_sqft,all,all,583.64,237,higher,[],2026-09-08,dlx-aggregates-2
community:333:quarter:2025-01-01:median_rent_per_sqft:all:all,community,333,Madinat Dubai Almelaheyah,,quarter,2025-01-01,2025-03-31,median_rent_per_sqft,all,all,627.65,417,higher,[],2026-09-08,dlx-aggregates-2
community:333:quarter:2025-04-01:median_rent_per_sqft:all:all,community,333,Madinat Dubai Almelaheyah,,quarter,2025-04-01,2025-06-30,median_rent_per_sqft,all,all,584.93,226,higher,[],2026-09-08,dlx-aggregates-2
community:333:quarter:2025-07-01:median_rent_per_sqft:all:all,community,333,Madinat Dubai Almelaheyah,,quarter,2025-07-01,2025-09-30,median_rent_per_sqft,all,all,612.15,259,higher,[],2026-09-08,dlx-aggregates-2
community:333:quarter:2025-10-01:median_rent_per_sqft:all:all,community,333,Madinat Dubai Almelaheyah,,quarter,2025-10-01,2025-12-31,median_rent_per_sqft,all,all,594.33,237,higher,[],2026-09-08,dlx-aggregates-2
community:333:quarter:2026-01-01:median_rent_per_sqft:all:all,community,333,Madinat Dubai Almelaheyah,,quarter,2026-01-01,2026-03-31,median_rent_per_sqft,all,all,645.72,390,higher,[],2026-09-08,dlx-aggregates-2
community:333:quarter:2026-04-01:median_rent_per_sqft:all:all,community,333,Madinat Dubai Almelaheyah,,quarter,2026-04-01,2026-06-30,median_rent_per_sqft,all,all,1463.09,457,higher,[],2026-09-08,dlx-aggregates-2
community:333:quarter:2026-07-01:median_rent_per_sqft:all:all,community,333,Madinat Dubai Almelaheyah,,quarter,2026-07-01,2026-09-30,median_rent_per_sqft,all,all,655.58,229,higher,[],2026-09-08,dlx-aggregates-2
community:334:quarter:2019-01-01:median_rent_per_sqft:all:all,community,334,Al Jadaf,,quarter,2019-01-01,2019-03-31,median_rent_per_sqft,all,all,649.35,365,higher,[],2026-09-08,dlx-aggregates-2
community:334:quarter:2019-04-01:median_rent_per_sqft:all:all,community,334,Al Jadaf,,quarter,2019-04-01,2019-06-30,median_rent_per_sqft,all,all,627.58,283,higher,[],2026-09-08,dlx-aggregates-2
community:334:quarter:2019-07-01:median_rent_per_sqft:all:all,community,334,Al Jadaf,,quarter,2019-07-01,2019-09-30,median_rent_per_sqft,all,all,665.0,325,higher,[],2026-09-08,dlx-aggregates-2
community:334:quarter:2019-10-01:median_rent_per_sqft:all:all,community,334,Al Jadaf,,quarter,2019-10-01,2019-12-31,median_rent_per_sqft,all,all,586.96,377,higher,[],2026-09-08,dlx-aggregates-2
community:334:quarter:2020-01-01:median_rent_per_sqft:all:all,community,334,Al Jadaf,,quarter,2020-01-01,2020-03-31,median_rent_per_sqft,all,all,587.94,436,higher,[],2026-09-08,dlx-aggregates-2
community:334:quarter:2020-04-01:median_rent_per_sqft:all:all,community,334,Al Jadaf,,quarter,2020-04-01,2020-06-30,median_rent_per_sqft,all,all,586.34,270,higher,[],2026-09-08,dlx-aggregates-2
community:334:quarter:2020-07-01:median_rent_per_sqft:all:all,community,334,Al Jadaf,,quarter,2020-07-01,2020-09-30,median_rent_per_sqft,all,all,560.34,533,higher,[],2026-09-08,dlx-aggregates-2
community:334:quarter:2020-10-01:median_rent_per_sqft:all:all,community,334,Al Jadaf,,quarter,2020-10-01,2020-12-31,median_rent_per_sqft,all,all,531.87,532,higher,[],2026-09-08,dlx-aggregates-2
community:334:quarter:2021-01-01:median_rent_per_sqft:all:all,community,334,Al Jadaf,,quarter,2021-01-01,2021-03-31,median_rent_per_sqft,all,all,513.27,666,higher,[],2026-09-08,dlx-aggregates-2
community:334:quarter:2021-04-01:median_rent_per_sqft:all:all,community,334,Al Jadaf,,quarter,2021-04-01,2021-06-30,median_rent_per_sqft,all,all,505.68,488,higher,[],2026-09-08,dlx-aggregates-2
community:334:quarter:2021-07-01:median_rent_per_sqft:all:all,community,334,Al Jadaf,,quarter,2021-07-01,2021-09-30,median_rent_per_sqft,all,all,516.99,642,higher,[],2026-09-08,dlx-aggregates-2
community:334:quarter:2021-10-01:median_rent_per_sqft:all:all,community,334,Al Jadaf,,quarter,2021-10-01,2021-12-31,median_rent_per_sqft,all,all,512.69,734,higher,[],2026-09-08,dlx-aggregates-2
community:334:quarter:2022-01-01:median_rent_per_sqft:all:all,community,334,Al Jadaf,,quarter,2022-01-01,2022-03-31,median_rent_per_sqft,all,all,512.9,835,higher,[],2026-09-08,dlx-aggregates-2
community:334:quarter:2022-04-01:median_rent_per_sqft:all:all,community,334,Al Jadaf,,quarter,2022-04-01,2022-06-30,median_rent_per_sqft,all,all,505.81,642,higher,[],2026-09-08,dlx-aggregates-2
community:334:quarter:2022-07-01:median_rent_per_sqft:all:all,community,334,Al Jadaf,,quarter,2022-07-01,2022-09-30,median_rent_per_sqft,all,all,550.93,699,higher,[],2026-09-08,dlx-aggregates-2
community:334:quarter:2022-10-01:median_rent_per_sqft:all:all,community,334,Al Jadaf,,quarter,2022-10-01,2022-12-31,median_rent_per_sqft,all,all,586.15,844,higher,[],2026-09-08,dlx-aggregates-2
community:334:quarter:2023-01-01:median_rent_per_sqft:all:all,community,334,Al Jadaf,,quarter,2023-01-01,2023-03-31,median_rent_per_sqft,all,all,561.71,876,higher,[],2026-09-08,dlx-aggregates-2
community:334:quarter:2023-04-01:median_rent_per_sqft:all:all,community,334,Al Jadaf,,quarter,2023-04-01,2023-06-30,median_rent_per_sqft,all,all,560.28,699,higher,[],2026-09-08,dlx-aggregates-2
community:334:quarter:2023-07-01:median_rent_per_sqft:all:all,community,334,Al Jadaf,,quarter,2023-07-01,2023-09-30,median_rent_per_sqft,all,all,593.41,750,higher,[],2026-09-08,dlx-aggregates-2
community:334:quarter:2023-10-01:median_rent_per_sqft:all:all,community,334,Al Jadaf,,quarter,2023-10-01,2023-12-31,median_rent_per_sqft,all,all,615.38,821,higher,[],2026-09-08,dlx-aggregates-2
community:334:quarter:2024-01-01:median_rent_per_sqft:all:all,community,334,Al Jadaf,,quarter,2024-01-01,2024-03-31,median_rent_per_sqft,all,all,612.78,925,higher,[],2026-09-08,dlx-aggregates-2
community:334:quarter:2024-04-01:median_rent_per_sqft:all:all,community,334,Al Jadaf,,quarter,2024-04-01,2024-06-30,median_rent_per_sqft,all,all,610.03,716,higher,[],2026-09-08,dlx-aggregates-2
community:334:quarter:2024-07-01:median_rent_per_sqft:all:all,community,334,Al Jadaf,,quarter,2024-07-01,2024-09-30,median_rent_per_sqft,all,all,661.12,780,higher,[],2026-09-08,dlx-aggregates-2
community:334:quarter:2024-10-01:median_rent_per_sqft:all:all,community,334,Al Jadaf,,quarter,2024-10-01,2024-12-31,median_rent_per_sqft,all,all,675.41,834,higher,[],2026-09-08,dlx-aggregates-2
community:334:quarter:2025-01-01:median_rent_per_sqft:all:all,community,334,Al Jadaf,,quarter,2025-01-01,2025-03-31,median_rent_per_sqft,all,all,674.7,929,higher,[],2026-09-08,dlx-aggregates-2
community:334:quarter:2025-04-01:median_rent_per_sqft:all:all,community,334,Al Jadaf,,quarter,2025-04-01,2025-06-30,median_rent_per_sqft,all,all,663.58,823,higher,[],2026-09-08,dlx-aggregates-2
community:334:quarter:2025-07-01:median_rent_per_sqft:all:all,community,334,Al Jadaf,,quarter,2025-07-01,2025-09-30,median_rent_per_sqft,all,all,724.32,915,higher,[],2026-09-08,dlx-aggregates-2
community:334:quarter:2025-10-01:median_rent_per_sqft:all:all,community,334,Al Jadaf,,quarter,2025-10-01,2025-12-31,median_rent_per_sqft,all,all,722.8,909,higher,[],2026-09-08,dlx-aggregates-2
community:334:quarter:2026-01-01:median_rent_per_sqft:all:all,community,334,Al Jadaf,,quarter,2026-01-01,2026-03-31,median_rent_per_sqft,all,all,730.96,1046,higher,[],2026-09-08,dlx-aggregates-2
community:334:quarter:2026-04-01:median_rent_per_sqft:all:all,community,334,Al Jadaf,,quarter,2026-04-01,2026-06-30,median_rent_per_sqft,all,all,709.6,782,higher,[],2026-09-08,dlx-aggregates-2
community:334:quarter:2026-07-01:median_rent_per_sqft:all:all,community,334,Al Jadaf,,quarter,2026-07-01,2026-09-30,median_rent_per_sqft,all,all,715.46,614,higher,[],2026-09-08,dlx-aggregates-2
community:335:quarter:2019-01-01:median_rent_per_sqft:all:all,community,335,Nad Al Shiba First,,quarter,2019-01-01,2019-03-31,median_rent_per_sqft,all,all,667.8,95,moderate,[],2026-09-08,dlx-aggregates-2
community:335:quarter:2019-04-01:median_rent_per_sqft:all:all,community,335,Nad Al Shiba First,,quarter,2019-04-01,2019-06-30,median_rent_per_sqft,all,all,643.14,97,moderate,[],2026-09-08,dlx-aggregates-2
community:335:quarter:2019-07-01:median_rent_per_sqft:all:all,community,335,Nad Al Shiba First,,quarter,2019-07-01,2019-09-30,median_rent_per_sqft,all,all,667.43,322,higher,[],2026-09-08,dlx-aggregates-2
community:335:quarter:2019-10-01:median_rent_per_sqft:all:all,community,335,Nad Al Shiba First,,quarter,2019-10-01,2019-12-31,median_rent_per_sqft,all,all,616.52,161,moderate,[],2026-09-08,dlx-aggregates-2
community:335:quarter:2020-01-01:median_rent_per_sqft:all:all,community,335,Nad Al Shiba First,,quarter,2020-01-01,2020-03-31,median_rent_per_sqft,all,all,596.41,168,moderate,[],2026-09-08,dlx-aggregates-2
community:335:quarter:2020-04-01:median_rent_per_sqft:all:all,community,335,Nad Al Shiba First,,quarter,2020-04-01,2020-06-30,median_rent_per_sqft,all,all,602.69,140,moderate,[],2026-09-08,dlx-aggregates-2
community:335:quarter:2020-07-01:median_rent_per_sqft:all:all,community,335,Nad Al Shiba First,,quarter,2020-07-01,2020-09-30,median_rent_per_sqft,all,all,598.25,340,higher,[],2026-09-08,dlx-aggregates-2
community:335:quarter:2020-10-01:median_rent_per_sqft:all:all,community,335,Nad Al Shiba First,,quarter,2020-10-01,2020-12-31,median_rent_per_sqft,all,all,575.86,237,higher,[],2026-09-08,dlx-aggregates-2
community:335:quarter:2021-01-01:median_rent_per_sqft:all:all,community,335,Nad Al Shiba First,,quarter,2021-01-01,2021-03-31,median_rent_per_sqft,all,all,589.38,258,higher,[],2026-09-08,dlx-aggregates-2
community:335:quarter:2021-04-01:median_rent_per_sqft:all:all,community,335,Nad Al Shiba First,,quarter,2021-04-01,2021-06-30,median_rent_per_sqft,all,all,596.41,185,moderate,[],2026-09-08,dlx-aggregates-2
community:335:quarter:2021-07-01:median_rent_per_sqft:all:all,community,335,Nad Al Shiba First,,quarter,2021-07-01,2021-09-30,median_rent_per_sqft,all,all,599.46,329,higher,[],2026-09-08,dlx-aggregates-2
community:335:quarter:2021-10-01:median_rent_per_sqft:all:all,community,335,Nad Al Shiba First,,quarter,2021-10-01,2021-12-31,median_rent_per_sqft,all,all,606.06,311,higher,[],2026-09-08,dlx-aggregates-2
community:335:quarter:2022-01-01:median_rent_per_sqft:all:all,community,335,Nad Al Shiba First,,quarter,2022-01-01,2022-03-31,median_rent_per_sqft,all,all,616.85,266,higher,[],2026-09-08,dlx-aggregates-2
community:335:quarter:2022-04-01:median_rent_per_sqft:all:all,community,335,Nad Al Shiba First,,quarter,2022-04-01,2022-06-30,median_rent_per_sqft,all,all,623.82,207,higher,[],2026-09-08,dlx-aggregates-2
community:335:quarter:2022-07-01:median_rent_per_sqft:all:all,community,335,Nad Al Shiba First,,quarter,2022-07-01,2022-09-30,median_rent_per_sqft,all,all,655.77,352,higher,[],2026-09-08,dlx-aggregates-2
community:335:quarter:2022-10-01:median_rent_per_sqft:all:all,community,335,Nad Al Shiba First,,quarter,2022-10-01,2022-12-31,median_rent_per_sqft,all,all,646.35,296,higher,[],2026-09-08,dlx-aggregates-2
community:335:quarter:2023-01-01:median_rent_per_sqft:all:all,community,335,Nad Al Shiba First,,quarter,2023-01-01,2023-03-31,median_rent_per_sqft,all,all,660.61,260,higher,[],2026-09-08,dlx-aggregates-2
community:335:quarter:2023-04-01:median_rent_per_sqft:all:all,community,335,Nad Al Shiba First,,quarter,2023-04-01,2023-06-30,median_rent_per_sqft,all,all,673.42,218,higher,[],2026-09-08,dlx-aggregates-2
community:335:quarter:2023-07-01:median_rent_per_sqft:all:all,community,335,Nad Al Shiba First,,quarter,2023-07-01,2023-09-30,median_rent_per_sqft,all,all,706.49,356,higher,[],2026-09-08,dlx-aggregates-2
community:335:quarter:2023-10-01:median_rent_per_sqft:all:all,community,335,Nad Al Shiba First,,quarter,2023-10-01,2023-12-31,median_rent_per_sqft,all,all,700.89,300,higher,[],2026-09-08,dlx-aggregates-2
community:335:quarter:2024-01-01:median_rent_per_sqft:all:all,community,335,Nad Al Shiba First,,quarter,2024-01-01,2024-03-31,median_rent_per_sqft,all,all,753.96,279,higher,[],2026-09-08,dlx-aggregates-2
community:335:quarter:2024-04-01:median_rent_per_sqft:all:all,community,335,Nad Al Shiba First,,quarter,2024-04-01,2024-06-30,median_rent_per_sqft,all,all,760.74,224,higher,[],2026-09-08,dlx-aggregates-2
community:335:quarter:2024-07-01:median_rent_per_sqft:all:all,community,335,Nad Al Shiba First,,quarter,2024-07-01,2024-09-30,median_rent_per_sqft,all,all,812.84,320,higher,[],2026-09-08,dlx-aggregates-2
community:335:quarter:2024-10-01:median_rent_per_sqft:all:all,community,335,Nad Al Shiba First,,quarter,2024-10-01,2024-12-31,median_rent_per_sqft,all,all,846.91,343,higher,[],2026-09-08,dlx-aggregates-2
community:335:quarter:2025-01-01:median_rent_per_sqft:all:all,community,335,Nad Al Shiba First,,quarter,2025-01-01,2025-03-31,median_rent_per_sqft,all,all,887.62,314,higher,[],2026-09-08,dlx-aggregates-2
community:335:quarter:2025-04-01:median_rent_per_sqft:all:all,community,335,Nad Al Shiba First,,quarter,2025-04-01,2025-06-30,median_rent_per_sqft,all,all,888.11,246,higher,[],2026-09-08,dlx-aggregates-2
community:335:quarter:2025-07-01:median_rent_per_sqft:all:all,community,335,Nad Al Shiba First,,quarter,2025-07-01,2025-09-30,median_rent_per_sqft,all,all,899.9,393,higher,[],2026-09-08,dlx-aggregates-2
community:335:quarter:2025-10-01:median_rent_per_sqft:all:all,community,335,Nad Al Shiba First,,quarter,2025-10-01,2025-12-31,median_rent_per_sqft,all,all,962.46,352,higher,[],2026-09-08,dlx-aggregates-2
community:335:quarter:2026-01-01:median_rent_per_sqft:all:all,community,335,Nad Al Shiba First,,quarter,2026-01-01,2026-03-31,median_rent_per_sqft,all,all,958.62,320,higher,[],2026-09-08,dlx-aggregates-2
community:335:quarter:2026-04-01:median_rent_per_sqft:all:all,community,335,Nad Al Shiba First,,quarter,2026-04-01,2026-06-30,median_rent_per_sqft,all,all,911.87,314,higher,[],2026-09-08,dlx-aggregates-2
community:335:quarter:2026-07-01:median_rent_per_sqft:all:all,community,335,Nad Al Shiba First,,quarter,2026-07-01,2026-09-30,median_rent_per_sqft,all,all,915.46,318,higher,[],2026-09-08,dlx-aggregates-2
community:337:quarter:2019-07-01:median_rent_per_sqft:all:all,community,337,Nad Al Shiba Third,,quarter,2019-07-01,2019-09-30,median_rent_per_sqft,all,all,305.85,47,moderate,[],2026-09-08,dlx-aggregates-2
community:337:quarter:2019-10-01:median_rent_per_sqft:all:all,community,337,Nad Al Shiba Third,,quarter,2019-10-01,2019-12-31,median_rent_per_sqft,all,all,305.85,129,moderate,[],2026-09-08,dlx-aggregates-2
community:337:quarter:2020-01-01:median_rent_per_sqft:all:all,community,337,Nad Al Shiba Third,,quarter,2020-01-01,2020-03-31,median_rent_per_sqft,all,all,305.85,107,moderate,[],2026-09-08,dlx-aggregates-2
community:337:quarter:2020-04-01:median_rent_per_sqft:all:all,community,337,Nad Al Shiba Third,,quarter,2020-04-01,2020-06-30,median_rent_per_sqft,all,all,306.54,79,moderate,[],2026-09-08,dlx-aggregates-2
community:337:quarter:2020-07-01:median_rent_per_sqft:all:all,community,337,Nad Al Shiba Third,,quarter,2020-07-01,2020-09-30,median_rent_per_sqft,all,all,306.54,223,higher,[],2026-09-08,dlx-aggregates-2
community:337:quarter:2020-10-01:median_rent_per_sqft:all:all,community,337,Nad Al Shiba Third,,quarter,2020-10-01,2020-12-31,median_rent_per_sqft,all,all,305.85,148,moderate,[],2026-09-08,dlx-aggregates-2
community:337:quarter:2021-01-01:median_rent_per_sqft:all:all,community,337,Nad Al Shiba Third,,quarter,2021-01-01,2021-03-31,median_rent_per_sqft,all,all,305.85,160,moderate,[],2026-09-08,dlx-aggregates-2
community:337:quarter:2021-04-01:median_rent_per_sqft:all:all,community,337,Nad Al Shiba Third,,quarter,2021-04-01,2021-06-30,median_rent_per_sqft,all,all,306.54,138,moderate,[],2026-09-08,dlx-aggregates-2
community:337:quarter:2021-07-01:median_rent_per_sqft:all:all,community,337,Nad Al Shiba Third,,quarter,2021-07-01,2021-09-30,median_rent_per_sqft,all,all,321.86,252,higher,[],2026-09-08,dlx-aggregates-2
community:337:quarter:2021-10-01:median_rent_per_sqft:all:all,community,337,Nad Al Shiba Third,,quarter,2021-10-01,2021-12-31,median_rent_per_sqft,all,all,321.86,186,moderate,[],2026-09-08,dlx-aggregates-2
community:337:quarter:2022-01-01:median_rent_per_sqft:all:all,community,337,Nad Al Shiba Third,,quarter,2022-01-01,2022-03-31,median_rent_per_sqft,all,all,351.72,199,moderate,[],2026-09-08,dlx-aggregates-2
community:337:quarter:2022-04-01:median_rent_per_sqft:all:all,community,337,Nad Al Shiba Third,,quarter,2022-04-01,2022-06-30,median_rent_per_sqft,all,all,343.19,157,moderate,[],2026-09-08,dlx-aggregates-2
community:337:quarter:2022-07-01:median_rent_per_sqft:all:all,community,337,Nad Al Shiba Third,,quarter,2022-07-01,2022-09-30,median_rent_per_sqft,all,all,341.64,249,higher,[],2026-09-08,dlx-aggregates-2
community:337:quarter:2022-10-01:median_rent_per_sqft:all:all,community,337,Nad Al Shiba Third,,quarter,2022-10-01,2022-12-31,median_rent_per_sqft,all,all,367.85,170,moderate,[],2026-09-08,dlx-aggregates-2
community:337:quarter:2023-01-01:median_rent_per_sqft:all:all,community,337,Nad Al Shiba Third,,quarter,2023-01-01,2023-03-31,median_rent_per_sqft,all,all,389.24,190,moderate,[],2026-09-08,dlx-aggregates-2
community:337:quarter:2023-04-01:median_rent_per_sqft:all:all,community,337,Nad Al Shiba Third,,quarter,2023-04-01,2023-06-30,median_rent_per_sqft,all,all,414.44,162,moderate,[],2026-09-08,dlx-aggregates-2
community:337:quarter:2023-07-01:median_rent_per_sqft:all:all,community,337,Nad Al Shiba Third,,quarter,2023-07-01,2023-09-30,median_rent_per_sqft,all,all,388.18,270,higher,[],2026-09-08,dlx-aggregates-2
community:337:quarter:2023-10-01:median_rent_per_sqft:all:all,community,337,Nad Al Shiba Third,,quarter,2023-10-01,2023-12-31,median_rent_per_sqft,all,all,441.41,169,moderate,[],2026-09-08,dlx-aggregates-2
community:337:quarter:2024-01-01:median_rent_per_sqft:all:all,community,337,Nad Al Shiba Third,,quarter,2024-01-01,2024-03-31,median_rent_per_sqft,all,all,405.73,184,moderate,[],2026-09-08,dlx-aggregates-2
community:337:quarter:2024-04-01:median_rent_per_sqft:all:all,community,337,Nad Al Shiba Third,,quarter,2024-04-01,2024-06-30,median_rent_per_sqft,all,all,480.08,163,moderate,[],2026-09-08,dlx-aggregates-2
community:337:quarter:2024-07-01:median_rent_per_sqft:all:all,community,337,Nad Al Shiba Third,,quarter,2024-07-01,2024-09-30,median_rent_per_sqft,all,all,457.89,259,higher,[],2026-09-08,dlx-aggregates-2
community:337:quarter:2024-10-01:median_rent_per_sqft:all:all,community,337,Nad Al Shiba Third,,quarter,2024-10-01,2024-12-31,median_rent_per_sqft,all,all,502.72,179,moderate,[],2026-09-08,dlx-aggregates-2
community:337:quarter:2025-01-01:median_rent_per_sqft:all:all,community,337,Nad Al Shiba Third,,quarter,2025-01-01,2025-03-31,median_rent_per_sqft,all,all,490.71,185,moderate,[],2026-09-08,dlx-aggregates-2
community:337:quarter:2025-04-01:median_rent_per_sqft:all:all,community,337,Nad Al Shiba Third,,quarter,2025-04-01,2025-06-30,median_rent_per_sqft,all,all,508.47,179,moderate,[],2026-09-08,dlx-aggregates-2
community:337:quarter:2025-07-01:median_rent_per_sqft:all:all,community,337,Nad Al Shiba Third,,quarter,2025-07-01,2025-09-30,median_rent_per_sqft,all,all,490.76,274,higher,[],2026-09-08,dlx-aggregates-2
community:337:quarter:2025-10-01:median_rent_per_sqft:all:all,community,337,Nad Al Shiba Third,,quarter,2025-10-01,2025-12-31,median_rent_per_sqft,all,all,539.51,183,moderate,[],2026-09-08,dlx-aggregates-2
community:337:quarter:2026-01-01:median_rent_per_sqft:all:all,community,337,Nad Al Shiba Third,,quarter,2026-01-01,2026-03-31,median_rent_per_sqft,all,all,543.14,182,moderate,[],2026-09-08,dlx-aggregates-2
community:337:quarter:2026-04-01:median_rent_per_sqft:all:all,community,337,Nad Al Shiba Third,,quarter,2026-04-01,2026-06-30,median_rent_per_sqft,all,all,553.61,163,moderate,[],2026-09-08,dlx-aggregates-2
community:337:quarter:2026-07-01:median_rent_per_sqft:all:all,community,337,Nad Al Shiba Third,,quarter,2026-07-01,2026-09-30,median_rent_per_sqft,all,all,530.11,199,moderate,[],2026-09-08,dlx-aggregates-2
community:338:quarter:2019-01-01:median_rent_per_sqft:all:all,community,338,Al Goze First,,quarter,2019-01-01,2019-03-31,median_rent_per_sqft,all,all,161.5,31,moderate,[],2026-09-08,dlx-aggregates-2
community:338:quarter:2019-07-01:median_rent_per_sqft:all:all,community,338,Al Goze First,,quarter,2019-07-01,2019-09-30,median_rent_per_sqft,all,all,294.12,33,moderate,[],2026-09-08,dlx-aggregates-2
community:338:quarter:2019-10-01:median_rent_per_sqft:all:all,community,338,Al Goze First,,quarter,2019-10-01,2019-12-31,median_rent_per_sqft,all,all,223.35,38,moderate,[],2026-09-08,dlx-aggregates-2
community:338:quarter:2020-01-01:median_rent_per_sqft:all:all,community,338,Al Goze First,,quarter,2020-01-01,2020-03-31,median_rent_per_sqft,all,all,204.51,43,moderate,[],2026-09-08,dlx-aggregates-2
community:338:quarter:2020-07-01:median_rent_per_sqft:all:all,community,338,Al Goze First,,quarter,2020-07-01,2020-09-30,median_rent_per_sqft,all,all,190.58,33,moderate,[],2026-09-08,dlx-aggregates-2
community:338:quarter:2020-10-01:median_rent_per_sqft:all:all,community,338,Al Goze First,,quarter,2020-10-01,2020-12-31,median_rent_per_sqft,all,all,264.43,44,moderate,[],2026-09-08,dlx-aggregates-2
community:338:quarter:2021-01-01:median_rent_per_sqft:all:all,community,338,Al Goze First,,quarter,2021-01-01,2021-03-31,median_rent_per_sqft,all,all,251.35,51,moderate,[],2026-09-08,dlx-aggregates-2
community:338:quarter:2021-07-01:median_rent_per_sqft:all:all,community,338,Al Goze First,,quarter,2021-07-01,2021-09-30,median_rent_per_sqft,all,all,242.2,41,moderate,[],2026-09-08,dlx-aggregates-2
community:338:quarter:2021-10-01:median_rent_per_sqft:all:all,community,338,Al Goze First,,quarter,2021-10-01,2021-12-31,median_rent_per_sqft,all,all,209.9,47,moderate,[],2026-09-08,dlx-aggregates-2
community:338:quarter:2022-01-01:median_rent_per_sqft:all:all,community,338,Al Goze First,,quarter,2022-01-01,2022-03-31,median_rent_per_sqft,all,all,233.32,44,moderate,[],2026-09-08,dlx-aggregates-2
community:338:quarter:2022-04-01:median_rent_per_sqft:all:all,community,338,Al Goze First,,quarter,2022-04-01,2022-06-30,median_rent_per_sqft,all,all,236.22,33,moderate,[],2026-09-08,dlx-aggregates-2
community:338:quarter:2022-07-01:median_rent_per_sqft:all:all,community,338,Al Goze First,,quarter,2022-07-01,2022-09-30,median_rent_per_sqft,all,all,217.07,48,moderate,[],2026-09-08,dlx-aggregates-2
community:338:quarter:2022-10-01:median_rent_per_sqft:all:all,community,338,Al Goze First,,quarter,2022-10-01,2022-12-31,median_rent_per_sqft,all,all,447.76,59,moderate,[],2026-09-08,dlx-aggregates-2
community:338:quarter:2023-01-01:median_rent_per_sqft:all:all,community,338,Al Goze First,,quarter,2023-01-01,2023-03-31,median_rent_per_sqft,all,all,328.19,43,moderate,[],2026-09-08,dlx-aggregates-2
community:338:quarter:2023-04-01:median_rent_per_sqft:all:all,community,338,Al Goze First,,quarter,2023-04-01,2023-06-30,median_rent_per_sqft,all,all,262.47,41,moderate,[],2026-09-08,dlx-aggregates-2
community:338:quarter:2023-07-01:median_rent_per_sqft:all:all,community,338,Al Goze First,,quarter,2023-07-01,2023-09-30,median_rent_per_sqft,all,all,299.17,54,moderate,[],2026-09-08,dlx-aggregates-2
community:338:quarter:2023-10-01:median_rent_per_sqft:all:all,community,338,Al Goze First,,quarter,2023-10-01,2023-12-31,median_rent_per_sqft,all,all,379.75,57,moderate,[],2026-09-08,dlx-aggregates-2
community:338:quarter:2024-01-01:median_rent_per_sqft:all:all,community,338,Al Goze First,,quarter,2024-01-01,2024-03-31,median_rent_per_sqft,all,all,362.46,53,moderate,[],2026-09-08,dlx-aggregates-2
community:338:quarter:2024-04-01:median_rent_per_sqft:all:all,community,338,Al Goze First,,quarter,2024-04-01,2024-06-30,median_rent_per_sqft,all,all,336.7,39,moderate,[],2026-09-08,dlx-aggregates-2
community:338:quarter:2024-07-01:median_rent_per_sqft:all:all,community,338,Al Goze First,,quarter,2024-07-01,2024-09-30,median_rent_per_sqft,all,all,296.94,51,moderate,[],2026-09-08,dlx-aggregates-2
community:338:quarter:2024-10-01:median_rent_per_sqft:all:all,community,338,Al Goze First,,quarter,2024-10-01,2024-12-31,median_rent_per_sqft,all,all,338.98,62,moderate,[],2026-09-08,dlx-aggregates-2
community:338:quarter:2025-01-01:median_rent_per_sqft:all:all,community,338,Al Goze First,,quarter,2025-01-01,2025-03-31,median_rent_per_sqft,all,all,386.67,57,moderate,[],2026-09-08,dlx-aggregates-2
community:338:quarter:2025-04-01:median_rent_per_sqft:all:all,community,338,Al Goze First,,quarter,2025-04-01,2025-06-30,median_rent_per_sqft,all,all,325.45,50,moderate,[],2026-09-08,dlx-aggregates-2
community:338:quarter:2025-07-01:median_rent_per_sqft:all:all,community,338,Al Goze First,,quarter,2025-07-01,2025-09-30,median_rent_per_sqft,all,all,266.64,52,moderate,[],2026-09-08,dlx-aggregates-2
community:338:quarter:2025-10-01:median_rent_per_sqft:all:all,community,338,Al Goze First,,quarter,2025-10-01,2025-12-31,median_rent_per_sqft,all,all,420.46,63,moderate,[],2026-09-08,dlx-aggregates-2
community:338:quarter:2026-01-01:median_rent_per_sqft:all:all,community,338,Al Goze First,,quarter,2026-01-01,2026-03-31,median_rent_per_sqft,all,all,363.64,51,moderate,[],2026-09-08,dlx-aggregates-2
community:338:quarter:2026-04-01:median_rent_per_sqft:all:all,community,338,Al Goze First,,quarter,2026-04-01,2026-06-30,median_rent_per_sqft,all,all,360.0,37,moderate,[],2026-09-08,dlx-aggregates-2
community:338:quarter:2026-07-01:median_rent_per_sqft:all:all,community,338,Al Goze First,,quarter,2026-07-01,2026-09-30,median_rent_per_sqft,all,all,353.85,31,moderate,[],2026-09-08,dlx-aggregates-2
community:339:quarter:2019-01-01:median_rent_per_sqft:all:all,community,339,Al Mararr,,quarter,2019-01-01,2019-03-31,median_rent_per_sqft,all,all,119.79,152,moderate,[],2026-09-08,dlx-aggregates-2
community:339:quarter:2019-04-01:median_rent_per_sqft:all:all,community,339,Al Mararr,,quarter,2019-04-01,2019-06-30,median_rent_per_sqft,all,all,91.67,53,moderate,[],2026-09-08,dlx-aggregates-2
community:339:quarter:2019-07-01:median_rent_per_sqft:all:all,community,339,Al Mararr,,quarter,2019-07-01,2019-09-30,median_rent_per_sqft,all,all,118.75,55,moderate,[],2026-09-08,dlx-aggregates-2
community:339:quarter:2019-10-01:median_rent_per_sqft:all:all,community,339,Al Mararr,,quarter,2019-10-01,2019-12-31,median_rent_per_sqft,all,all,100.0,45,moderate,[],2026-09-08,dlx-aggregates-2
community:339:quarter:2020-01-01:median_rent_per_sqft:all:all,community,339,Al Mararr,,quarter,2020-01-01,2020-03-31,median_rent_per_sqft,all,all,96.15,135,moderate,[],2026-09-08,dlx-aggregates-2
community:339:quarter:2020-04-01:median_rent_per_sqft:all:all,community,339,Al Mararr,,quarter,2020-04-01,2020-06-30,median_rent_per_sqft,all,all,84.09,33,moderate,[],2026-09-08,dlx-aggregates-2
community:339:quarter:2020-07-01:median_rent_per_sqft:all:all,community,339,Al Mararr,,quarter,2020-07-01,2020-09-30,median_rent_per_sqft,all,all,139.19,45,moderate,[],2026-09-08,dlx-aggregates-2
community:339:quarter:2020-10-01:median_rent_per_sqft:all:all,community,339,Al Mararr,,quarter,2020-10-01,2020-12-31,median_rent_per_sqft,all,all,96.15,57,moderate,[],2026-09-08,dlx-aggregates-2
community:339:quarter:2021-01-01:median_rent_per_sqft:all:all,community,339,Al Mararr,,quarter,2021-01-01,2021-03-31,median_rent_per_sqft,all,all,86.54,102,moderate,[],2026-09-08,dlx-aggregates-2
community:339:quarter:2021-04-01:median_rent_per_sqft:all:all,community,339,Al Mararr,,quarter,2021-04-01,2021-06-30,median_rent_per_sqft,all,all,250.15,80,moderate,[],2026-09-08,dlx-aggregates-2
community:339:quarter:2021-07-01:median_rent_per_sqft:all:all,community,339,Al Mararr,,quarter,2021-07-01,2021-09-30,median_rent_per_sqft,all,all,83.72,52,moderate,[],2026-09-08,dlx-aggregates-2
community:339:quarter:2021-10-01:median_rent_per_sqft:all:all,community,339,Al Mararr,,quarter,2021-10-01,2021-12-31,median_rent_per_sqft,all,all,83.33,63,moderate,[],2026-09-08,dlx-aggregates-2
community:339:quarter:2022-01-01:median_rent_per_sqft:all:all,community,339,Al Mararr,,quarter,2022-01-01,2022-03-31,median_rent_per_sqft,all,all,114.29,137,moderate,[],2026-09-08,dlx-aggregates-2
community:339:quarter:2022-04-01:median_rent_per_sqft:all:all,community,339,Al Mararr,,quarter,2022-04-01,2022-06-30,median_rent_per_sqft,all,all,78.43,83,moderate,[],2026-09-08,dlx-aggregates-2
community:339:quarter:2022-07-01:median_rent_per_sqft:all:all,community,339,Al Mararr,,quarter,2022-07-01,2022-09-30,median_rent_per_sqft,all,all,226.67,66,moderate,[],2026-09-08,dlx-aggregates-2
community:339:quarter:2022-10-01:median_rent_per_sqft:all:all,community,339,Al Mararr,,quarter,2022-10-01,2022-12-31,median_rent_per_sqft,all,all,89.74,67,moderate,[],2026-09-08,dlx-aggregates-2
community:339:quarter:2023-01-01:median_rent_per_sqft:all:all,community,339,Al Mararr,,quarter,2023-01-01,2023-03-31,median_rent_per_sqft,all,all,104.17,139,moderate,[],2026-09-08,dlx-aggregates-2
community:339:quarter:2023-04-01:median_rent_per_sqft:all:all,community,339,Al Mararr,,quarter,2023-04-01,2023-06-30,median_rent_per_sqft,all,all,92.46,66,moderate,[],2026-09-08,dlx-aggregates-2
community:339:quarter:2023-07-01:median_rent_per_sqft:all:all,community,339,Al Mararr,,quarter,2023-07-01,2023-09-30,median_rent_per_sqft,all,all,255.18,67,moderate,[],2026-09-08,dlx-aggregates-2
community:339:quarter:2023-10-01:median_rent_per_sqft:all:all,community,339,Al Mararr,,quarter,2023-10-01,2023-12-31,median_rent_per_sqft,all,all,170.12,95,moderate,[],2026-09-08,dlx-aggregates-2
community:339:quarter:2024-01-01:median_rent_per_sqft:all:all,community,339,Al Mararr,,quarter,2024-01-01,2024-03-31,median_rent_per_sqft,all,all,200.0,144,moderate,[],2026-09-08,dlx-aggregates-2
community:339:quarter:2024-04-01:median_rent_per_sqft:all:all,community,339,Al Mararr,,quarter,2024-04-01,2024-06-30,median_rent_per_sqft,all,all,116.19,60,moderate,[],2026-09-08,dlx-aggregates-2
community:339:quarter:2024-07-01:median_rent_per_sqft:all:all,community,339,Al Mararr,,quarter,2024-07-01,2024-09-30,median_rent_per_sqft,all,all,118.93,66,moderate,[],2026-09-08,dlx-aggregates-2
community:339:quarter:2024-10-01:median_rent_per_sqft:all:all,community,339,Al Mararr,,quarter,2024-10-01,2024-12-31,median_rent_per_sqft,all,all,105.44,66,moderate,[],2026-09-08,dlx-aggregates-2
community:339:quarter:2025-01-01:median_rent_per_sqft:all:all,community,339,Al Mararr,,quarter,2025-01-01,2025-03-31,median_rent_per_sqft,all,all,213.63,120,moderate,[],2026-09-08,dlx-aggregates-2
community:339:quarter:2025-04-01:median_rent_per_sqft:all:all,community,339,Al Mararr,,quarter,2025-04-01,2025-06-30,median_rent_per_sqft,all,all,120.42,56,moderate,[],2026-09-08,dlx-aggregates-2
community:339:quarter:2025-07-01:median_rent_per_sqft:all:all,community,339,Al Mararr,,quarter,2025-07-01,2025-09-30,median_rent_per_sqft,all,all,187.73,112,moderate,[],2026-09-08,dlx-aggregates-2
community:339:quarter:2025-10-01:median_rent_per_sqft:all:all,community,339,Al Mararr,,quarter,2025-10-01,2025-12-31,median_rent_per_sqft,all,all,114.29,105,moderate,[],2026-09-08,dlx-aggregates-2
community:339:quarter:2026-01-01:median_rent_per_sqft:all:all,community,339,Al Mararr,,quarter,2026-01-01,2026-03-31,median_rent_per_sqft,all,all,134.23,118,moderate,[],2026-09-08,dlx-aggregates-2
community:339:quarter:2026-04-01:median_rent_per_sqft:all:all,community,339,Al Mararr,,quarter,2026-04-01,2026-06-30,median_rent_per_sqft,all,all,120.0,45,moderate,[],2026-09-08,dlx-aggregates-2
community:339:quarter:2026-07-01:median_rent_per_sqft:all:all,community,339,Al Mararr,,quarter,2026-07-01,2026-09-30,median_rent_per_sqft,all,all,104.71,39,moderate,[],2026-09-08,dlx-aggregates-2
community:340:quarter:2025-01-01:median_rent_per_sqft:all:all,community,340,Ghadeer Al tair,,quarter,2025-01-01,2025-03-31,median_rent_per_sqft,all,all,307.38,30,moderate,[],2026-09-08,dlx-aggregates-2
community:340:quarter:2026-01-01:median_rent_per_sqft:all:all,community,340,Ghadeer Al tair,,quarter,2026-01-01,2026-03-31,median_rent_per_sqft,all,all,363.96,30,moderate,[],2026-09-08,dlx-aggregates-2
community:341:quarter:2019-01-01:median_rent_per_sqft:all:all,community,341,Trade Center First,,quarter,2019-01-01,2019-03-31,median_rent_per_sqft,all,all,743.69,757,higher,[],2026-09-08,dlx-aggregates-2
community:341:quarter:2019-04-01:median_rent_per_sqft:all:all,community,341,Trade Center First,,quarter,2019-04-01,2019-06-30,median_rent_per_sqft,all,all,724.39,602,higher,[],2026-09-08,dlx-aggregates-2
community:341:quarter:2019-07-01:median_rent_per_sqft:all:all,community,341,Trade Center First,,quarter,2019-07-01,2019-09-30,median_rent_per_sqft,all,all,726.91,843,higher,[],2026-09-08,dlx-aggregates-2
community:341:quarter:2019-10-01:median_rent_per_sqft:all:all,community,341,Trade Center First,,quarter,2019-10-01,2019-12-31,median_rent_per_sqft,all,all,693.07,797,higher,[],2026-09-08,dlx-aggregates-2
community:341:quarter:2020-01-01:median_rent_per_sqft:all:all,community,341,Trade Center First,,quarter,2020-01-01,2020-03-31,median_rent_per_sqft,all,all,751.34,993,higher,[],2026-09-08,dlx-aggregates-2
community:341:quarter:2020-04-01:median_rent_per_sqft:all:all,community,341,Trade Center First,,quarter,2020-04-01,2020-06-30,median_rent_per_sqft,all,all,648.12,447,higher,[],2026-09-08,dlx-aggregates-2
community:341:quarter:2020-07-01:median_rent_per_sqft:all:all,community,341,Trade Center First,,quarter,2020-07-01,2020-09-30,median_rent_per_sqft,all,all,626.26,740,higher,[],2026-09-08,dlx-aggregates-2
community:341:quarter:2020-10-01:median_rent_per_sqft:all:all,community,341,Trade Center First,,quarter,2020-10-01,2020-12-31,median_rent_per_sqft,all,all,601.24,864,higher,[],2026-09-08,dlx-aggregates-2
community:341:quarter:2021-01-01:median_rent_per_sqft:all:all,community,341,Trade Center First,,quarter,2021-01-01,2021-03-31,median_rent_per_sqft,all,all,668.75,1060,higher,[],2026-09-08,dlx-aggregates-2
community:341:quarter:2021-04-01:median_rent_per_sqft:all:all,community,341,Trade Center First,,quarter,2021-04-01,2021-06-30,median_rent_per_sqft,all,all,593.17,591,higher,[],2026-09-08,dlx-aggregates-2
community:341:quarter:2021-07-01:median_rent_per_sqft:all:all,community,341,Trade Center First,,quarter,2021-07-01,2021-09-30,median_rent_per_sqft,all,all,587.84,751,higher,[],2026-09-08,dlx-aggregates-2
community:341:quarter:2021-10-01:median_rent_per_sqft:all:all,community,341,Trade Center First,,quarter,2021-10-01,2021-12-31,median_rent_per_sqft,all,all,595.22,986,higher,[],2026-09-08,dlx-aggregates-2
community:341:quarter:2022-01-01:median_rent_per_sqft:all:all,community,341,Trade Center First,,quarter,2022-01-01,2022-03-31,median_rent_per_sqft,all,all,638.43,1229,higher,[],2026-09-08,dlx-aggregates-2
community:341:quarter:2022-04-01:median_rent_per_sqft:all:all,community,341,Trade Center First,,quarter,2022-04-01,2022-06-30,median_rent_per_sqft,all,all,607.99,811,higher,[],2026-09-08,dlx-aggregates-2
community:341:quarter:2022-07-01:median_rent_per_sqft:all:all,community,341,Trade Center First,,quarter,2022-07-01,2022-09-30,median_rent_per_sqft,all,all,616.62,807,higher,[],2026-09-08,dlx-aggregates-2
community:341:quarter:2022-10-01:median_rent_per_sqft:all:all,community,341,Trade Center First,,quarter,2022-10-01,2022-12-31,median_rent_per_sqft,all,all,626.69,1012,higher,[],2026-09-08,dlx-aggregates-2
community:341:quarter:2023-01-01:median_rent_per_sqft:all:all,community,341,Trade Center First,,quarter,2023-01-01,2023-03-31,median_rent_per_sqft,all,all,687.47,1369,higher,[],2026-09-08,dlx-aggregates-2
community:341:quarter:2023-04-01:median_rent_per_sqft:all:all,community,341,Trade Center First,,quarter,2023-04-01,2023-06-30,median_rent_per_sqft,all,all,657.74,824,higher,[],2026-09-08,dlx-aggregates-2
community:341:quarter:2023-07-01:median_rent_per_sqft:all:all,community,341,Trade Center First,,quarter,2023-07-01,2023-09-30,median_rent_per_sqft,all,all,669.42,887,higher,[],2026-09-08,dlx-aggregates-2
community:341:quarter:2023-10-01:median_rent_per_sqft:all:all,community,341,Trade Center First,,quarter,2023-10-01,2023-12-31,median_rent_per_sqft,all,all,673.04,1023,higher,[],2026-09-08,dlx-aggregates-2
community:341:quarter:2024-01-01:median_rent_per_sqft:all:all,community,341,Trade Center First,,quarter,2024-01-01,2024-03-31,median_rent_per_sqft,all,all,708.18,1397,higher,[],2026-09-08,dlx-aggregates-2
community:341:quarter:2024-04-01:median_rent_per_sqft:all:all,community,341,Trade Center First,,quarter,2024-04-01,2024-06-30,median_rent_per_sqft,all,all,708.44,856,higher,[],2026-09-08,dlx-aggregates-2
community:341:quarter:2024-07-01:median_rent_per_sqft:all:all,community,341,Trade Center First,,quarter,2024-07-01,2024-09-30,median_rent_per_sqft,all,all,723.52,886,higher,[],2026-09-08,dlx-aggregates-2
community:341:quarter:2024-10-01:median_rent_per_sqft:all:all,community,341,Trade Center First,,quarter,2024-10-01,2024-12-31,median_rent_per_sqft,all,all,729.18,1064,higher,[],2026-09-08,dlx-aggregates-2
community:341:quarter:2025-01-01:median_rent_per_sqft:all:all,community,341,Trade Center First,,quarter,2025-01-01,2025-03-31,median_rent_per_sqft,all,all,820.19,1439,higher,[],2026-09-08,dlx-aggregates-2
community:341:quarter:2025-04-01:median_rent_per_sqft:all:all,community,341,Trade Center First,,quarter,2025-04-01,2025-06-30,median_rent_per_sqft,all,all,742.46,891,higher,[],2026-09-08,dlx-aggregates-2
community:341:quarter:2025-07-01:median_rent_per_sqft:all:all,community,341,Trade Center First,,quarter,2025-07-01,2025-09-30,median_rent_per_sqft,all,all,759.98,862,higher,[],2026-09-08,dlx-aggregates-2
community:341:quarter:2025-10-01:median_rent_per_sqft:all:all,community,341,Trade Center First,,quarter,2025-10-01,2025-12-31,median_rent_per_sqft,all,all,748.36,945,higher,[],2026-09-08,dlx-aggregates-2
community:341:quarter:2026-01-01:median_rent_per_sqft:all:all,community,341,Trade Center First,,quarter,2026-01-01,2026-03-31,median_rent_per_sqft,all,all,843.54,1235,higher,[],2026-09-08,dlx-aggregates-2
community:341:quarter:2026-04-01:median_rent_per_sqft:all:all,community,341,Trade Center First,,quarter,2026-04-01,2026-06-30,median_rent_per_sqft,all,all,787.47,736,higher,[],2026-09-08,dlx-aggregates-2
community:341:quarter:2026-07-01:median_rent_per_sqft:all:all,community,341,Trade Center First,,quarter,2026-07-01,2026-09-30,median_rent_per_sqft,all,all,832.75,555,higher,[],2026-09-08,dlx-aggregates-2
community:342:quarter:2019-07-01:median_rent_per_sqft:all:all,community,342,Ras Al Khor Industrial Third,,quarter,2019-07-01,2019-09-30,median_rent_per_sqft,all,all,535.94,78,moderate,[],2026-09-08,dlx-aggregates-2
community:342:quarter:2019-10-01:median_rent_per_sqft:all:all,community,342,Ras Al Khor Industrial Third,,quarter,2019-10-01,2019-12-31,median_rent_per_sqft,all,all,512.62,36,moderate,[],2026-09-08,dlx-aggregates-2
community:342:quarter:2020-01-01:median_rent_per_sqft:all:all,community,342,Ras Al Khor Industrial Third,,quarter,2020-01-01,2020-03-31,median_rent_per_sqft,all,all,473.19,31,moderate,[],2026-09-08,dlx-aggregates-2
community:342:quarter:2020-07-01:median_rent_per_sqft:all:all,community,342,Ras Al Khor Industrial Third,,quarter,2020-07-01,2020-09-30,median_rent_per_sqft,all,all,473.9,64,moderate,[],2026-09-08,dlx-aggregates-2
community:342:quarter:2020-10-01:median_rent_per_sqft:all:all,community,342,Ras Al Khor Industrial Third,,quarter,2020-10-01,2020-12-31,median_rent_per_sqft,all,all,478.91,36,moderate,[],2026-09-08,dlx-aggregates-2
community:342:quarter:2021-01-01:median_rent_per_sqft:all:all,community,342,Ras Al Khor Industrial Third,,quarter,2021-01-01,2021-03-31,median_rent_per_sqft,all,all,457.41,41,moderate,[],2026-09-08,dlx-aggregates-2
community:342:quarter:2021-07-01:median_rent_per_sqft:all:all,community,342,Ras Al Khor Industrial Third,,quarter,2021-07-01,2021-09-30,median_rent_per_sqft,all,all,458.72,52,moderate,[],2026-09-08,dlx-aggregates-2
community:342:quarter:2021-10-01:median_rent_per_sqft:all:all,community,342,Ras Al Khor Industrial Third,,quarter,2021-10-01,2021-12-31,median_rent_per_sqft,all,all,476.33,35,moderate,[],2026-09-08,dlx-aggregates-2
community:342:quarter:2022-01-01:median_rent_per_sqft:all:all,community,342,Ras Al Khor Industrial Third,,quarter,2022-01-01,2022-03-31,median_rent_per_sqft,all,all,479.57,101,moderate,[],2026-09-08,dlx-aggregates-2
community:342:quarter:2022-04-01:median_rent_per_sqft:all:all,community,342,Ras Al Khor Industrial Third,,quarter,2022-04-01,2022-06-30,median_rent_per_sqft,all,all,493.17,81,moderate,[],2026-09-08,dlx-aggregates-2
community:342:quarter:2022-07-01:median_rent_per_sqft:all:all,community,342,Ras Al Khor Industrial Third,,quarter,2022-07-01,2022-09-30,median_rent_per_sqft,all,all,466.98,102,moderate,[],2026-09-08,dlx-aggregates-2
community:342:quarter:2022-10-01:median_rent_per_sqft:all:all,community,342,Ras Al Khor Industrial Third,,quarter,2022-10-01,2022-12-31,median_rent_per_sqft,all,all,498.15,154,moderate,[],2026-09-08,dlx-aggregates-2
community:342:quarter:2023-01-01:median_rent_per_sqft:all:all,community,342,Ras Al Khor Industrial Third,,quarter,2023-01-01,2023-03-31,median_rent_per_sqft,all,all,497.43,285,higher,[],2026-09-08,dlx-aggregates-2
community:342:quarter:2023-04-01:median_rent_per_sqft:all:all,community,342,Ras Al Khor Industrial Third,,quarter,2023-04-01,2023-06-30,median_rent_per_sqft,all,all,506.19,299,higher,[],2026-09-08,dlx-aggregates-2
community:342:quarter:2023-07-01:median_rent_per_sqft:all:all,community,342,Ras Al Khor Industrial Third,,quarter,2023-07-01,2023-09-30,median_rent_per_sqft,all,all,498.15,444,higher,[],2026-09-08,dlx-aggregates-2
community:342:quarter:2023-10-01:median_rent_per_sqft:all:all,community,342,Ras Al Khor Industrial Third,,quarter,2023-10-01,2023-12-31,median_rent_per_sqft,all,all,513.23,340,higher,[],2026-09-08,dlx-aggregates-2
community:342:quarter:2024-01-01:median_rent_per_sqft:all:all,community,342,Ras Al Khor Industrial Third,,quarter,2024-01-01,2024-03-31,median_rent_per_sqft,all,all,506.19,405,higher,[],2026-09-08,dlx-aggregates-2
community:342:quarter:2024-04-01:median_rent_per_sqft:all:all,community,342,Ras Al Khor Industrial Third,,quarter,2024-04-01,2024-06-30,median_rent_per_sqft,all,all,506.19,312,higher,[],2026-09-08,dlx-aggregates-2
community:342:quarter:2024-07-01:median_rent_per_sqft:all:all,community,342,Ras Al Khor Industrial Third,,quarter,2024-07-01,2024-09-30,median_rent_per_sqft,all,all,498.6,478,higher,[],2026-09-08,dlx-aggregates-2
community:342:quarter:2024-10-01:median_rent_per_sqft:all:all,community,342,Ras Al Khor Industrial Third,,quarter,2024-10-01,2024-12-31,median_rent_per_sqft,all,all,530.72,458,higher,[],2026-09-08,dlx-aggregates-2
community:342:quarter:2025-01-01:median_rent_per_sqft:all:all,community,342,Ras Al Khor Industrial Third,,quarter,2025-01-01,2025-03-31,median_rent_per_sqft,all,all,535.46,489,higher,[],2026-09-08,dlx-aggregates-2
community:342:quarter:2025-04-01:median_rent_per_sqft:all:all,community,342,Ras Al Khor Industrial Third,,quarter,2025-04-01,2025-06-30,median_rent_per_sqft,all,all,536.67,415,higher,[],2026-09-08,dlx-aggregates-2
community:342:quarter:2025-07-01:median_rent_per_sqft:all:all,community,342,Ras Al Khor Industrial Third,,quarter,2025-07-01,2025-09-30,median_rent_per_sqft,all,all,517.11,529,higher,[],2026-09-08,dlx-aggregates-2
community:342:quarter:2025-10-01:median_rent_per_sqft:all:all,community,342,Ras Al Khor Industrial Third,,quarter,2025-10-01,2025-12-31,median_rent_per_sqft,all,all,540.82,448,higher,[],2026-09-08,dlx-aggregates-2
community:342:quarter:2026-01-01:median_rent_per_sqft:all:all,community,342,Ras Al Khor Industrial Third,,quarter,2026-01-01,2026-03-31,median_rent_per_sqft,all,all,709.5,639,higher,[],2026-09-08,dlx-aggregates-2
community:342:quarter:2026-04-01:median_rent_per_sqft:all:all,community,342,Ras Al Khor Industrial Third,,quarter,2026-04-01,2026-06-30,median_rent_per_sqft,all,all,564.97,453,higher,[],2026-09-08,dlx-aggregates-2
community:342:quarter:2026-07-01:median_rent_per_sqft:all:all,community,342,Ras Al Khor Industrial Third,,quarter,2026-07-01,2026-09-30,median_rent_per_sqft,all,all,539.43,449,higher,[],2026-09-08,dlx-aggregates-2
community:343:quarter:2019-01-01:median_rent_per_sqft:all:all,community,343,Al Warsan First,,quarter,2019-01-01,2019-03-31,median_rent_per_sqft,all,all,501.42,343,higher,[],2026-09-08,dlx-aggregates-2
community:343:quarter:2019-04-01:median_rent_per_sqft:all:all,community,343,Al Warsan First,,quarter,2019-04-01,2019-06-30,median_rent_per_sqft,all,all,499.2,413,higher,[],2026-09-08,dlx-aggregates-2
community:343:quarter:2019-07-01:median_rent_per_sqft:all:all,community,343,Al Warsan First,,quarter,2019-07-01,2019-09-30,median_rent_per_sqft,all,all,503.8,374,higher,[],2026-09-08,dlx-aggregates-2
community:343:quarter:2019-10-01:median_rent_per_sqft:all:all,community,343,Al Warsan First,,quarter,2019-10-01,2019-12-31,median_rent_per_sqft,all,all,471.63,361,higher,[],2026-09-08,dlx-aggregates-2
community:343:quarter:2020-01-01:median_rent_per_sqft:all:all,community,343,Al Warsan First,,quarter,2020-01-01,2020-03-31,median_rent_per_sqft,all,all,450.07,352,higher,[],2026-09-08,dlx-aggregates-2
community:343:quarter:2020-04-01:median_rent_per_sqft:all:all,community,343,Al Warsan First,,quarter,2020-04-01,2020-06-30,median_rent_per_sqft,all,all,465.56,396,higher,[],2026-09-08,dlx-aggregates-2
community:343:quarter:2020-07-01:median_rent_per_sqft:all:all,community,343,Al Warsan First,,quarter,2020-07-01,2020-09-30,median_rent_per_sqft,all,all,441.56,431,higher,[],2026-09-08,dlx-aggregates-2
community:343:quarter:2020-10-01:median_rent_per_sqft:all:all,community,343,Al Warsan First,,quarter,2020-10-01,2020-12-31,median_rent_per_sqft,all,all,402.68,404,higher,[],2026-09-08,dlx-aggregates-2
community:343:quarter:2021-01-01:median_rent_per_sqft:all:all,community,343,Al Warsan First,,quarter,2021-01-01,2021-03-31,median_rent_per_sqft,all,all,375.55,408,higher,[],2026-09-08,dlx-aggregates-2
community:343:quarter:2021-04-01:median_rent_per_sqft:all:all,community,343,Al Warsan First,,quarter,2021-04-01,2021-06-30,median_rent_per_sqft,all,all,380.15,416,higher,[],2026-09-08,dlx-aggregates-2
community:343:quarter:2021-07-01:median_rent_per_sqft:all:all,community,343,Al Warsan First,,quarter,2021-07-01,2021-09-30,median_rent_per_sqft,all,all,401.96,414,higher,[],2026-09-08,dlx-aggregates-2
community:343:quarter:2021-10-01:median_rent_per_sqft:all:all,community,343,Al Warsan First,,quarter,2021-10-01,2021-12-31,median_rent_per_sqft,all,all,386.48,509,higher,[],2026-09-08,dlx-aggregates-2
community:343:quarter:2022-01-01:median_rent_per_sqft:all:all,community,343,Al Warsan First,,quarter,2022-01-01,2022-03-31,median_rent_per_sqft,all,all,390.17,405,higher,[],2026-09-08,dlx-aggregates-2
community:343:quarter:2022-04-01:median_rent_per_sqft:all:all,community,343,Al Warsan First,,quarter,2022-04-01,2022-06-30,median_rent_per_sqft,all,all,404.34,394,higher,[],2026-09-08,dlx-aggregates-2
community:343:quarter:2022-07-01:median_rent_per_sqft:all:all,community,343,Al Warsan First,,quarter,2022-07-01,2022-09-30,median_rent_per_sqft,all,all,412.41,389,higher,[],2026-09-08,dlx-aggregates-2
community:343:quarter:2022-10-01:median_rent_per_sqft:all:all,community,343,Al Warsan First,,quarter,2022-10-01,2022-12-31,median_rent_per_sqft,all,all,407.9,475,higher,[],2026-09-08,dlx-aggregates-2
community:343:quarter:2023-01-01:median_rent_per_sqft:all:all,community,343,Al Warsan First,,quarter,2023-01-01,2023-03-31,median_rent_per_sqft,all,all,429.9,529,higher,[],2026-09-08,dlx-aggregates-2
community:343:quarter:2023-04-01:median_rent_per_sqft:all:all,community,343,Al Warsan First,,quarter,2023-04-01,2023-06-30,median_rent_per_sqft,all,all,429.24,432,higher,[],2026-09-08,dlx-aggregates-2
community:343:quarter:2023-07-01:median_rent_per_sqft:all:all,community,343,Al Warsan First,,quarter,2023-07-01,2023-09-30,median_rent_per_sqft,all,all,448.22,460,higher,[],2026-09-08,dlx-aggregates-2
community:343:quarter:2023-10-01:median_rent_per_sqft:all:all,community,343,Al Warsan First,,quarter,2023-10-01,2023-12-31,median_rent_per_sqft,all,all,449.88,473,higher,[],2026-09-08,dlx-aggregates-2
community:343:quarter:2024-01-01:median_rent_per_sqft:all:all,community,343,Al Warsan First,,quarter,2024-01-01,2024-03-31,median_rent_per_sqft,all,all,475.36,539,higher,[],2026-09-08,dlx-aggregates-2
community:343:quarter:2024-04-01:median_rent_per_sqft:all:all,community,343,Al Warsan First,,quarter,2024-04-01,2024-06-30,median_rent_per_sqft,all,all,485.13,449,higher,[],2026-09-08,dlx-aggregates-2
community:343:quarter:2024-07-01:median_rent_per_sqft:all:all,community,343,Al Warsan First,,quarter,2024-07-01,2024-09-30,median_rent_per_sqft,all,all,496.68,465,higher,[],2026-09-08,dlx-aggregates-2
community:343:quarter:2024-10-01:median_rent_per_sqft:all:all,community,343,Al Warsan First,,quarter,2024-10-01,2024-12-31,median_rent_per_sqft,all,all,505.32,508,higher,[],2026-09-08,dlx-aggregates-2
community:343:quarter:2025-01-01:median_rent_per_sqft:all:all,community,343,Al Warsan First,,quarter,2025-01-01,2025-03-31,median_rent_per_sqft,all,all,505.93,511,higher,[],2026-09-08,dlx-aggregates-2
community:343:quarter:2025-04-01:median_rent_per_sqft:all:all,community,343,Al Warsan First,,quarter,2025-04-01,2025-06-30,median_rent_per_sqft,all,all,510.94,481,higher,[],2026-09-08,dlx-aggregates-2
community:343:quarter:2025-07-01:median_rent_per_sqft:all:all,community,343,Al Warsan First,,quarter,2025-07-01,2025-09-30,median_rent_per_sqft,all,all,540.52,496,higher,[],2026-09-08,dlx-aggregates-2
community:343:quarter:2025-10-01:median_rent_per_sqft:all:all,community,343,Al Warsan First,,quarter,2025-10-01,2025-12-31,median_rent_per_sqft,all,all,544.37,562,higher,[],2026-09-08,dlx-aggregates-2
community:343:quarter:2026-01-01:median_rent_per_sqft:all:all,community,343,Al Warsan First,,quarter,2026-01-01,2026-03-31,median_rent_per_sqft,all,all,544.66,519,higher,[],2026-09-08,dlx-aggregates-2
community:343:quarter:2026-04-01:median_rent_per_sqft:all:all,community,343,Al Warsan First,,quarter,2026-04-01,2026-06-30,median_rent_per_sqft,all,all,564.51,419,higher,[],2026-09-08,dlx-aggregates-2
community:343:quarter:2026-07-01:median_rent_per_sqft:all:all,community,343,Al Warsan First,,quarter,2026-07-01,2026-09-30,median_rent_per_sqft,all,all,560.06,265,higher,[],2026-09-08,dlx-aggregates-2
community:347:quarter:2019-01-01:median_rent_per_sqft:all:all,community,347,Al Goze Third,,quarter,2019-01-01,2019-03-31,median_rent_per_sqft,all,all,7920.0,48,moderate,[],2026-09-08,dlx-aggregates-2
community:347:quarter:2019-07-01:median_rent_per_sqft:all:all,community,347,Al Goze Third,,quarter,2019-07-01,2019-09-30,median_rent_per_sqft,all,all,9435.0,106,moderate,[],2026-09-08,dlx-aggregates-2
community:347:quarter:2019-10-01:median_rent_per_sqft:all:all,community,347,Al Goze Third,,quarter,2019-10-01,2019-12-31,median_rent_per_sqft,all,all,2244.0,183,moderate,[],2026-09-08,dlx-aggregates-2
community:347:quarter:2020-01-01:median_rent_per_sqft:all:all,community,347,Al Goze Third,,quarter,2020-01-01,2020-03-31,median_rent_per_sqft,all,all,981.82,274,higher,[],2026-09-08,dlx-aggregates-2
community:347:quarter:2020-04-01:median_rent_per_sqft:all:all,community,347,Al Goze Third,,quarter,2020-04-01,2020-06-30,median_rent_per_sqft,all,all,1140.0,60,moderate,[],2026-09-08,dlx-aggregates-2
community:347:quarter:2020-07-01:median_rent_per_sqft:all:all,community,347,Al Goze Third,,quarter,2020-07-01,2020-09-30,median_rent_per_sqft,all,all,5304.0,123,moderate,[],2026-09-08,dlx-aggregates-2
community:347:quarter:2020-10-01:median_rent_per_sqft:all:all,community,347,Al Goze Third,,quarter,2020-10-01,2020-12-31,median_rent_per_sqft,all,all,1760.0,218,higher,[],2026-09-08,dlx-aggregates-2
community:347:quarter:2021-01-01:median_rent_per_sqft:all:all,community,347,Al Goze Third,,quarter,2021-01-01,2021-03-31,median_rent_per_sqft,all,all,3584.0,109,moderate,[],2026-09-08,dlx-aggregates-2
community:347:quarter:2021-04-01:median_rent_per_sqft:all:all,community,347,Al Goze Third,,quarter,2021-04-01,2021-06-30,median_rent_per_sqft,all,all,916.36,345,higher,[],2026-09-08,dlx-aggregates-2
community:347:quarter:2021-07-01:median_rent_per_sqft:all:all,community,347,Al Goze Third,,quarter,2021-07-01,2021-09-30,median_rent_per_sqft,all,all,1395.35,99,moderate,[],2026-09-08,dlx-aggregates-2
community:347:quarter:2021-10-01:median_rent_per_sqft:all:all,community,347,Al Goze Third,,quarter,2021-10-01,2021-12-31,median_rent_per_sqft,all,all,1777.78,397,higher,[],2026-09-08,dlx-aggregates-2
community:347:quarter:2022-01-01:median_rent_per_sqft:all:all,community,347,Al Goze Third,,quarter,2022-01-01,2022-03-31,median_rent_per_sqft,all,all,1584.0,37,moderate,[],2026-09-08,dlx-aggregates-2
community:347:quarter:2022-07-01:median_rent_per_sqft:all:all,community,347,Al Goze Third,,quarter,2022-07-01,2022-09-30,median_rent_per_sqft,all,all,548.73,86,moderate,[],2026-09-08,dlx-aggregates-2
community:347:quarter:2022-10-01:median_rent_per_sqft:all:all,community,347,Al Goze Third,,quarter,2022-10-01,2022-12-31,median_rent_per_sqft,all,all,864.0,46,moderate,[],2026-09-08,dlx-aggregates-2
community:347:quarter:2023-01-01:median_rent_per_sqft:all:all,community,347,Al Goze Third,,quarter,2023-01-01,2023-03-31,median_rent_per_sqft,all,all,1152.0,129,moderate,[],2026-09-08,dlx-aggregates-2
community:347:quarter:2023-04-01:median_rent_per_sqft:all:all,community,347,Al Goze Third,,quarter,2023-04-01,2023-06-30,median_rent_per_sqft,all,all,939.21,166,moderate,[],2026-09-08,dlx-aggregates-2
community:347:quarter:2023-07-01:median_rent_per_sqft:all:all,community,347,Al Goze Third,,quarter,2023-07-01,2023-09-30,median_rent_per_sqft,all,all,864.0,185,moderate,[],2026-09-08,dlx-aggregates-2
community:347:quarter:2023-10-01:median_rent_per_sqft:all:all,community,347,Al Goze Third,,quarter,2023-10-01,2023-12-31,median_rent_per_sqft,all,all,768.0,57,moderate,[],2026-09-08,dlx-aggregates-2
community:347:quarter:2024-01-01:median_rent_per_sqft:all:all,community,347,Al Goze Third,,quarter,2024-01-01,2024-03-31,median_rent_per_sqft,all,all,810.0,98,moderate,[],2026-09-08,dlx-aggregates-2
community:347:quarter:2024-04-01:median_rent_per_sqft:all:all,community,347,Al Goze Third,,quarter,2024-04-01,2024-06-30,median_rent_per_sqft,all,all,960.0,146,moderate,[],2026-09-08,dlx-aggregates-2
community:347:quarter:2024-07-01:median_rent_per_sqft:all:all,community,347,Al Goze Third,,quarter,2024-07-01,2024-09-30,median_rent_per_sqft,all,all,872.73,201,higher,[],2026-09-08,dlx-aggregates-2
community:347:quarter:2024-10-01:median_rent_per_sqft:all:all,community,347,Al Goze Third,,quarter,2024-10-01,2024-12-31,median_rent_per_sqft,all,all,480.0,120,moderate,[],2026-09-08,dlx-aggregates-2
community:347:quarter:2025-01-01:median_rent_per_sqft:all:all,community,347,Al Goze Third,,quarter,2025-01-01,2025-03-31,median_rent_per_sqft,all,all,833.06,148,moderate,[],2026-09-08,dlx-aggregates-2
community:347:quarter:2025-04-01:median_rent_per_sqft:all:all,community,347,Al Goze Third,,quarter,2025-04-01,2025-06-30,median_rent_per_sqft,all,all,3272.73,166,moderate,[],2026-09-08,dlx-aggregates-2
community:347:quarter:2025-07-01:median_rent_per_sqft:all:all,community,347,Al Goze Third,,quarter,2025-07-01,2025-09-30,median_rent_per_sqft,all,all,840.0,135,moderate,[],2026-09-08,dlx-aggregates-2
community:347:quarter:2025-10-01:median_rent_per_sqft:all:all,community,347,Al Goze Third,,quarter,2025-10-01,2025-12-31,median_rent_per_sqft,all,all,1680.0,257,higher,[],2026-09-08,dlx-aggregates-2
community:347:quarter:2026-01-01:median_rent_per_sqft:all:all,community,347,Al Goze Third,,quarter,2026-01-01,2026-03-31,median_rent_per_sqft,all,all,3840.0,211,higher,[],2026-09-08,dlx-aggregates-2
community:347:quarter:2026-04-01:median_rent_per_sqft:all:all,community,347,Al Goze Third,,quarter,2026-04-01,2026-06-30,median_rent_per_sqft,all,all,1828.48,77,moderate,[],2026-09-08,dlx-aggregates-2
community:347:quarter:2026-07-01:median_rent_per_sqft:all:all,community,347,Al Goze Third,,quarter,2026-07-01,2026-09-30,median_rent_per_sqft,all,all,2880.0,88,moderate,[],2026-09-08,dlx-aggregates-2
community:348:quarter:2019-01-01:median_rent_per_sqft:all:all,community,348,Al Goze Fourth,,quarter,2019-01-01,2019-03-31,median_rent_per_sqft,all,all,475.61,333,higher,[],2026-09-08,dlx-aggregates-2
community:348:quarter:2019-04-01:median_rent_per_sqft:all:all,community,348,Al Goze Fourth,,quarter,2019-04-01,2019-06-30,median_rent_per_sqft,all,all,526.89,128,moderate,[],2026-09-08,dlx-aggregates-2
community:348:quarter:2019-07-01:median_rent_per_sqft:all:all,community,348,Al Goze Fourth,,quarter,2019-07-01,2019-09-30,median_rent_per_sqft,all,all,523.51,93,moderate,[],2026-09-08,dlx-aggregates-2
community:348:quarter:2019-10-01:median_rent_per_sqft:all:all,community,348,Al Goze Fourth,,quarter,2019-10-01,2019-12-31,median_rent_per_sqft,all,all,478.79,407,higher,[],2026-09-08,dlx-aggregates-2
community:348:quarter:2020-01-01:median_rent_per_sqft:all:all,community,348,Al Goze Fourth,,quarter,2020-01-01,2020-03-31,median_rent_per_sqft,all,all,477.77,324,higher,[],2026-09-08,dlx-aggregates-2
community:348:quarter:2020-04-01:median_rent_per_sqft:all:all,community,348,Al Goze Fourth,,quarter,2020-04-01,2020-06-30,median_rent_per_sqft,all,all,450.36,128,moderate,[],2026-09-08,dlx-aggregates-2
community:348:quarter:2020-07-01:median_rent_per_sqft:all:all,community,348,Al Goze Fourth,,quarter,2020-07-01,2020-09-30,median_rent_per_sqft,all,all,422.77,145,moderate,[],2026-09-08,dlx-aggregates-2
community:348:quarter:2020-10-01:median_rent_per_sqft:all:all,community,348,Al Goze Fourth,,quarter,2020-10-01,2020-12-31,median_rent_per_sqft,all,all,455.83,568,higher,[],2026-09-08,dlx-aggregates-2
community:348:quarter:2021-01-01:median_rent_per_sqft:all:all,community,348,Al Goze Fourth,,quarter,2021-01-01,2021-03-31,median_rent_per_sqft,all,all,429.86,301,higher,[],2026-09-08,dlx-aggregates-2
community:348:quarter:2021-04-01:median_rent_per_sqft:all:all,community,348,Al Goze Fourth,,quarter,2021-04-01,2021-06-30,median_rent_per_sqft,all,all,430.29,142,moderate,[],2026-09-08,dlx-aggregates-2
community:348:quarter:2021-07-01:median_rent_per_sqft:all:all,community,348,Al Goze Fourth,,quarter,2021-07-01,2021-09-30,median_rent_per_sqft,all,all,413.99,155,moderate,[],2026-09-08,dlx-aggregates-2
community:348:quarter:2021-10-01:median_rent_per_sqft:all:all,community,348,Al Goze Fourth,,quarter,2021-10-01,2021-12-31,median_rent_per_sqft,all,all,448.28,433,higher,[],2026-09-08,dlx-aggregates-2
community:348:quarter:2022-01-01:median_rent_per_sqft:all:all,community,348,Al Goze Fourth,,quarter,2022-01-01,2022-03-31,median_rent_per_sqft,all,all,446.69,278,higher,[],2026-09-08,dlx-aggregates-2
community:348:quarter:2022-04-01:median_rent_per_sqft:all:all,community,348,Al Goze Fourth,,quarter,2022-04-01,2022-06-30,median_rent_per_sqft,all,all,457.93,164,moderate,[],2026-09-08,dlx-aggregates-2
community:348:quarter:2022-07-01:median_rent_per_sqft:all:all,community,348,Al Goze Fourth,,quarter,2022-07-01,2022-09-30,median_rent_per_sqft,all,all,441.96,191,moderate,[],2026-09-08,dlx-aggregates-2
community:348:quarter:2022-10-01:median_rent_per_sqft:all:all,community,348,Al Goze Fourth,,quarter,2022-10-01,2022-12-31,median_rent_per_sqft,all,all,480.0,456,higher,[],2026-09-08,dlx-aggregates-2
community:348:quarter:2023-01-01:median_rent_per_sqft:all:all,community,348,Al Goze Fourth,,quarter,2023-01-01,2023-03-31,median_rent_per_sqft,all,all,469.41,263,higher,[],2026-09-08,dlx-aggregates-2
community:348:quarter:2023-04-01:median_rent_per_sqft:all:all,community,348,Al Goze Fourth,,quarter,2023-04-01,2023-06-30,median_rent_per_sqft,all,all,500.52,202,higher,[],2026-09-08,dlx-aggregates-2
community:348:quarter:2023-07-01:median_rent_per_sqft:all:all,community,348,Al Goze Fourth,,quarter,2023-07-01,2023-09-30,median_rent_per_sqft,all,all,485.2,205,higher,[],2026-09-08,dlx-aggregates-2
community:348:quarter:2023-10-01:median_rent_per_sqft:all:all,community,348,Al Goze Fourth,,quarter,2023-10-01,2023-12-31,median_rent_per_sqft,all,all,556.21,528,higher,[],2026-09-08,dlx-aggregates-2
community:348:quarter:2024-01-01:median_rent_per_sqft:all:all,community,348,Al Goze Fourth,,quarter,2024-01-01,2024-03-31,median_rent_per_sqft,all,all,489.31,265,higher,[],2026-09-08,dlx-aggregates-2
community:348:quarter:2024-04-01:median_rent_per_sqft:all:all,community,348,Al Goze Fourth,,quarter,2024-04-01,2024-06-30,median_rent_per_sqft,all,all,534.84,221,higher,[],2026-09-08,dlx-aggregates-2
community:348:quarter:2024-07-01:median_rent_per_sqft:all:all,community,348,Al Goze Fourth,,quarter,2024-07-01,2024-09-30,median_rent_per_sqft,all,all,512.72,227,higher,[],2026-09-08,dlx-aggregates-2
community:348:quarter:2024-10-01:median_rent_per_sqft:all:all,community,348,Al Goze Fourth,,quarter,2024-10-01,2024-12-31,median_rent_per_sqft,all,all,631.49,503,higher,[],2026-09-08,dlx-aggregates-2
community:348:quarter:2025-01-01:median_rent_per_sqft:all:all,community,348,Al Goze Fourth,,quarter,2025-01-01,2025-03-31,median_rent_per_sqft,all,all,547.71,306,higher,[],2026-09-08,dlx-aggregates-2
community:348:quarter:2025-04-01:median_rent_per_sqft:all:all,community,348,Al Goze Fourth,,quarter,2025-04-01,2025-06-30,median_rent_per_sqft,all,all,590.82,267,higher,[],2026-09-08,dlx-aggregates-2
community:348:quarter:2025-07-01:median_rent_per_sqft:all:all,community,348,Al Goze Fourth,,quarter,2025-07-01,2025-09-30,median_rent_per_sqft,all,all,551.01,231,higher,[],2026-09-08,dlx-aggregates-2
community:348:quarter:2025-10-01:median_rent_per_sqft:all:all,community,348,Al Goze Fourth,,quarter,2025-10-01,2025-12-31,median_rent_per_sqft,all,all,623.84,426,higher,[],2026-09-08,dlx-aggregates-2
community:348:quarter:2026-01-01:median_rent_per_sqft:all:all,community,348,Al Goze Fourth,,quarter,2026-01-01,2026-03-31,median_rent_per_sqft,all,all,564.23,242,higher,[],2026-09-08,dlx-aggregates-2
community:348:quarter:2026-04-01:median_rent_per_sqft:all:all,community,348,Al Goze Fourth,,quarter,2026-04-01,2026-06-30,median_rent_per_sqft,all,all,618.91,222,higher,[],2026-09-08,dlx-aggregates-2
community:348:quarter:2026-07-01:median_rent_per_sqft:all:all,community,348,Al Goze Fourth,,quarter,2026-07-01,2026-09-30,median_rent_per_sqft,all,all,573.1,100,moderate,[],2026-09-08,dlx-aggregates-2
community:350:quarter:2019-01-01:median_rent_per_sqft:all:all,community,350,Al Thanyah Fifth,,quarter,2019-01-01,2019-03-31,median_rent_per_sqft,all,all,608.26,1156,higher,[],2026-09-08,dlx-aggregates-2
community:350:quarter:2019-04-01:median_rent_per_sqft:all:all,community,350,Al Thanyah Fifth,,quarter,2019-04-01,2019-06-30,median_rent_per_sqft,all,all,601.06,1075,higher,[],2026-09-08,dlx-aggregates-2
community:350:quarter:2019-07-01:median_rent_per_sqft:all:all,community,350,Al Thanyah Fifth,,quarter,2019-07-01,2019-09-30,median_rent_per_sqft,all,all,562.64,1336,higher,[],2026-09-08,dlx-aggregates-2
community:350:quarter:2019-10-01:median_rent_per_sqft:all:all,community,350,Al Thanyah Fifth,,quarter,2019-10-01,2019-12-31,median_rent_per_sqft,all,all,580.89,1118,higher,[],2026-09-08,dlx-aggregates-2
community:350:quarter:2020-01-01:median_rent_per_sqft:all:all,community,350,Al Thanyah Fifth,,quarter,2020-01-01,2020-03-31,median_rent_per_sqft,all,all,553.02,1164,higher,[],2026-09-08,dlx-aggregates-2
community:350:quarter:2020-04-01:median_rent_per_sqft:all:all,community,350,Al Thanyah Fifth,,quarter,2020-04-01,2020-06-30,median_rent_per_sqft,all,all,514.09,916,higher,[],2026-09-08,dlx-aggregates-2
community:350:quarter:2020-07-01:median_rent_per_sqft:all:all,community,350,Al Thanyah Fifth,,quarter,2020-07-01,2020-09-30,median_rent_per_sqft,all,all,477.34,1454,higher,[],2026-09-08,dlx-aggregates-2
community:350:quarter:2020-10-01:median_rent_per_sqft:all:all,community,350,Al Thanyah Fifth,,quarter,2020-10-01,2020-12-31,median_rent_per_sqft,all,all,484.48,1323,higher,[],2026-09-08,dlx-aggregates-2
community:350:quarter:2021-01-01:median_rent_per_sqft:all:all,community,350,Al Thanyah Fifth,,quarter,2021-01-01,2021-03-31,median_rent_per_sqft,all,all,480.56,1258,higher,[],2026-09-08,dlx-aggregates-2
community:350:quarter:2021-04-01:median_rent_per_sqft:all:all,community,350,Al Thanyah Fifth,,quarter,2021-04-01,2021-06-30,median_rent_per_sqft,all,all,500.46,1054,higher,[],2026-09-08,dlx-aggregates-2
community:350:quarter:2021-07-01:median_rent_per_sqft:all:all,community,350,Al Thanyah Fifth,,quarter,2021-07-01,2021-09-30,median_rent_per_sqft,all,all,493.94,1422,higher,[],2026-09-08,dlx-aggregates-2
community:350:quarter:2021-10-01:median_rent_per_sqft:all:all,community,350,Al Thanyah Fifth,,quarter,2021-10-01,2021-12-31,median_rent_per_sqft,all,all,520.01,1244,higher,[],2026-09-08,dlx-aggregates-2
community:350:quarter:2022-01-01:median_rent_per_sqft:all:all,community,350,Al Thanyah Fifth,,quarter,2022-01-01,2022-03-31,median_rent_per_sqft,all,all,530.56,1128,higher,[],2026-09-08,dlx-aggregates-2
community:350:quarter:2022-04-01:median_rent_per_sqft:all:all,community,350,Al Thanyah Fifth,,quarter,2022-04-01,2022-06-30,median_rent_per_sqft,all,all,549.09,937,higher,[],2026-09-08,dlx-aggregates-2
community:350:quarter:2022-07-01:median_rent_per_sqft:all:all,community,350,Al Thanyah Fifth,,quarter,2022-07-01,2022-09-30,median_rent_per_sqft,all,all,556.03,1342,higher,[],2026-09-08,dlx-aggregates-2
community:350:quarter:2022-10-01:median_rent_per_sqft:all:all,community,350,Al Thanyah Fifth,,quarter,2022-10-01,2022-12-31,median_rent_per_sqft,all,all,602.27,1208,higher,[],2026-09-08,dlx-aggregates-2
community:350:quarter:2023-01-01:median_rent_per_sqft:all:all,community,350,Al Thanyah Fifth,,quarter,2023-01-01,2023-03-31,median_rent_per_sqft,all,all,622.56,1054,higher,[],2026-09-08,dlx-aggregates-2
community:350:quarter:2023-04-01:median_rent_per_sqft:all:all,community,350,Al Thanyah Fifth,,quarter,2023-04-01,2023-06-30,median_rent_per_sqft,all,all,641.41,909,higher,[],2026-09-08,dlx-aggregates-2
community:350:quarter:2023-07-01:median_rent_per_sqft:all:all,community,350,Al Thanyah Fifth,,quarter,2023-07-01,2023-09-30,median_rent_per_sqft,all,all,636.9,1263,higher,[],2026-09-08,dlx-aggregates-2
community:350:quarter:2023-10-01:median_rent_per_sqft:all:all,community,350,Al Thanyah Fifth,,quarter,2023-10-01,2023-12-31,median_rent_per_sqft,all,all,700.0,1066,higher,[],2026-09-08,dlx-aggregates-2
community:350:quarter:2024-01-01:median_rent_per_sqft:all:all,community,350,Al Thanyah Fifth,,quarter,2024-01-01,2024-03-31,median_rent_per_sqft,all,all,705.59,971,higher,[],2026-09-08,dlx-aggregates-2
community:350:quarter:2024-04-01:median_rent_per_sqft:all:all,community,350,Al Thanyah Fifth,,quarter,2024-04-01,2024-06-30,median_rent_per_sqft,all,all,784.4,883,higher,[],2026-09-08,dlx-aggregates-2
community:350:quarter:2024-07-01:median_rent_per_sqft:all:all,community,350,Al Thanyah Fifth,,quarter,2024-07-01,2024-09-30,median_rent_per_sqft,all,all,725.9,1151,higher,[],2026-09-08,dlx-aggregates-2
community:350:quarter:2024-10-01:median_rent_per_sqft:all:all,community,350,Al Thanyah Fifth,,quarter,2024-10-01,2024-12-31,median_rent_per_sqft,all,all,825.7,996,higher,[],2026-09-08,dlx-aggregates-2
community:350:quarter:2025-01-01:median_rent_per_sqft:all:all,community,350,Al Thanyah Fifth,,quarter,2025-01-01,2025-03-31,median_rent_per_sqft,all,all,826.15,948,higher,[],2026-09-08,dlx-aggregates-2
community:350:quarter:2025-04-01:median_rent_per_sqft:all:all,community,350,Al Thanyah Fifth,,quarter,2025-04-01,2025-06-30,median_rent_per_sqft,all,all,843.74,880,higher,[],2026-09-08,dlx-aggregates-2
community:350:quarter:2025-07-01:median_rent_per_sqft:all:all,community,350,Al Thanyah Fifth,,quarter,2025-07-01,2025-09-30,median_rent_per_sqft,all,all,826.9,1155,higher,[],2026-09-08,dlx-aggregates-2
community:350:quarter:2025-10-01:median_rent_per_sqft:all:all,community,350,Al Thanyah Fifth,,quarter,2025-10-01,2025-12-31,median_rent_per_sqft,all,all,900.0,972,higher,[],2026-09-08,dlx-aggregates-2
community:350:quarter:2026-01-01:median_rent_per_sqft:all:all,community,350,Al Thanyah Fifth,,quarter,2026-01-01,2026-03-31,median_rent_per_sqft,all,all,875.12,864,higher,[],2026-09-08,dlx-aggregates-2
community:350:quarter:2026-04-01:median_rent_per_sqft:all:all,community,350,Al Thanyah Fifth,,quarter,2026-04-01,2026-06-30,median_rent_per_sqft,all,all,850.63,775,higher,[],2026-09-08,dlx-aggregates-2
community:350:quarter:2026-07-01:median_rent_per_sqft:all:all,community,350,Al Thanyah Fifth,,quarter,2026-07-01,2026-09-30,median_rent_per_sqft,all,all,821.47,776,higher,[],2026-09-08,dlx-aggregates-2
community:351:quarter:2019-01-01:median_rent_per_sqft:all:all,community,351,Al Thanyah Third,,quarter,2019-01-01,2019-03-31,median_rent_per_sqft,all,all,829.16,610,higher,[],2026-09-08,dlx-aggregates-2
community:351:quarter:2019-04-01:median_rent_per_sqft:all:all,community,351,Al Thanyah Third,,quarter,2019-04-01,2019-06-30,median_rent_per_sqft,all,all,814.44,733,higher,[],2026-09-08,dlx-aggregates-2
community:351:quarter:2019-07-01:median_rent_per_sqft:all:all,community,351,Al Thanyah Third,,quarter,2019-07-01,2019-09-30,median_rent_per_sqft,all,all,765.88,869,higher,[],2026-09-08,dlx-aggregates-2
community:351:quarter:2019-10-01:median_rent_per_sqft:all:all,community,351,Al Thanyah Third,,quarter,2019-10-01,2019-12-31,median_rent_per_sqft,all,all,759.01,621,higher,[],2026-09-08,dlx-aggregates-2
community:351:quarter:2020-01-01:median_rent_per_sqft:all:all,community,351,Al Thanyah Third,,quarter,2020-01-01,2020-03-31,median_rent_per_sqft,all,all,753.87,651,higher,[],2026-09-08,dlx-aggregates-2
community:351:quarter:2020-04-01:median_rent_per_sqft:all:all,community,351,Al Thanyah Third,,quarter,2020-04-01,2020-06-30,median_rent_per_sqft,all,all,723.89,609,higher,[],2026-09-08,dlx-aggregates-2
community:351:quarter:2020-07-01:median_rent_per_sqft:all:all,community,351,Al Thanyah Third,,quarter,2020-07-01,2020-09-30,median_rent_per_sqft,all,all,651.55,916,higher,[],2026-09-08,dlx-aggregates-2
community:351:quarter:2020-10-01:median_rent_per_sqft:all:all,community,351,Al Thanyah Third,,quarter,2020-10-01,2020-12-31,median_rent_per_sqft,all,all,649.89,725,higher,[],2026-09-08,dlx-aggregates-2
community:351:quarter:2021-01-01:median_rent_per_sqft:all:all,community,351,Al Thanyah Third,,quarter,2021-01-01,2021-03-31,median_rent_per_sqft,all,all,675.75,678,higher,[],2026-09-08,dlx-aggregates-2
community:351:quarter:2021-04-01:median_rent_per_sqft:all:all,community,351,Al Thanyah Third,,quarter,2021-04-01,2021-06-30,median_rent_per_sqft,all,all,684.76,625,higher,[],2026-09-08,dlx-aggregates-2
community:351:quarter:2021-07-01:median_rent_per_sqft:all:all,community,351,Al Thanyah Third,,quarter,2021-07-01,2021-09-30,median_rent_per_sqft,all,all,673.27,934,higher,[],2026-09-08,dlx-aggregates-2
community:351:quarter:2021-10-01:median_rent_per_sqft:all:all,community,351,Al Thanyah Third,,quarter,2021-10-01,2021-12-31,median_rent_per_sqft,all,all,701.33,714,higher,[],2026-09-08,dlx-aggregates-2
community:351:quarter:2022-01-01:median_rent_per_sqft:all:all,community,351,Al Thanyah Third,,quarter,2022-01-01,2022-03-31,median_rent_per_sqft,all,all,738.7,653,higher,[],2026-09-08,dlx-aggregates-2
community:351:quarter:2022-04-01:median_rent_per_sqft:all:all,community,351,Al Thanyah Third,,quarter,2022-04-01,2022-06-30,median_rent_per_sqft,all,all,751.36,647,higher,[],2026-09-08,dlx-aggregates-2
community:351:quarter:2022-07-01:median_rent_per_sqft:all:all,community,351,Al Thanyah Third,,quarter,2022-07-01,2022-09-30,median_rent_per_sqft,all,all,773.86,870,higher,[],2026-09-08,dlx-aggregates-2
community:351:quarter:2022-10-01:median_rent_per_sqft:all:all,community,351,Al Thanyah Third,,quarter,2022-10-01,2022-12-31,median_rent_per_sqft,all,all,796.86,680,higher,[],2026-09-08,dlx-aggregates-2
community:351:quarter:2023-01-01:median_rent_per_sqft:all:all,community,351,Al Thanyah Third,,quarter,2023-01-01,2023-03-31,median_rent_per_sqft,all,all,843.43,599,higher,[],2026-09-08,dlx-aggregates-2
community:351:quarter:2023-04-01:median_rent_per_sqft:all:all,community,351,Al Thanyah Third,,quarter,2023-04-01,2023-06-30,median_rent_per_sqft,all,all,867.45,598,higher,[],2026-09-08,dlx-aggregates-2
community:351:quarter:2023-07-01:median_rent_per_sqft:all:all,community,351,Al Thanyah Third,,quarter,2023-07-01,2023-09-30,median_rent_per_sqft,all,all,890.53,807,higher,[],2026-09-08,dlx-aggregates-2
community:351:quarter:2023-10-01:median_rent_per_sqft:all:all,community,351,Al Thanyah Third,,quarter,2023-10-01,2023-12-31,median_rent_per_sqft,all,all,931.34,624,higher,[],2026-09-08,dlx-aggregates-2
community:351:quarter:2024-01-01:median_rent_per_sqft:all:all,community,351,Al Thanyah Third,,quarter,2024-01-01,2024-03-31,median_rent_per_sqft,all,all,977.0,525,higher,[],2026-09-08,dlx-aggregates-2
community:351:quarter:2024-04-01:median_rent_per_sqft:all:all,community,351,Al Thanyah Third,,quarter,2024-04-01,2024-06-30,median_rent_per_sqft,all,all,1008.63,541,higher,[],2026-09-08,dlx-aggregates-2
community:351:quarter:2024-07-01:median_rent_per_sqft:all:all,community,351,Al Thanyah Third,,quarter,2024-07-01,2024-09-30,median_rent_per_sqft,all,all,1018.69,749,higher,[],2026-09-08,dlx-aggregates-2
community:351:quarter:2024-10-01:median_rent_per_sqft:all:all,community,351,Al Thanyah Third,,quarter,2024-10-01,2024-12-31,median_rent_per_sqft,all,all,1064.9,567,higher,[],2026-09-08,dlx-aggregates-2
community:351:quarter:2025-01-01:median_rent_per_sqft:all:all,community,351,Al Thanyah Third,,quarter,2025-01-01,2025-03-31,median_rent_per_sqft,all,all,1083.21,517,higher,[],2026-09-08,dlx-aggregates-2
community:351:quarter:2025-04-01:median_rent_per_sqft:all:all,community,351,Al Thanyah Third,,quarter,2025-04-01,2025-06-30,median_rent_per_sqft,all,all,1092.43,506,higher,[],2026-09-08,dlx-aggregates-2
community:351:quarter:2025-07-01:median_rent_per_sqft:all:all,community,351,Al Thanyah Third,,quarter,2025-07-01,2025-09-30,median_rent_per_sqft,all,all,1094.92,701,higher,[],2026-09-08,dlx-aggregates-2
community:351:quarter:2025-10-01:median_rent_per_sqft:all:all,community,351,Al Thanyah Third,,quarter,2025-10-01,2025-12-31,median_rent_per_sqft,all,all,1152.79,555,higher,[],2026-09-08,dlx-aggregates-2
community:351:quarter:2026-01-01:median_rent_per_sqft:all:all,community,351,Al Thanyah Third,,quarter,2026-01-01,2026-03-31,median_rent_per_sqft,all,all,1148.73,486,higher,[],2026-09-08,dlx-aggregates-2
community:351:quarter:2026-04-01:median_rent_per_sqft:all:all,community,351,Al Thanyah Third,,quarter,2026-04-01,2026-06-30,median_rent_per_sqft,all,all,1110.89,442,higher,[],2026-09-08,dlx-aggregates-2
community:351:quarter:2026-07-01:median_rent_per_sqft:all:all,community,351,Al Thanyah Third,,quarter,2026-07-01,2026-09-30,median_rent_per_sqft,all,all,1083.33,510,higher,[],2026-09-08,dlx-aggregates-2
community:352:quarter:2019-01-01:median_rent_per_sqft:all:all,community,352,Al Thanayah Fourth,,quarter,2019-01-01,2019-03-31,median_rent_per_sqft,all,all,449.88,813,higher,[],2026-09-08,dlx-aggregates-2
community:352:quarter:2019-04-01:median_rent_per_sqft:all:all,community,352,Al Thanayah Fourth,,quarter,2019-04-01,2019-06-30,median_rent_per_sqft,all,all,433.47,784,higher,[],2026-09-08,dlx-aggregates-2
community:352:quarter:2019-07-01:median_rent_per_sqft:all:all,community,352,Al Thanayah Fourth,,quarter,2019-07-01,2019-09-30,median_rent_per_sqft,all,all,431.92,1120,higher,[],2026-09-08,dlx-aggregates-2
community:352:quarter:2019-10-01:median_rent_per_sqft:all:all,community,352,Al Thanayah Fourth,,quarter,2019-10-01,2019-12-31,median_rent_per_sqft,all,all,402.03,862,higher,[],2026-09-08,dlx-aggregates-2
community:352:quarter:2020-01-01:median_rent_per_sqft:all:all,community,352,Al Thanayah Fourth,,quarter,2020-01-01,2020-03-31,median_rent_per_sqft,all,all,402.85,818,higher,[],2026-09-08,dlx-aggregates-2
community:352:quarter:2020-04-01:median_rent_per_sqft:all:all,community,352,Al Thanayah Fourth,,quarter,2020-04-01,2020-06-30,median_rent_per_sqft,all,all,388.99,738,higher,[],2026-09-08,dlx-aggregates-2
community:352:quarter:2020-07-01:median_rent_per_sqft:all:all,community,352,Al Thanayah Fourth,,quarter,2020-07-01,2020-09-30,median_rent_per_sqft,all,all,378.56,1219,higher,[],2026-09-08,dlx-aggregates-2
community:352:quarter:2020-10-01:median_rent_per_sqft:all:all,community,352,Al Thanayah Fourth,,quarter,2020-10-01,2020-12-31,median_rent_per_sqft,all,all,365.15,987,higher,[],2026-09-08,dlx-aggregates-2
community:352:quarter:2021-01-01:median_rent_per_sqft:all:all,community,352,Al Thanayah Fourth,,quarter,2021-01-01,2021-03-31,median_rent_per_sqft,all,all,397.52,866,higher,[],2026-09-08,dlx-aggregates-2
community:352:quarter:2021-04-01:median_rent_per_sqft:all:all,community,352,Al Thanayah Fourth,,quarter,2021-04-01,2021-06-30,median_rent_per_sqft,all,all,405.42,695,higher,[],2026-09-08,dlx-aggregates-2
community:352:quarter:2021-07-01:median_rent_per_sqft:all:all,community,352,Al Thanayah Fourth,,quarter,2021-07-01,2021-09-30,median_rent_per_sqft,all,all,403.34,1153,higher,[],2026-09-08,dlx-aggregates-2
community:352:quarter:2021-10-01:median_rent_per_sqft:all:all,community,352,Al Thanayah Fourth,,quarter,2021-10-01,2021-12-31,median_rent_per_sqft,all,all,410.23,915,higher,[],2026-09-08,dlx-aggregates-2
community:352:quarter:2022-01-01:median_rent_per_sqft:all:all,community,352,Al Thanayah Fourth,,quarter,2022-01-01,2022-03-31,median_rent_per_sqft,all,all,433.12,810,higher,[],2026-09-08,dlx-aggregates-2
community:352:quarter:2022-04-01:median_rent_per_sqft:all:all,community,352,Al Thanayah Fourth,,quarter,2022-04-01,2022-06-30,median_rent_per_sqft,all,all,456.81,664,higher,[],2026-09-08,dlx-aggregates-2
community:352:quarter:2022-07-01:median_rent_per_sqft:all:all,community,352,Al Thanayah Fourth,,quarter,2022-07-01,2022-09-30,median_rent_per_sqft,all,all,463.61,1072,higher,[],2026-09-08,dlx-aggregates-2
community:352:quarter:2022-10-01:median_rent_per_sqft:all:all,community,352,Al Thanayah Fourth,,quarter,2022-10-01,2022-12-31,median_rent_per_sqft,all,all,486.23,830,higher,[],2026-09-08,dlx-aggregates-2
community:352:quarter:2023-01-01:median_rent_per_sqft:all:all,community,352,Al Thanayah Fourth,,quarter,2023-01-01,2023-03-31,median_rent_per_sqft,all,all,497.95,712,higher,[],2026-09-08,dlx-aggregates-2
community:352:quarter:2023-04-01:median_rent_per_sqft:all:all,community,352,Al Thanayah Fourth,,quarter,2023-04-01,2023-06-30,median_rent_per_sqft,all,all,531.24,645,higher,[],2026-09-08,dlx-aggregates-2
community:352:quarter:2023-07-01:median_rent_per_sqft:all:all,community,352,Al Thanayah Fourth,,quarter,2023-07-01,2023-09-30,median_rent_per_sqft,all,all,542.03,971,higher,[],2026-09-08,dlx-aggregates-2
community:352:quarter:2023-10-01:median_rent_per_sqft:all:all,community,352,Al Thanayah Fourth,,quarter,2023-10-01,2023-12-31,median_rent_per_sqft,all,all,572.98,776,higher,[],2026-09-08,dlx-aggregates-2
community:352:quarter:2024-01-01:median_rent_per_sqft:all:all,community,352,Al Thanayah Fourth,,quarter,2024-01-01,2024-03-31,median_rent_per_sqft,all,all,589.85,662,higher,[],2026-09-08,dlx-aggregates-2
community:352:quarter:2024-04-01:median_rent_per_sqft:all:all,community,352,Al Thanayah Fourth,,quarter,2024-04-01,2024-06-30,median_rent_per_sqft,all,all,634.81,615,higher,[],2026-09-08,dlx-aggregates-2
community:352:quarter:2024-07-01:median_rent_per_sqft:all:all,community,352,Al Thanayah Fourth,,quarter,2024-07-01,2024-09-30,median_rent_per_sqft,all,all,642.21,910,higher,[],2026-09-08,dlx-aggregates-2
community:352:quarter:2024-10-01:median_rent_per_sqft:all:all,community,352,Al Thanayah Fourth,,quarter,2024-10-01,2024-12-31,median_rent_per_sqft,all,all,669.53,701,higher,[],2026-09-08,dlx-aggregates-2
community:352:quarter:2025-01-01:median_rent_per_sqft:all:all,community,352,Al Thanayah Fourth,,quarter,2025-01-01,2025-03-31,median_rent_per_sqft,all,all,673.6,643,higher,[],2026-09-08,dlx-aggregates-2
community:352:quarter:2025-04-01:median_rent_per_sqft:all:all,community,352,Al Thanayah Fourth,,quarter,2025-04-01,2025-06-30,median_rent_per_sqft,all,all,695.71,589,higher,[],2026-09-08,dlx-aggregates-2
community:352:quarter:2025-07-01:median_rent_per_sqft:all:all,community,352,Al Thanayah Fourth,,quarter,2025-07-01,2025-09-30,median_rent_per_sqft,all,all,723.86,825,higher,[],2026-09-08,dlx-aggregates-2
community:352:quarter:2025-10-01:median_rent_per_sqft:all:all,community,352,Al Thanayah Fourth,,quarter,2025-10-01,2025-12-31,median_rent_per_sqft,all,all,717.36,665,higher,[],2026-09-08,dlx-aggregates-2
community:352:quarter:2026-01-01:median_rent_per_sqft:all:all,community,352,Al Thanayah Fourth,,quarter,2026-01-01,2026-03-31,median_rent_per_sqft,all,all,730.46,564,higher,[],2026-09-08,dlx-aggregates-2
community:352:quarter:2026-04-01:median_rent_per_sqft:all:all,community,352,Al Thanayah Fourth,,quarter,2026-04-01,2026-06-30,median_rent_per_sqft,all,all,724.76,522,higher,[],2026-09-08,dlx-aggregates-2
community:352:quarter:2026-07-01:median_rent_per_sqft:all:all,community,352,Al Thanayah Fourth,,quarter,2026-07-01,2026-09-30,median_rent_per_sqft,all,all,738.76,570,higher,[],2026-09-08,dlx-aggregates-2
community:355:quarter:2019-01-01:median_rent_per_sqft:all:all,community,355,Al Nahda First,,quarter,2019-01-01,2019-03-31,median_rent_per_sqft,all,all,538.15,1018,higher,[],2026-09-08,dlx-aggregates-2
community:355:quarter:2019-04-01:median_rent_per_sqft:all:all,community,355,Al Nahda First,,quarter,2019-04-01,2019-06-30,median_rent_per_sqft,all,all,493.36,1132,higher,[],2026-09-08,dlx-aggregates-2
community:355:quarter:2019-07-01:median_rent_per_sqft:all:all,community,355,Al Nahda First,,quarter,2019-07-01,2019-09-30,median_rent_per_sqft,all,all,497.27,1264,higher,[],2026-09-08,dlx-aggregates-2
community:355:quarter:2019-10-01:median_rent_per_sqft:all:all,community,355,Al Nahda First,,quarter,2019-10-01,2019-12-31,median_rent_per_sqft,all,all,473.33,1153,higher,[],2026-09-08,dlx-aggregates-2
community:355:quarter:2020-01-01:median_rent_per_sqft:all:all,community,355,Al Nahda First,,quarter,2020-01-01,2020-03-31,median_rent_per_sqft,all,all,481.99,994,higher,[],2026-09-08,dlx-aggregates-2
community:355:quarter:2020-04-01:median_rent_per_sqft:all:all,community,355,Al Nahda First,,quarter,2020-04-01,2020-06-30,median_rent_per_sqft,all,all,459.77,957,higher,[],2026-09-08,dlx-aggregates-2
community:355:quarter:2020-07-01:median_rent_per_sqft:all:all,community,355,Al Nahda First,,quarter,2020-07-01,2020-09-30,median_rent_per_sqft,all,all,445.39,1266,higher,[],2026-09-08,dlx-aggregates-2
community:355:quarter:2020-10-01:median_rent_per_sqft:all:all,community,355,Al Nahda First,,quarter,2020-10-01,2020-12-31,median_rent_per_sqft,all,all,431.65,1206,higher,[],2026-09-08,dlx-aggregates-2
community:355:quarter:2021-01-01:median_rent_per_sqft:all:all,community,355,Al Nahda First,,quarter,2021-01-01,2021-03-31,median_rent_per_sqft,all,all,424.6,1174,higher,[],2026-09-08,dlx-aggregates-2
community:355:quarter:2021-04-01:median_rent_per_sqft:all:all,community,355,Al Nahda First,,quarter,2021-04-01,2021-06-30,median_rent_per_sqft,all,all,419.57,1122,higher,[],2026-09-08,dlx-aggregates-2
community:355:quarter:2021-07-01:median_rent_per_sqft:all:all,community,355,Al Nahda First,,quarter,2021-07-01,2021-09-30,median_rent_per_sqft,all,all,414.01,1258,higher,[],2026-09-08,dlx-aggregates-2
community:355:quarter:2021-10-01:median_rent_per_sqft:all:all,community,355,Al Nahda First,,quarter,2021-10-01,2021-12-31,median_rent_per_sqft,all,all,418.71,1327,higher,[],2026-09-08,dlx-aggregates-2
community:355:quarter:2022-01-01:median_rent_per_sqft:all:all,community,355,Al Nahda First,,quarter,2022-01-01,2022-03-31,median_rent_per_sqft,all,all,430.91,1446,higher,[],2026-09-08,dlx-aggregates-2
community:355:quarter:2022-04-01:median_rent_per_sqft:all:all,community,355,Al Nahda First,,quarter,2022-04-01,2022-06-30,median_rent_per_sqft,all,all,430.32,1253,higher,[],2026-09-08,dlx-aggregates-2
community:355:quarter:2022-07-01:median_rent_per_sqft:all:all,community,355,Al Nahda First,,quarter,2022-07-01,2022-09-30,median_rent_per_sqft,all,all,430.39,1542,higher,[],2026-09-08,dlx-aggregates-2
community:355:quarter:2022-10-01:median_rent_per_sqft:all:all,community,355,Al Nahda First,,quarter,2022-10-01,2022-12-31,median_rent_per_sqft,all,all,436.36,1399,higher,[],2026-09-08,dlx-aggregates-2
community:355:quarter:2023-01-01:median_rent_per_sqft:all:all,community,355,Al Nahda First,,quarter,2023-01-01,2023-03-31,median_rent_per_sqft,all,all,433.08,1319,higher,[],2026-09-08,dlx-aggregates-2
community:355:quarter:2023-04-01:median_rent_per_sqft:all:all,community,355,Al Nahda First,,quarter,2023-04-01,2023-06-30,median_rent_per_sqft,all,all,446.15,1291,higher,[],2026-09-08,dlx-aggregates-2
community:355:quarter:2023-07-01:median_rent_per_sqft:all:all,community,355,Al Nahda First,,quarter,2023-07-01,2023-09-30,median_rent_per_sqft,all,all,449.93,1577,higher,[],2026-09-08,dlx-aggregates-2
community:355:quarter:2023-10-01:median_rent_per_sqft:all:all,community,355,Al Nahda First,,quarter,2023-10-01,2023-12-31,median_rent_per_sqft,all,all,453.95,1484,higher,[],2026-09-08,dlx-aggregates-2
community:355:quarter:2024-01-01:median_rent_per_sqft:all:all,community,355,Al Nahda First,,quarter,2024-01-01,2024-03-31,median_rent_per_sqft,all,all,459.38,1363,higher,[],2026-09-08,dlx-aggregates-2
community:355:quarter:2024-04-01:median_rent_per_sqft:all:all,community,355,Al Nahda First,,quarter,2024-04-01,2024-06-30,median_rent_per_sqft,all,all,474.99,1328,higher,[],2026-09-08,dlx-aggregates-2
community:355:quarter:2024-07-01:median_rent_per_sqft:all:all,community,355,Al Nahda First,,quarter,2024-07-01,2024-09-30,median_rent_per_sqft,all,all,485.72,1659,higher,[],2026-09-08,dlx-aggregates-2
community:355:quarter:2024-10-01:median_rent_per_sqft:all:all,community,355,Al Nahda First,,quarter,2024-10-01,2024-12-31,median_rent_per_sqft,all,all,493.75,1547,higher,[],2026-09-08,dlx-aggregates-2
community:355:quarter:2025-01-01:median_rent_per_sqft:all:all,community,355,Al Nahda First,,quarter,2025-01-01,2025-03-31,median_rent_per_sqft,all,all,484.55,1306,higher,[],2026-09-08,dlx-aggregates-2
community:355:quarter:2025-04-01:median_rent_per_sqft:all:all,community,355,Al Nahda First,,quarter,2025-04-01,2025-06-30,median_rent_per_sqft,all,all,509.06,1486,higher,[],2026-09-08,dlx-aggregates-2
community:355:quarter:2025-07-01:median_rent_per_sqft:all:all,community,355,Al Nahda First,,quarter,2025-07-01,2025-09-30,median_rent_per_sqft,all,all,504.75,1653,higher,[],2026-09-08,dlx-aggregates-2
community:355:quarter:2025-10-01:median_rent_per_sqft:all:all,community,355,Al Nahda First,,quarter,2025-10-01,2025-12-31,median_rent_per_sqft,all,all,524.67,1646,higher,[],2026-09-08,dlx-aggregates-2
community:355:quarter:2026-01-01:median_rent_per_sqft:all:all,community,355,Al Nahda First,,quarter,2026-01-01,2026-03-31,median_rent_per_sqft,all,all,525.44,1545,higher,[],2026-09-08,dlx-aggregates-2
community:355:quarter:2026-04-01:median_rent_per_sqft:all:all,community,355,Al Nahda First,,quarter,2026-04-01,2026-06-30,median_rent_per_sqft,all,all,520.27,1354,higher,[],2026-09-08,dlx-aggregates-2
community:355:quarter:2026-07-01:median_rent_per_sqft:all:all,community,355,Al Nahda First,,quarter,2026-07-01,2026-09-30,median_rent_per_sqft,all,all,532.72,1135,higher,[],2026-09-08,dlx-aggregates-2
community:356:quarter:2019-01-01:median_rent_per_sqft:all:all,community,356,Al Rega,,quarter,2019-01-01,2019-03-31,median_rent_per_sqft,all,all,594.48,460,higher,[],2026-09-08,dlx-aggregates-2
community:356:quarter:2019-04-01:median_rent_per_sqft:all:all,community,356,Al Rega,,quarter,2019-04-01,2019-06-30,median_rent_per_sqft,all,all,622.79,162,moderate,[],2026-09-08,dlx-aggregates-2
community:356:quarter:2019-07-01:median_rent_per_sqft:all:all,community,356,Al Rega,,quarter,2019-07-01,2019-09-30,median_rent_per_sqft,all,all,580.47,261,higher,[],2026-09-08,dlx-aggregates-2
community:356:quarter:2019-10-01:median_rent_per_sqft:all:all,community,356,Al Rega,,quarter,2019-10-01,2019-12-31,median_rent_per_sqft,all,all,615.38,191,moderate,[],2026-09-08,dlx-aggregates-2
community:356:quarter:2020-01-01:median_rent_per_sqft:all:all,community,356,Al Rega,,quarter,2020-01-01,2020-03-31,median_rent_per_sqft,all,all,556.14,420,higher,[],2026-09-08,dlx-aggregates-2
community:356:quarter:2020-04-01:median_rent_per_sqft:all:all,community,356,Al Rega,,quarter,2020-04-01,2020-06-30,median_rent_per_sqft,all,all,569.19,134,moderate,[],2026-09-08,dlx-aggregates-2
community:356:quarter:2020-07-01:median_rent_per_sqft:all:all,community,356,Al Rega,,quarter,2020-07-01,2020-09-30,median_rent_per_sqft,all,all,538.14,209,higher,[],2026-09-08,dlx-aggregates-2
community:356:quarter:2020-10-01:median_rent_per_sqft:all:all,community,356,Al Rega,,quarter,2020-10-01,2020-12-31,median_rent_per_sqft,all,all,542.4,162,moderate,[],2026-09-08,dlx-aggregates-2
community:356:quarter:2021-01-01:median_rent_per_sqft:all:all,community,356,Al Rega,,quarter,2021-01-01,2021-03-31,median_rent_per_sqft,all,all,512.89,381,higher,[],2026-09-08,dlx-aggregates-2
community:356:quarter:2021-04-01:median_rent_per_sqft:all:all,community,356,Al Rega,,quarter,2021-04-01,2021-06-30,median_rent_per_sqft,all,all,548.72,160,moderate,[],2026-09-08,dlx-aggregates-2
community:356:quarter:2021-07-01:median_rent_per_sqft:all:all,community,356,Al Rega,,quarter,2021-07-01,2021-09-30,median_rent_per_sqft,all,all,478.42,196,moderate,[],2026-09-08,dlx-aggregates-2
community:356:quarter:2021-10-01:median_rent_per_sqft:all:all,community,356,Al Rega,,quarter,2021-10-01,2021-12-31,median_rent_per_sqft,all,all,521.11,245,higher,[],2026-09-08,dlx-aggregates-2
community:356:quarter:2022-01-01:median_rent_per_sqft:all:all,community,356,Al Rega,,quarter,2022-01-01,2022-03-31,median_rent_per_sqft,all,all,518.99,387,higher,[],2026-09-08,dlx-aggregates-2
community:356:quarter:2022-04-01:median_rent_per_sqft:all:all,community,356,Al Rega,,quarter,2022-04-01,2022-06-30,median_rent_per_sqft,all,all,521.11,249,higher,[],2026-09-08,dlx-aggregates-2
community:356:quarter:2022-07-01:median_rent_per_sqft:all:all,community,356,Al Rega,,quarter,2022-07-01,2022-09-30,median_rent_per_sqft,all,all,507.48,204,higher,[],2026-09-08,dlx-aggregates-2
community:356:quarter:2022-10-01:median_rent_per_sqft:all:all,community,356,Al Rega,,quarter,2022-10-01,2022-12-31,median_rent_per_sqft,all,all,563.64,246,higher,[],2026-09-08,dlx-aggregates-2
community:356:quarter:2023-01-01:median_rent_per_sqft:all:all,community,356,Al Rega,,quarter,2023-01-01,2023-03-31,median_rent_per_sqft,all,all,547.62,438,higher,[],2026-09-08,dlx-aggregates-2
community:356:quarter:2023-04-01:median_rent_per_sqft:all:all,community,356,Al Rega,,quarter,2023-04-01,2023-06-30,median_rent_per_sqft,all,all,566.01,252,higher,[],2026-09-08,dlx-aggregates-2
community:356:quarter:2023-07-01:median_rent_per_sqft:all:all,community,356,Al Rega,,quarter,2023-07-01,2023-09-30,median_rent_per_sqft,all,all,560.2,212,higher,[],2026-09-08,dlx-aggregates-2
community:356:quarter:2023-10-01:median_rent_per_sqft:all:all,community,356,Al Rega,,quarter,2023-10-01,2023-12-31,median_rent_per_sqft,all,all,584.1,241,higher,[],2026-09-08,dlx-aggregates-2
community:356:quarter:2024-01-01:median_rent_per_sqft:all:all,community,356,Al Rega,,quarter,2024-01-01,2024-03-31,median_rent_per_sqft,all,all,593.28,444,higher,[],2026-09-08,dlx-aggregates-2
community:356:quarter:2024-04-01:median_rent_per_sqft:all:all,community,356,Al Rega,,quarter,2024-04-01,2024-06-30,median_rent_per_sqft,all,all,633.74,224,higher,[],2026-09-08,dlx-aggregates-2
community:356:quarter:2024-07-01:median_rent_per_sqft:all:all,community,356,Al Rega,,quarter,2024-07-01,2024-09-30,median_rent_per_sqft,all,all,633.33,201,higher,[],2026-09-08,dlx-aggregates-2
community:356:quarter:2024-10-01:median_rent_per_sqft:all:all,community,356,Al Rega,,quarter,2024-10-01,2024-12-31,median_rent_per_sqft,all,all,666.67,222,higher,[],2026-09-08,dlx-aggregates-2
community:356:quarter:2025-01-01:median_rent_per_sqft:all:all,community,356,Al Rega,,quarter,2025-01-01,2025-03-31,median_rent_per_sqft,all,all,650.0,478,higher,[],2026-09-08,dlx-aggregates-2
community:356:quarter:2025-04-01:median_rent_per_sqft:all:all,community,356,Al Rega,,quarter,2025-04-01,2025-06-30,median_rent_per_sqft,all,all,645.86,233,higher,[],2026-09-08,dlx-aggregates-2
community:356:quarter:2025-07-01:median_rent_per_sqft:all:all,community,356,Al Rega,,quarter,2025-07-01,2025-09-30,median_rent_per_sqft,all,all,635.71,185,moderate,[],2026-09-08,dlx-aggregates-2
community:356:quarter:2025-10-01:median_rent_per_sqft:all:all,community,356,Al Rega,,quarter,2025-10-01,2025-12-31,median_rent_per_sqft,all,all,679.91,211,higher,[],2026-09-08,dlx-aggregates-2
community:356:quarter:2026-01-01:median_rent_per_sqft:all:all,community,356,Al Rega,,quarter,2026-01-01,2026-03-31,median_rent_per_sqft,all,all,648.88,489,higher,[],2026-09-08,dlx-aggregates-2
community:356:quarter:2026-04-01:median_rent_per_sqft:all:all,community,356,Al Rega,,quarter,2026-04-01,2026-06-30,median_rent_per_sqft,all,all,665.61,218,higher,[],2026-09-08,dlx-aggregates-2
community:356:quarter:2026-07-01:median_rent_per_sqft:all:all,community,356,Al Rega,,quarter,2026-07-01,2026-09-30,median_rent_per_sqft,all,all,630.38,107,moderate,[],2026-09-08,dlx-aggregates-2
community:357:quarter:2019-01-01:median_rent_per_sqft:all:all,community,357,AL TWAR FIFTH,,quarter,2019-01-01,2019-03-31,median_rent_per_sqft,all,all,529.93,118,moderate,[],2026-09-08,dlx-aggregates-2
community:357:quarter:2019-04-01:median_rent_per_sqft:all:all,community,357,AL TWAR FIFTH,,quarter,2019-04-01,2019-06-30,median_rent_per_sqft,all,all,529.41,207,higher,[],2026-09-08,dlx-aggregates-2
community:357:quarter:2019-07-01:median_rent_per_sqft:all:all,community,357,AL TWAR FIFTH,,quarter,2019-07-01,2019-09-30,median_rent_per_sqft,all,all,69100.49,267,higher,[],2026-09-08,dlx-aggregates-2
community:357:quarter:2019-10-01:median_rent_per_sqft:all:all,community,357,AL TWAR FIFTH,,quarter,2019-10-01,2019-12-31,median_rent_per_sqft,all,all,513.36,123,moderate,[],2026-09-08,dlx-aggregates-2
community:357:quarter:2020-01-01:median_rent_per_sqft:all:all,community,357,AL TWAR FIFTH,,quarter,2020-01-01,2020-03-31,median_rent_per_sqft,all,all,488.92,134,moderate,[],2026-09-08,dlx-aggregates-2
community:357:quarter:2020-04-01:median_rent_per_sqft:all:all,community,357,AL TWAR FIFTH,,quarter,2020-04-01,2020-06-30,median_rent_per_sqft,all,all,563.97,193,moderate,[],2026-09-08,dlx-aggregates-2
community:357:quarter:2020-07-01:median_rent_per_sqft:all:all,community,357,AL TWAR FIFTH,,quarter,2020-07-01,2020-09-30,median_rent_per_sqft,all,all,460.78,110,moderate,[],2026-09-08,dlx-aggregates-2
community:357:quarter:2020-10-01:median_rent_per_sqft:all:all,community,357,AL TWAR FIFTH,,quarter,2020-10-01,2020-12-31,median_rent_per_sqft,all,all,418.34,192,moderate,[],2026-09-08,dlx-aggregates-2
community:357:quarter:2021-01-01:median_rent_per_sqft:all:all,community,357,AL TWAR FIFTH,,quarter,2021-01-01,2021-03-31,median_rent_per_sqft,all,all,440.07,138,moderate,[],2026-09-08,dlx-aggregates-2
community:357:quarter:2021-04-01:median_rent_per_sqft:all:all,community,357,AL TWAR FIFTH,,quarter,2021-04-01,2021-06-30,median_rent_per_sqft,all,all,428.57,131,moderate,[],2026-09-08,dlx-aggregates-2
community:357:quarter:2021-07-01:median_rent_per_sqft:all:all,community,357,AL TWAR FIFTH,,quarter,2021-07-01,2021-09-30,median_rent_per_sqft,all,all,408.28,130,moderate,[],2026-09-08,dlx-aggregates-2
community:357:quarter:2021-10-01:median_rent_per_sqft:all:all,community,357,AL TWAR FIFTH,,quarter,2021-10-01,2021-12-31,median_rent_per_sqft,all,all,430.55,189,moderate,[],2026-09-08,dlx-aggregates-2
community:357:quarter:2022-01-01:median_rent_per_sqft:all:all,community,357,AL TWAR FIFTH,,quarter,2022-01-01,2022-03-31,median_rent_per_sqft,all,all,445.4,174,moderate,[],2026-09-08,dlx-aggregates-2
community:357:quarter:2022-04-01:median_rent_per_sqft:all:all,community,357,AL TWAR FIFTH,,quarter,2022-04-01,2022-06-30,median_rent_per_sqft,all,all,424.88,146,moderate,[],2026-09-08,dlx-aggregates-2
community:357:quarter:2022-07-01:median_rent_per_sqft:all:all,community,357,AL TWAR FIFTH,,quarter,2022-07-01,2022-09-30,median_rent_per_sqft,all,all,424.88,143,moderate,[],2026-09-08,dlx-aggregates-2
community:357:quarter:2022-10-01:median_rent_per_sqft:all:all,community,357,AL TWAR FIFTH,,quarter,2022-10-01,2022-12-31,median_rent_per_sqft,all,all,436.21,192,moderate,[],2026-09-08,dlx-aggregates-2
community:357:quarter:2023-01-01:median_rent_per_sqft:all:all,community,357,AL TWAR FIFTH,,quarter,2023-01-01,2023-03-31,median_rent_per_sqft,all,all,453.21,181,moderate,[],2026-09-08,dlx-aggregates-2
community:357:quarter:2023-04-01:median_rent_per_sqft:all:all,community,357,AL TWAR FIFTH,,quarter,2023-04-01,2023-06-30,median_rent_per_sqft,all,all,453.31,161,moderate,[],2026-09-08,dlx-aggregates-2
community:357:quarter:2023-07-01:median_rent_per_sqft:all:all,community,357,AL TWAR FIFTH,,quarter,2023-07-01,2023-09-30,median_rent_per_sqft,all,all,453.31,175,moderate,[],2026-09-08,dlx-aggregates-2
community:357:quarter:2023-10-01:median_rent_per_sqft:all:all,community,357,AL TWAR FIFTH,,quarter,2023-10-01,2023-12-31,median_rent_per_sqft,all,all,488.92,230,higher,[],2026-09-08,dlx-aggregates-2
community:357:quarter:2024-01-01:median_rent_per_sqft:all:all,community,357,AL TWAR FIFTH,,quarter,2024-01-01,2024-03-31,median_rent_per_sqft,all,all,509.86,231,higher,[],2026-09-08,dlx-aggregates-2
community:357:quarter:2024-04-01:median_rent_per_sqft:all:all,community,357,AL TWAR FIFTH,,quarter,2024-04-01,2024-06-30,median_rent_per_sqft,all,all,485.44,162,moderate,[],2026-09-08,dlx-aggregates-2
community:357:quarter:2024-07-01:median_rent_per_sqft:all:all,community,357,AL TWAR FIFTH,,quarter,2024-07-01,2024-09-30,median_rent_per_sqft,all,all,548.0,253,higher,[],2026-09-08,dlx-aggregates-2
community:357:quarter:2024-10-01:median_rent_per_sqft:all:all,community,357,AL TWAR FIFTH,,quarter,2024-10-01,2024-12-31,median_rent_per_sqft,all,all,506.24,215,higher,[],2026-09-08,dlx-aggregates-2
community:357:quarter:2025-01-01:median_rent_per_sqft:all:all,community,357,AL TWAR FIFTH,,quarter,2025-01-01,2025-03-31,median_rent_per_sqft,all,all,543.92,229,higher,[],2026-09-08,dlx-aggregates-2
community:357:quarter:2025-04-01:median_rent_per_sqft:all:all,community,357,AL TWAR FIFTH,,quarter,2025-04-01,2025-06-30,median_rent_per_sqft,all,all,519.27,168,moderate,[],2026-09-08,dlx-aggregates-2
community:357:quarter:2025-07-01:median_rent_per_sqft:all:all,community,357,AL TWAR FIFTH,,quarter,2025-07-01,2025-09-30,median_rent_per_sqft,all,all,515.63,175,moderate,[],2026-09-08,dlx-aggregates-2
community:357:quarter:2025-10-01:median_rent_per_sqft:all:all,community,357,AL TWAR FIFTH,,quarter,2025-10-01,2025-12-31,median_rent_per_sqft,all,all,551.43,214,higher,[],2026-09-08,dlx-aggregates-2
community:357:quarter:2026-01-01:median_rent_per_sqft:all:all,community,357,AL TWAR FIFTH,,quarter,2026-01-01,2026-03-31,median_rent_per_sqft,all,all,581.08,293,higher,[],2026-09-08,dlx-aggregates-2
community:357:quarter:2026-04-01:median_rent_per_sqft:all:all,community,357,AL TWAR FIFTH,,quarter,2026-04-01,2026-06-30,median_rent_per_sqft,all,all,556.97,192,moderate,[],2026-09-08,dlx-aggregates-2
community:357:quarter:2026-07-01:median_rent_per_sqft:all:all,community,357,AL TWAR FIFTH,,quarter,2026-07-01,2026-09-30,median_rent_per_sqft,all,all,539.8,101,moderate,[],2026-09-08,dlx-aggregates-2
community:358:quarter:2019-01-01:median_rent_per_sqft:all:all,community,358,Al Twar First,,quarter,2019-01-01,2019-03-31,median_rent_per_sqft,all,all,469.01,59,moderate,[],2026-09-08,dlx-aggregates-2
community:358:quarter:2019-04-01:median_rent_per_sqft:all:all,community,358,Al Twar First,,quarter,2019-04-01,2019-06-30,median_rent_per_sqft,all,all,476.19,65,moderate,[],2026-09-08,dlx-aggregates-2
community:358:quarter:2019-07-01:median_rent_per_sqft:all:all,community,358,Al Twar First,,quarter,2019-07-01,2019-09-30,median_rent_per_sqft,all,all,461.33,41,moderate,[],2026-09-08,dlx-aggregates-2
community:358:quarter:2019-10-01:median_rent_per_sqft:all:all,community,358,Al Twar First,,quarter,2019-10-01,2019-12-31,median_rent_per_sqft,all,all,438.26,52,moderate,[],2026-09-08,dlx-aggregates-2
community:358:quarter:2020-01-01:median_rent_per_sqft:all:all,community,358,Al Twar First,,quarter,2020-01-01,2020-03-31,median_rent_per_sqft,all,all,415.19,68,moderate,[],2026-09-08,dlx-aggregates-2
community:358:quarter:2020-04-01:median_rent_per_sqft:all:all,community,358,Al Twar First,,quarter,2020-04-01,2020-06-30,median_rent_per_sqft,all,all,422.88,59,moderate,[],2026-09-08,dlx-aggregates-2
community:358:quarter:2020-07-01:median_rent_per_sqft:all:all,community,358,Al Twar First,,quarter,2020-07-01,2020-09-30,median_rent_per_sqft,all,all,384.44,53,moderate,[],2026-09-08,dlx-aggregates-2
community:358:quarter:2020-10-01:median_rent_per_sqft:all:all,community,358,Al Twar First,,quarter,2020-10-01,2020-12-31,median_rent_per_sqft,all,all,365.22,62,moderate,[],2026-09-08,dlx-aggregates-2
community:358:quarter:2021-01-01:median_rent_per_sqft:all:all,community,358,Al Twar First,,quarter,2021-01-01,2021-03-31,median_rent_per_sqft,all,all,353.68,63,moderate,[],2026-09-08,dlx-aggregates-2
community:358:quarter:2021-04-01:median_rent_per_sqft:all:all,community,358,Al Twar First,,quarter,2021-04-01,2021-06-30,median_rent_per_sqft,all,all,369.06,59,moderate,[],2026-09-08,dlx-aggregates-2
community:358:quarter:2021-07-01:median_rent_per_sqft:all:all,community,358,Al Twar First,,quarter,2021-07-01,2021-09-30,median_rent_per_sqft,all,all,345.99,54,moderate,[],2026-09-08,dlx-aggregates-2
community:358:quarter:2021-10-01:median_rent_per_sqft:all:all,community,358,Al Twar First,,quarter,2021-10-01,2021-12-31,median_rent_per_sqft,all,all,345.99,65,moderate,[],2026-09-08,dlx-aggregates-2
community:358:quarter:2022-01-01:median_rent_per_sqft:all:all,community,358,Al Twar First,,quarter,2022-01-01,2022-03-31,median_rent_per_sqft,all,all,353.68,65,moderate,[],2026-09-08,dlx-aggregates-2
community:358:quarter:2022-04-01:median_rent_per_sqft:all:all,community,358,Al Twar First,,quarter,2022-04-01,2022-06-30,median_rent_per_sqft,all,all,369.06,53,moderate,[],2026-09-08,dlx-aggregates-2
community:358:quarter:2022-07-01:median_rent_per_sqft:all:all,community,358,Al Twar First,,quarter,2022-07-01,2022-09-30,median_rent_per_sqft,all,all,361.37,58,moderate,[],2026-09-08,dlx-aggregates-2
community:358:quarter:2022-10-01:median_rent_per_sqft:all:all,community,358,Al Twar First,,quarter,2022-10-01,2022-12-31,median_rent_per_sqft,all,all,369.06,65,moderate,[],2026-09-08,dlx-aggregates-2
community:358:quarter:2023-01-01:median_rent_per_sqft:all:all,community,358,Al Twar First,,quarter,2023-01-01,2023-03-31,median_rent_per_sqft,all,all,369.06,61,moderate,[],2026-09-08,dlx-aggregates-2
community:358:quarter:2023-04-01:median_rent_per_sqft:all:all,community,358,Al Twar First,,quarter,2023-04-01,2023-06-30,median_rent_per_sqft,all,all,384.44,54,moderate,[],2026-09-08,dlx-aggregates-2
community:358:quarter:2023-07-01:median_rent_per_sqft:all:all,community,358,Al Twar First,,quarter,2023-07-01,2023-09-30,median_rent_per_sqft,all,all,389.82,70,moderate,[],2026-09-08,dlx-aggregates-2
community:358:quarter:2023-10-01:median_rent_per_sqft:all:all,community,358,Al Twar First,,quarter,2023-10-01,2023-12-31,median_rent_per_sqft,all,all,393.86,68,moderate,[],2026-09-08,dlx-aggregates-2
community:358:quarter:2024-01-01:median_rent_per_sqft:all:all,community,358,Al Twar First,,quarter,2024-01-01,2024-03-31,median_rent_per_sqft,all,all,399.82,69,moderate,[],2026-09-08,dlx-aggregates-2
community:358:quarter:2024-04-01:median_rent_per_sqft:all:all,community,358,Al Twar First,,quarter,2024-04-01,2024-06-30,median_rent_per_sqft,all,all,411.35,56,moderate,[],2026-09-08,dlx-aggregates-2
community:358:quarter:2024-07-01:median_rent_per_sqft:all:all,community,358,Al Twar First,,quarter,2024-07-01,2024-09-30,median_rent_per_sqft,all,all,422.88,64,moderate,[],2026-09-08,dlx-aggregates-2
community:358:quarter:2024-10-01:median_rent_per_sqft:all:all,community,358,Al Twar First,,quarter,2024-10-01,2024-12-31,median_rent_per_sqft,all,all,430.57,76,moderate,[],2026-09-08,dlx-aggregates-2
community:358:quarter:2025-01-01:median_rent_per_sqft:all:all,community,358,Al Twar First,,quarter,2025-01-01,2025-03-31,median_rent_per_sqft,all,all,430.57,58,moderate,[],2026-09-08,dlx-aggregates-2
community:358:quarter:2025-04-01:median_rent_per_sqft:all:all,community,358,Al Twar First,,quarter,2025-04-01,2025-06-30,median_rent_per_sqft,all,all,445.95,65,moderate,[],2026-09-08,dlx-aggregates-2
community:358:quarter:2025-07-01:median_rent_per_sqft:all:all,community,358,Al Twar First,,quarter,2025-07-01,2025-09-30,median_rent_per_sqft,all,all,453.64,66,moderate,[],2026-09-08,dlx-aggregates-2
community:358:quarter:2025-10-01:median_rent_per_sqft:all:all,community,358,Al Twar First,,quarter,2025-10-01,2025-12-31,median_rent_per_sqft,all,all,461.33,77,moderate,[],2026-09-08,dlx-aggregates-2
community:358:quarter:2026-01-01:median_rent_per_sqft:all:all,community,358,Al Twar First,,quarter,2026-01-01,2026-03-31,median_rent_per_sqft,all,all,469.01,57,moderate,[],2026-09-08,dlx-aggregates-2
community:358:quarter:2026-04-01:median_rent_per_sqft:all:all,community,358,Al Twar First,,quarter,2026-04-01,2026-06-30,median_rent_per_sqft,all,all,476.7,64,moderate,[],2026-09-08,dlx-aggregates-2
community:358:quarter:2026-07-01:median_rent_per_sqft:all:all,community,358,Al Twar First,,quarter,2026-07-01,2026-09-30,median_rent_per_sqft,all,all,484.39,36,moderate,[],2026-09-08,dlx-aggregates-2
community:360:quarter:2019-07-01:median_rent_per_sqft:all:all,community,360,Muhaisanah Second,,quarter,2019-07-01,2019-09-30,median_rent_per_sqft,all,all,51.67,124,moderate,[],2026-09-08,dlx-aggregates-2
community:360:quarter:2020-07-01:median_rent_per_sqft:all:all,community,360,Muhaisanah Second,,quarter,2020-07-01,2020-09-30,median_rent_per_sqft,all,all,51.67,103,moderate,[],2026-09-08,dlx-aggregates-2
community:360:quarter:2021-07-01:median_rent_per_sqft:all:all,community,360,Muhaisanah Second,,quarter,2021-07-01,2021-09-30,median_rent_per_sqft,all,all,51.67,86,moderate,[],2026-09-08,dlx-aggregates-2
community:360:quarter:2022-07-01:median_rent_per_sqft:all:all,community,360,Muhaisanah Second,,quarter,2022-07-01,2022-09-30,median_rent_per_sqft,all,all,51.67,89,moderate,[],2026-09-08,dlx-aggregates-2
community:360:quarter:2023-07-01:median_rent_per_sqft:all:all,community,360,Muhaisanah Second,,quarter,2023-07-01,2023-09-30,median_rent_per_sqft,all,all,51.67,105,moderate,[],2026-09-08,dlx-aggregates-2
community:360:quarter:2024-07-01:median_rent_per_sqft:all:all,community,360,Muhaisanah Second,,quarter,2024-07-01,2024-09-30,median_rent_per_sqft,all,all,51.67,91,moderate,[],2026-09-08,dlx-aggregates-2
community:360:quarter:2025-07-01:median_rent_per_sqft:all:all,community,360,Muhaisanah Second,,quarter,2025-07-01,2025-09-30,median_rent_per_sqft,all,all,51.67,78,moderate,[],2026-09-08,dlx-aggregates-2
community:360:quarter:2026-07-01:median_rent_per_sqft:all:all,community,360,Muhaisanah Second,,quarter,2026-07-01,2026-09-30,median_rent_per_sqft,all,all,56.83,47,moderate,[],2026-09-08,dlx-aggregates-2
community:361:quarter:2019-01-01:median_rent_per_sqft:all:all,community,361,Muhaisanah Fourth,,quarter,2019-01-01,2019-03-31,median_rent_per_sqft,all,all,460.89,939,higher,[],2026-09-08,dlx-aggregates-2
community:361:quarter:2019-04-01:median_rent_per_sqft:all:all,community,361,Muhaisanah Fourth,,quarter,2019-04-01,2019-06-30,median_rent_per_sqft,all,all,460.48,944,higher,[],2026-09-08,dlx-aggregates-2
community:361:quarter:2019-07-01:median_rent_per_sqft:all:all,community,361,Muhaisanah Fourth,,quarter,2019-07-01,2019-09-30,median_rent_per_sqft,all,all,453.72,740,higher,[],2026-09-08,dlx-aggregates-2
community:361:quarter:2019-10-01:median_rent_per_sqft:all:all,community,361,Muhaisanah Fourth,,quarter,2019-10-01,2019-12-31,median_rent_per_sqft,all,all,440.11,622,higher,[],2026-09-08,dlx-aggregates-2
community:361:quarter:2020-01-01:median_rent_per_sqft:all:all,community,361,Muhaisanah Fourth,,quarter,2020-01-01,2020-03-31,median_rent_per_sqft,all,all,425.69,1029,higher,[],2026-09-08,dlx-aggregates-2
community:361:quarter:2020-04-01:median_rent_per_sqft:all:all,community,361,Muhaisanah Fourth,,quarter,2020-04-01,2020-06-30,median_rent_per_sqft,all,all,428.59,909,higher,[],2026-09-08,dlx-aggregates-2
community:361:quarter:2020-07-01:median_rent_per_sqft:all:all,community,361,Muhaisanah Fourth,,quarter,2020-07-01,2020-09-30,median_rent_per_sqft,all,all,423.85,790,higher,[],2026-09-08,dlx-aggregates-2
community:361:quarter:2020-10-01:median_rent_per_sqft:all:all,community,361,Muhaisanah Fourth,,quarter,2020-10-01,2020-12-31,median_rent_per_sqft,all,all,379.09,654,higher,[],2026-09-08,dlx-aggregates-2
community:361:quarter:2021-01-01:median_rent_per_sqft:all:all,community,361,Muhaisanah Fourth,,quarter,2021-01-01,2021-03-31,median_rent_per_sqft,all,all,376.22,1076,higher,[],2026-09-08,dlx-aggregates-2
community:361:quarter:2021-04-01:median_rent_per_sqft:all:all,community,361,Muhaisanah Fourth,,quarter,2021-04-01,2021-06-30,median_rent_per_sqft,all,all,378.75,867,higher,[],2026-09-08,dlx-aggregates-2
community:361:quarter:2021-07-01:median_rent_per_sqft:all:all,community,361,Muhaisanah Fourth,,quarter,2021-07-01,2021-09-30,median_rent_per_sqft,all,all,378.75,753,higher,[],2026-09-08,dlx-aggregates-2
community:361:quarter:2021-10-01:median_rent_per_sqft:all:all,community,361,Muhaisanah Fourth,,quarter,2021-10-01,2021-12-31,median_rent_per_sqft,all,all,379.36,694,higher,[],2026-09-08,dlx-aggregates-2
community:361:quarter:2022-01-01:median_rent_per_sqft:all:all,community,361,Muhaisanah Fourth,,quarter,2022-01-01,2022-03-31,median_rent_per_sqft,all,all,374.24,1023,higher,[],2026-09-08,dlx-aggregates-2
community:361:quarter:2022-04-01:median_rent_per_sqft:all:all,community,361,Muhaisanah Fourth,,quarter,2022-04-01,2022-06-30,median_rent_per_sqft,all,all,378.75,886,higher,[],2026-09-08,dlx-aggregates-2
community:361:quarter:2022-07-01:median_rent_per_sqft:all:all,community,361,Muhaisanah Fourth,,quarter,2022-07-01,2022-09-30,median_rent_per_sqft,all,all,378.79,800,higher,[],2026-09-08,dlx-aggregates-2
community:361:quarter:2022-10-01:median_rent_per_sqft:all:all,community,361,Muhaisanah Fourth,,quarter,2022-10-01,2022-12-31,median_rent_per_sqft,all,all,387.03,696,higher,[],2026-09-08,dlx-aggregates-2
community:361:quarter:2023-01-01:median_rent_per_sqft:all:all,community,361,Muhaisanah Fourth,,quarter,2023-01-01,2023-03-31,median_rent_per_sqft,all,all,385.19,1040,higher,[],2026-09-08,dlx-aggregates-2
community:361:quarter:2023-04-01:median_rent_per_sqft:all:all,community,361,Muhaisanah Fourth,,quarter,2023-04-01,2023-06-30,median_rent_per_sqft,all,all,416.63,902,higher,[],2026-09-08,dlx-aggregates-2
community:361:quarter:2023-07-01:median_rent_per_sqft:all:all,community,361,Muhaisanah Fourth,,quarter,2023-07-01,2023-09-30,median_rent_per_sqft,all,all,416.63,932,higher,[],2026-09-08,dlx-aggregates-2
community:361:quarter:2023-10-01:median_rent_per_sqft:all:all,community,361,Muhaisanah Fourth,,quarter,2023-10-01,2023-12-31,median_rent_per_sqft,all,all,417.0,748,higher,[],2026-09-08,dlx-aggregates-2
community:361:quarter:2024-01-01:median_rent_per_sqft:all:all,community,361,Muhaisanah Fourth,,quarter,2024-01-01,2024-03-31,median_rent_per_sqft,all,all,408.51,1073,higher,[],2026-09-08,dlx-aggregates-2
community:361:quarter:2024-04-01:median_rent_per_sqft:all:all,community,361,Muhaisanah Fourth,,quarter,2024-04-01,2024-06-30,median_rent_per_sqft,all,all,430.95,938,higher,[],2026-09-08,dlx-aggregates-2
community:361:quarter:2024-07-01:median_rent_per_sqft:all:all,community,361,Muhaisanah Fourth,,quarter,2024-07-01,2024-09-30,median_rent_per_sqft,all,all,434.82,946,higher,[],2026-09-08,dlx-aggregates-2
community:361:quarter:2024-10-01:median_rent_per_sqft:all:all,community,361,Muhaisanah Fourth,,quarter,2024-10-01,2024-12-31,median_rent_per_sqft,all,all,431.9,748,higher,[],2026-09-08,dlx-aggregates-2
community:361:quarter:2025-01-01:median_rent_per_sqft:all:all,community,361,Muhaisanah Fourth,,quarter,2025-01-01,2025-03-31,median_rent_per_sqft,all,all,428.58,1072,higher,[],2026-09-08,dlx-aggregates-2
community:361:quarter:2025-04-01:median_rent_per_sqft:all:all,community,361,Muhaisanah Fourth,,quarter,2025-04-01,2025-06-30,median_rent_per_sqft,all,all,437.46,961,higher,[],2026-09-08,dlx-aggregates-2
community:361:quarter:2025-07-01:median_rent_per_sqft:all:all,community,361,Muhaisanah Fourth,,quarter,2025-07-01,2025-09-30,median_rent_per_sqft,all,all,437.85,993,higher,[],2026-09-08,dlx-aggregates-2
community:361:quarter:2025-10-01:median_rent_per_sqft:all:all,community,361,Muhaisanah Fourth,,quarter,2025-10-01,2025-12-31,median_rent_per_sqft,all,all,438.56,768,higher,[],2026-09-08,dlx-aggregates-2
community:361:quarter:2026-01-01:median_rent_per_sqft:all:all,community,361,Muhaisanah Fourth,,quarter,2026-01-01,2026-03-31,median_rent_per_sqft,all,all,440.61,1054,higher,[],2026-09-08,dlx-aggregates-2
community:361:quarter:2026-04-01:median_rent_per_sqft:all:all,community,361,Muhaisanah Fourth,,quarter,2026-04-01,2026-06-30,median_rent_per_sqft,all,all,457.08,948,higher,[],2026-09-08,dlx-aggregates-2
community:361:quarter:2026-07-01:median_rent_per_sqft:all:all,community,361,Muhaisanah Fourth,,quarter,2026-07-01,2026-09-30,median_rent_per_sqft,all,all,456.57,707,higher,[],2026-09-08,dlx-aggregates-2
community:362:quarter:2019-01-01:median_rent_per_sqft:all:all,community,362,Naif,,quarter,2019-01-01,2019-03-31,median_rent_per_sqft,all,all,521.74,293,higher,[],2026-09-08,dlx-aggregates-2
community:362:quarter:2019-04-01:median_rent_per_sqft:all:all,community,362,Naif,,quarter,2019-04-01,2019-06-30,median_rent_per_sqft,all,all,522.06,184,moderate,[],2026-09-08,dlx-aggregates-2
community:362:quarter:2019-07-01:median_rent_per_sqft:all:all,community,362,Naif,,quarter,2019-07-01,2019-09-30,median_rent_per_sqft,all,all,504.07,127,moderate,[],2026-09-08,dlx-aggregates-2
community:362:quarter:2019-10-01:median_rent_per_sqft:all:all,community,362,Naif,,quarter,2019-10-01,2019-12-31,median_rent_per_sqft,all,all,289.5,147,moderate,[],2026-09-08,dlx-aggregates-2
community:362:quarter:2020-01-01:median_rent_per_sqft:all:all,community,362,Naif,,quarter,2020-01-01,2020-03-31,median_rent_per_sqft,all,all,523.81,293,higher,[],2026-09-08,dlx-aggregates-2
community:362:quarter:2020-04-01:median_rent_per_sqft:all:all,community,362,Naif,,quarter,2020-04-01,2020-06-30,median_rent_per_sqft,all,all,500.0,137,moderate,[],2026-09-08,dlx-aggregates-2
community:362:quarter:2020-07-01:median_rent_per_sqft:all:all,community,362,Naif,,quarter,2020-07-01,2020-09-30,median_rent_per_sqft,all,all,399.06,110,moderate,[],2026-09-08,dlx-aggregates-2
community:362:quarter:2020-10-01:median_rent_per_sqft:all:all,community,362,Naif,,quarter,2020-10-01,2020-12-31,median_rent_per_sqft,all,all,301.3,177,moderate,[],2026-09-08,dlx-aggregates-2
community:362:quarter:2021-01-01:median_rent_per_sqft:all:all,community,362,Naif,,quarter,2021-01-01,2021-03-31,median_rent_per_sqft,all,all,465.03,264,higher,[],2026-09-08,dlx-aggregates-2
community:362:quarter:2021-04-01:median_rent_per_sqft:all:all,community,362,Naif,,quarter,2021-04-01,2021-06-30,median_rent_per_sqft,all,all,414.03,154,moderate,[],2026-09-08,dlx-aggregates-2
community:362:quarter:2021-07-01:median_rent_per_sqft:all:all,community,362,Naif,,quarter,2021-07-01,2021-09-30,median_rent_per_sqft,all,all,408.63,130,moderate,[],2026-09-08,dlx-aggregates-2
community:362:quarter:2021-10-01:median_rent_per_sqft:all:all,community,362,Naif,,quarter,2021-10-01,2021-12-31,median_rent_per_sqft,all,all,324.33,194,moderate,[],2026-09-08,dlx-aggregates-2
community:362:quarter:2022-01-01:median_rent_per_sqft:all:all,community,362,Naif,,quarter,2022-01-01,2022-03-31,median_rent_per_sqft,all,all,445.24,260,higher,[],2026-09-08,dlx-aggregates-2
community:362:quarter:2022-04-01:median_rent_per_sqft:all:all,community,362,Naif,,quarter,2022-04-01,2022-06-30,median_rent_per_sqft,all,all,425.82,168,moderate,[],2026-09-08,dlx-aggregates-2
community:362:quarter:2022-07-01:median_rent_per_sqft:all:all,community,362,Naif,,quarter,2022-07-01,2022-09-30,median_rent_per_sqft,all,all,424.66,132,moderate,[],2026-09-08,dlx-aggregates-2
community:362:quarter:2022-10-01:median_rent_per_sqft:all:all,community,362,Naif,,quarter,2022-10-01,2022-12-31,median_rent_per_sqft,all,all,300.92,182,moderate,[],2026-09-08,dlx-aggregates-2
community:362:quarter:2023-01-01:median_rent_per_sqft:all:all,community,362,Naif,,quarter,2023-01-01,2023-03-31,median_rent_per_sqft,all,all,438.92,275,higher,[],2026-09-08,dlx-aggregates-2
community:362:quarter:2023-04-01:median_rent_per_sqft:all:all,community,362,Naif,,quarter,2023-04-01,2023-06-30,median_rent_per_sqft,all,all,447.09,165,moderate,[],2026-09-08,dlx-aggregates-2
community:362:quarter:2023-07-01:median_rent_per_sqft:all:all,community,362,Naif,,quarter,2023-07-01,2023-09-30,median_rent_per_sqft,all,all,438.93,130,moderate,[],2026-09-08,dlx-aggregates-2
community:362:quarter:2023-10-01:median_rent_per_sqft:all:all,community,362,Naif,,quarter,2023-10-01,2023-12-31,median_rent_per_sqft,all,all,322.78,227,higher,[],2026-09-08,dlx-aggregates-2
community:362:quarter:2024-01-01:median_rent_per_sqft:all:all,community,362,Naif,,quarter,2024-01-01,2024-03-31,median_rent_per_sqft,all,all,424.66,321,higher,[],2026-09-08,dlx-aggregates-2
community:362:quarter:2024-04-01:median_rent_per_sqft:all:all,community,362,Naif,,quarter,2024-04-01,2024-06-30,median_rent_per_sqft,all,all,447.09,179,moderate,[],2026-09-08,dlx-aggregates-2
community:362:quarter:2024-07-01:median_rent_per_sqft:all:all,community,362,Naif,,quarter,2024-07-01,2024-09-30,median_rent_per_sqft,all,all,447.09,157,moderate,[],2026-09-08,dlx-aggregates-2
community:362:quarter:2024-10-01:median_rent_per_sqft:all:all,community,362,Naif,,quarter,2024-10-01,2024-12-31,median_rent_per_sqft,all,all,407.11,201,higher,[],2026-09-08,dlx-aggregates-2
community:362:quarter:2025-01-01:median_rent_per_sqft:all:all,community,362,Naif,,quarter,2025-01-01,2025-03-31,median_rent_per_sqft,all,all,443.48,305,higher,[],2026-09-08,dlx-aggregates-2
community:362:quarter:2025-04-01:median_rent_per_sqft:all:all,community,362,Naif,,quarter,2025-04-01,2025-06-30,median_rent_per_sqft,all,all,453.55,175,moderate,[],2026-09-08,dlx-aggregates-2
community:362:quarter:2025-07-01:median_rent_per_sqft:all:all,community,362,Naif,,quarter,2025-07-01,2025-09-30,median_rent_per_sqft,all,all,471.58,148,moderate,[],2026-09-08,dlx-aggregates-2
community:362:quarter:2025-10-01:median_rent_per_sqft:all:all,community,362,Naif,,quarter,2025-10-01,2025-12-31,median_rent_per_sqft,all,all,446.36,208,higher,[],2026-09-08,dlx-aggregates-2
community:362:quarter:2026-01-01:median_rent_per_sqft:all:all,community,362,Naif,,quarter,2026-01-01,2026-03-31,median_rent_per_sqft,all,all,482.81,270,higher,[],2026-09-08,dlx-aggregates-2
community:362:quarter:2026-04-01:median_rent_per_sqft:all:all,community,362,Naif,,quarter,2026-04-01,2026-06-30,median_rent_per_sqft,all,all,492.67,159,moderate,[],2026-09-08,dlx-aggregates-2
community:362:quarter:2026-07-01:median_rent_per_sqft:all:all,community,362,Naif,,quarter,2026-07-01,2026-09-30,median_rent_per_sqft,all,all,490.48,98,moderate,[],2026-09-08,dlx-aggregates-2
community:363:quarter:2019-01-01:median_rent_per_sqft:all:all,community,363,Al Qusais Industrial First,,quarter,2019-01-01,2019-03-31,median_rent_per_sqft,all,all,22255.26,663,higher,[],2026-09-08,dlx-aggregates-2
community:363:quarter:2019-04-01:median_rent_per_sqft:all:all,community,363,Al Qusais Industrial First,,quarter,2019-04-01,2019-06-30,median_rent_per_sqft,all,all,469.71,57,moderate,[],2026-09-08,dlx-aggregates-2
community:363:quarter:2019-07-01:median_rent_per_sqft:all:all,community,363,Al Qusais Industrial First,,quarter,2019-07-01,2019-09-30,median_rent_per_sqft,all,all,412.85,54,moderate,[],2026-09-08,dlx-aggregates-2
community:363:quarter:2019-10-01:median_rent_per_sqft:all:all,community,363,Al Qusais Industrial First,,quarter,2019-10-01,2019-12-31,median_rent_per_sqft,all,all,427.38,93,moderate,[],2026-09-08,dlx-aggregates-2
community:363:quarter:2020-01-01:median_rent_per_sqft:all:all,community,363,Al Qusais Industrial First,,quarter,2020-01-01,2020-03-31,median_rent_per_sqft,all,all,18280.56,701,higher,[],2026-09-08,dlx-aggregates-2
community:363:quarter:2020-04-01:median_rent_per_sqft:all:all,community,363,Al Qusais Industrial First,,quarter,2020-04-01,2020-06-30,median_rent_per_sqft,all,all,411.0,65,moderate,[],2026-09-08,dlx-aggregates-2
community:363:quarter:2020-07-01:median_rent_per_sqft:all:all,community,363,Al Qusais Industrial First,,quarter,2020-07-01,2020-09-30,median_rent_per_sqft,all,all,387.58,70,moderate,[],2026-09-08,dlx-aggregates-2
community:363:quarter:2020-10-01:median_rent_per_sqft:all:all,community,363,Al Qusais Industrial First,,quarter,2020-10-01,2020-12-31,median_rent_per_sqft,all,all,378.42,70,moderate,[],2026-09-08,dlx-aggregates-2
community:363:quarter:2021-01-01:median_rent_per_sqft:all:all,community,363,Al Qusais Industrial First,,quarter,2021-01-01,2021-03-31,median_rent_per_sqft,all,all,364.75,119,moderate,[],2026-09-08,dlx-aggregates-2
community:363:quarter:2021-04-01:median_rent_per_sqft:all:all,community,363,Al Qusais Industrial First,,quarter,2021-04-01,2021-06-30,median_rent_per_sqft,all,all,391.37,88,moderate,[],2026-09-08,dlx-aggregates-2
community:363:quarter:2021-07-01:median_rent_per_sqft:all:all,community,363,Al Qusais Industrial First,,quarter,2021-07-01,2021-09-30,median_rent_per_sqft,all,all,365.5,71,moderate,[],2026-09-08,dlx-aggregates-2
community:363:quarter:2021-10-01:median_rent_per_sqft:all:all,community,363,Al Qusais Industrial First,,quarter,2021-10-01,2021-12-31,median_rent_per_sqft,all,all,362.07,93,moderate,[],2026-09-08,dlx-aggregates-2
community:363:quarter:2022-01-01:median_rent_per_sqft:all:all,community,363,Al Qusais Industrial First,,quarter,2022-01-01,2022-03-31,median_rent_per_sqft,all,all,355.48,116,moderate,[],2026-09-08,dlx-aggregates-2
community:363:quarter:2022-04-01:median_rent_per_sqft:all:all,community,363,Al Qusais Industrial First,,quarter,2022-04-01,2022-06-30,median_rent_per_sqft,all,all,385.12,88,moderate,[],2026-09-08,dlx-aggregates-2
community:363:quarter:2022-07-01:median_rent_per_sqft:all:all,community,363,Al Qusais Industrial First,,quarter,2022-07-01,2022-09-30,median_rent_per_sqft,all,all,391.43,84,moderate,[],2026-09-08,dlx-aggregates-2
community:363:quarter:2022-10-01:median_rent_per_sqft:all:all,community,363,Al Qusais Industrial First,,quarter,2022-10-01,2022-12-31,median_rent_per_sqft,all,all,382.61,89,moderate,[],2026-09-08,dlx-aggregates-2
community:363:quarter:2023-01-01:median_rent_per_sqft:all:all,community,363,Al Qusais Industrial First,,quarter,2023-01-01,2023-03-31,median_rent_per_sqft,all,all,373.49,121,moderate,[],2026-09-08,dlx-aggregates-2
community:363:quarter:2023-04-01:median_rent_per_sqft:all:all,community,363,Al Qusais Industrial First,,quarter,2023-04-01,2023-06-30,median_rent_per_sqft,all,all,400.2,82,moderate,[],2026-09-08,dlx-aggregates-2
community:363:quarter:2023-07-01:median_rent_per_sqft:all:all,community,363,Al Qusais Industrial First,,quarter,2023-07-01,2023-09-30,median_rent_per_sqft,all,all,390.46,90,moderate,[],2026-09-08,dlx-aggregates-2
community:363:quarter:2023-10-01:median_rent_per_sqft:all:all,community,363,Al Qusais Industrial First,,quarter,2023-10-01,2023-12-31,median_rent_per_sqft,all,all,401.21,93,moderate,[],2026-09-08,dlx-aggregates-2
community:363:quarter:2024-01-01:median_rent_per_sqft:all:all,community,363,Al Qusais Industrial First,,quarter,2024-01-01,2024-03-31,median_rent_per_sqft,all,all,398.48,115,moderate,[],2026-09-08,dlx-aggregates-2
community:363:quarter:2024-04-01:median_rent_per_sqft:all:all,community,363,Al Qusais Industrial First,,quarter,2024-04-01,2024-06-30,median_rent_per_sqft,all,all,427.1,75,moderate,[],2026-09-08,dlx-aggregates-2
community:363:quarter:2024-07-01:median_rent_per_sqft:all:all,community,363,Al Qusais Industrial First,,quarter,2024-07-01,2024-09-30,median_rent_per_sqft,all,all,440.36,88,moderate,[],2026-09-08,dlx-aggregates-2
community:363:quarter:2024-10-01:median_rent_per_sqft:all:all,community,363,Al Qusais Industrial First,,quarter,2024-10-01,2024-12-31,median_rent_per_sqft,all,all,453.79,90,moderate,[],2026-09-08,dlx-aggregates-2
community:363:quarter:2025-01-01:median_rent_per_sqft:all:all,community,363,Al Qusais Industrial First,,quarter,2025-01-01,2025-03-31,median_rent_per_sqft,all,all,19679.24,681,higher,[],2026-09-08,dlx-aggregates-2
community:363:quarter:2025-04-01:median_rent_per_sqft:all:all,community,363,Al Qusais Industrial First,,quarter,2025-04-01,2025-06-30,median_rent_per_sqft,all,all,452.95,66,moderate,[],2026-09-08,dlx-aggregates-2
community:363:quarter:2025-07-01:median_rent_per_sqft:all:all,community,363,Al Qusais Industrial First,,quarter,2025-07-01,2025-09-30,median_rent_per_sqft,all,all,502.18,86,moderate,[],2026-09-08,dlx-aggregates-2
community:363:quarter:2025-10-01:median_rent_per_sqft:all:all,community,363,Al Qusais Industrial First,,quarter,2025-10-01,2025-12-31,median_rent_per_sqft,all,all,499.07,81,moderate,[],2026-09-08,dlx-aggregates-2
community:363:quarter:2026-01-01:median_rent_per_sqft:all:all,community,363,Al Qusais Industrial First,,quarter,2026-01-01,2026-03-31,median_rent_per_sqft,all,all,475.59,126,moderate,[],2026-09-08,dlx-aggregates-2
community:363:quarter:2026-04-01:median_rent_per_sqft:all:all,community,363,Al Qusais Industrial First,,quarter,2026-04-01,2026-06-30,median_rent_per_sqft,all,all,478.26,51,moderate,[],2026-09-08,dlx-aggregates-2
community:363:quarter:2026-07-01:median_rent_per_sqft:all:all,community,363,Al Qusais Industrial First,,quarter,2026-07-01,2026-09-30,median_rent_per_sqft,all,all,531.09,54,moderate,[],2026-09-08,dlx-aggregates-2
community:364:quarter:2019-01-01:median_rent_per_sqft:all:all,community,364,Al Wasl,,quarter,2019-01-01,2019-03-31,median_rent_per_sqft,all,all,899.14,429,higher,[],2026-09-08,dlx-aggregates-2
community:364:quarter:2019-04-01:median_rent_per_sqft:all:all,community,364,Al Wasl,,quarter,2019-04-01,2019-06-30,median_rent_per_sqft,all,all,916.88,335,higher,[],2026-09-08,dlx-aggregates-2
community:364:quarter:2019-07-01:median_rent_per_sqft:all:all,community,364,Al Wasl,,quarter,2019-07-01,2019-09-30,median_rent_per_sqft,all,all,902.34,374,higher,[],2026-09-08,dlx-aggregates-2
community:364:quarter:2019-10-01:median_rent_per_sqft:all:all,community,364,Al Wasl,,quarter,2019-10-01,2019-12-31,median_rent_per_sqft,all,all,901.62,368,higher,[],2026-09-08,dlx-aggregates-2
community:364:quarter:2020-01-01:median_rent_per_sqft:all:all,community,364,Al Wasl,,quarter,2020-01-01,2020-03-31,median_rent_per_sqft,all,all,862.8,420,higher,[],2026-09-08,dlx-aggregates-2
community:364:quarter:2020-04-01:median_rent_per_sqft:all:all,community,364,Al Wasl,,quarter,2020-04-01,2020-06-30,median_rent_per_sqft,all,all,855.34,266,higher,[],2026-09-08,dlx-aggregates-2
community:364:quarter:2020-07-01:median_rent_per_sqft:all:all,community,364,Al Wasl,,quarter,2020-07-01,2020-09-30,median_rent_per_sqft,all,all,784.15,356,higher,[],2026-09-08,dlx-aggregates-2
community:364:quarter:2020-10-01:median_rent_per_sqft:all:all,community,364,Al Wasl,,quarter,2020-10-01,2020-12-31,median_rent_per_sqft,all,all,783.99,398,higher,[],2026-09-08,dlx-aggregates-2
community:364:quarter:2021-01-01:median_rent_per_sqft:all:all,community,364,Al Wasl,,quarter,2021-01-01,2021-03-31,median_rent_per_sqft,all,all,786.96,485,higher,[],2026-09-08,dlx-aggregates-2
community:364:quarter:2021-04-01:median_rent_per_sqft:all:all,community,364,Al Wasl,,quarter,2021-04-01,2021-06-30,median_rent_per_sqft,all,all,797.4,382,higher,[],2026-09-08,dlx-aggregates-2
community:364:quarter:2021-07-01:median_rent_per_sqft:all:all,community,364,Al Wasl,,quarter,2021-07-01,2021-09-30,median_rent_per_sqft,all,all,794.81,370,higher,[],2026-09-08,dlx-aggregates-2
community:364:quarter:2021-10-01:median_rent_per_sqft:all:all,community,364,Al Wasl,,quarter,2021-10-01,2021-12-31,median_rent_per_sqft,all,all,816.33,392,higher,[],2026-09-08,dlx-aggregates-2
community:364:quarter:2022-01-01:median_rent_per_sqft:all:all,community,364,Al Wasl,,quarter,2022-01-01,2022-03-31,median_rent_per_sqft,all,all,803.48,506,higher,[],2026-09-08,dlx-aggregates-2
community:364:quarter:2022-04-01:median_rent_per_sqft:all:all,community,364,Al Wasl,,quarter,2022-04-01,2022-06-30,median_rent_per_sqft,all,all,884.79,356,higher,[],2026-09-08,dlx-aggregates-2
community:364:quarter:2022-07-01:median_rent_per_sqft:all:all,community,364,Al Wasl,,quarter,2022-07-01,2022-09-30,median_rent_per_sqft,all,all,857.49,396,higher,[],2026-09-08,dlx-aggregates-2
community:364:quarter:2022-10-01:median_rent_per_sqft:all:all,community,364,Al Wasl,,quarter,2022-10-01,2022-12-31,median_rent_per_sqft,all,all,865.77,386,higher,[],2026-09-08,dlx-aggregates-2
community:364:quarter:2023-01-01:median_rent_per_sqft:all:all,community,364,Al Wasl,,quarter,2023-01-01,2023-03-31,median_rent_per_sqft,all,all,832.29,492,higher,[],2026-09-08,dlx-aggregates-2
community:364:quarter:2023-04-01:median_rent_per_sqft:all:all,community,364,Al Wasl,,quarter,2023-04-01,2023-06-30,median_rent_per_sqft,all,all,929.24,378,higher,[],2026-09-08,dlx-aggregates-2
community:364:quarter:2023-07-01:median_rent_per_sqft:all:all,community,364,Al Wasl,,quarter,2023-07-01,2023-09-30,median_rent_per_sqft,all,all,957.81,388,higher,[],2026-09-08,dlx-aggregates-2
community:364:quarter:2023-10-01:median_rent_per_sqft:all:all,community,364,Al Wasl,,quarter,2023-10-01,2023-12-31,median_rent_per_sqft,all,all,952.72,361,higher,[],2026-09-08,dlx-aggregates-2
community:364:quarter:2024-01-01:median_rent_per_sqft:all:all,community,364,Al Wasl,,quarter,2024-01-01,2024-03-31,median_rent_per_sqft,all,all,865.07,480,higher,[],2026-09-08,dlx-aggregates-2
community:364:quarter:2024-04-01:median_rent_per_sqft:all:all,community,364,Al Wasl,,quarter,2024-04-01,2024-06-30,median_rent_per_sqft,all,all,998.9,329,higher,[],2026-09-08,dlx-aggregates-2
community:364:quarter:2024-07-01:median_rent_per_sqft:all:all,community,364,Al Wasl,,quarter,2024-07-01,2024-09-30,median_rent_per_sqft,all,all,1127.91,390,higher,[],2026-09-08,dlx-aggregates-2
community:364:quarter:2024-10-01:median_rent_per_sqft:all:all,community,364,Al Wasl,,quarter,2024-10-01,2024-12-31,median_rent_per_sqft,all,all,1147.29,386,higher,[],2026-09-08,dlx-aggregates-2
community:364:quarter:2025-01-01:median_rent_per_sqft:all:all,community,364,Al Wasl,,quarter,2025-01-01,2025-03-31,median_rent_per_sqft,all,all,977.16,488,higher,[],2026-09-08,dlx-aggregates-2
community:364:quarter:2025-04-01:median_rent_per_sqft:all:all,community,364,Al Wasl,,quarter,2025-04-01,2025-06-30,median_rent_per_sqft,all,all,1202.16,383,higher,[],2026-09-08,dlx-aggregates-2
community:364:quarter:2025-07-01:median_rent_per_sqft:all:all,community,364,Al Wasl,,quarter,2025-07-01,2025-09-30,median_rent_per_sqft,all,all,1338.6,505,higher,[],2026-09-08,dlx-aggregates-2
community:364:quarter:2025-10-01:median_rent_per_sqft:all:all,community,364,Al Wasl,,quarter,2025-10-01,2025-12-31,median_rent_per_sqft,all,all,1296.64,460,higher,[],2026-09-08,dlx-aggregates-2
community:364:quarter:2026-01-01:median_rent_per_sqft:all:all,community,364,Al Wasl,,quarter,2026-01-01,2026-03-31,median_rent_per_sqft,all,all,1160.72,518,higher,[],2026-09-08,dlx-aggregates-2
community:364:quarter:2026-04-01:median_rent_per_sqft:all:all,community,364,Al Wasl,,quarter,2026-04-01,2026-06-30,median_rent_per_sqft,all,all,1251.62,333,higher,[],2026-09-08,dlx-aggregates-2
community:364:quarter:2026-07-01:median_rent_per_sqft:all:all,community,364,Al Wasl,,quarter,2026-07-01,2026-09-30,median_rent_per_sqft,all,all,1277.9,298,higher,[],2026-09-08,dlx-aggregates-2
community:365:quarter:2019-01-01:median_rent_per_sqft:all:all,community,365,Al Hudaiba,,quarter,2019-01-01,2019-03-31,median_rent_per_sqft,all,all,597.99,377,higher,[],2026-09-08,dlx-aggregates-2
community:365:quarter:2019-04-01:median_rent_per_sqft:all:all,community,365,Al Hudaiba,,quarter,2019-04-01,2019-06-30,median_rent_per_sqft,all,all,603.89,173,moderate,[],2026-09-08,dlx-aggregates-2
community:365:quarter:2019-07-01:median_rent_per_sqft:all:all,community,365,Al Hudaiba,,quarter,2019-07-01,2019-09-30,median_rent_per_sqft,all,all,566.04,248,higher,[],2026-09-08,dlx-aggregates-2
community:365:quarter:2019-10-01:median_rent_per_sqft:all:all,community,365,Al Hudaiba,,quarter,2019-10-01,2019-12-31,median_rent_per_sqft,all,all,566.36,200,higher,[],2026-09-08,dlx-aggregates-2
community:365:quarter:2020-01-01:median_rent_per_sqft:all:all,community,365,Al Hudaiba,,quarter,2020-01-01,2020-03-31,median_rent_per_sqft,all,all,575.95,364,higher,[],2026-09-08,dlx-aggregates-2
community:365:quarter:2020-04-01:median_rent_per_sqft:all:all,community,365,Al Hudaiba,,quarter,2020-04-01,2020-06-30,median_rent_per_sqft,all,all,533.38,176,moderate,[],2026-09-08,dlx-aggregates-2
community:365:quarter:2020-07-01:median_rent_per_sqft:all:all,community,365,Al Hudaiba,,quarter,2020-07-01,2020-09-30,median_rent_per_sqft,all,all,527.62,214,higher,[],2026-09-08,dlx-aggregates-2
community:365:quarter:2020-10-01:median_rent_per_sqft:all:all,community,365,Al Hudaiba,,quarter,2020-10-01,2020-12-31,median_rent_per_sqft,all,all,496.79,179,moderate,[],2026-09-08,dlx-aggregates-2
community:365:quarter:2021-01-01:median_rent_per_sqft:all:all,community,365,Al Hudaiba,,quarter,2021-01-01,2021-03-31,median_rent_per_sqft,all,all,503.6,324,higher,[],2026-09-08,dlx-aggregates-2
community:365:quarter:2021-04-01:median_rent_per_sqft:all:all,community,365,Al Hudaiba,,quarter,2021-04-01,2021-06-30,median_rent_per_sqft,all,all,492.69,172,moderate,[],2026-09-08,dlx-aggregates-2
community:365:quarter:2021-07-01:median_rent_per_sqft:all:all,community,365,Al Hudaiba,,quarter,2021-07-01,2021-09-30,median_rent_per_sqft,all,all,486.92,183,moderate,[],2026-09-08,dlx-aggregates-2
community:365:quarter:2021-10-01:median_rent_per_sqft:all:all,community,365,Al Hudaiba,,quarter,2021-10-01,2021-12-31,median_rent_per_sqft,all,all,484.8,179,moderate,[],2026-09-08,dlx-aggregates-2
community:365:quarter:2022-01-01:median_rent_per_sqft:all:all,community,365,Al Hudaiba,,quarter,2022-01-01,2022-03-31,median_rent_per_sqft,all,all,493.45,427,higher,[],2026-09-08,dlx-aggregates-2
community:365:quarter:2022-04-01:median_rent_per_sqft:all:all,community,365,Al Hudaiba,,quarter,2022-04-01,2022-06-30,median_rent_per_sqft,all,all,503.74,289,higher,[],2026-09-08,dlx-aggregates-2
community:365:quarter:2022-07-01:median_rent_per_sqft:all:all,community,365,Al Hudaiba,,quarter,2022-07-01,2022-09-30,median_rent_per_sqft,all,all,502.32,273,higher,[],2026-09-08,dlx-aggregates-2
community:365:quarter:2022-10-01:median_rent_per_sqft:all:all,community,365,Al Hudaiba,,quarter,2022-10-01,2022-12-31,median_rent_per_sqft,all,all,503.8,231,higher,[],2026-09-08,dlx-aggregates-2
community:365:quarter:2023-01-01:median_rent_per_sqft:all:all,community,365,Al Hudaiba,,quarter,2023-01-01,2023-03-31,median_rent_per_sqft,all,all,497.72,534,higher,[],2026-09-08,dlx-aggregates-2
community:365:quarter:2023-04-01:median_rent_per_sqft:all:all,community,365,Al Hudaiba,,quarter,2023-04-01,2023-06-30,median_rent_per_sqft,all,all,511.32,350,higher,[],2026-09-08,dlx-aggregates-2
community:365:quarter:2023-07-01:median_rent_per_sqft:all:all,community,365,Al Hudaiba,,quarter,2023-07-01,2023-09-30,median_rent_per_sqft,all,all,508.49,281,higher,[],2026-09-08,dlx-aggregates-2
community:365:quarter:2023-10-01:median_rent_per_sqft:all:all,community,365,Al Hudaiba,,quarter,2023-10-01,2023-12-31,median_rent_per_sqft,all,all,512.1,239,higher,[],2026-09-08,dlx-aggregates-2
community:365:quarter:2024-01-01:median_rent_per_sqft:all:all,community,365,Al Hudaiba,,quarter,2024-01-01,2024-03-31,median_rent_per_sqft,all,all,539.69,553,higher,[],2026-09-08,dlx-aggregates-2
community:365:quarter:2024-04-01:median_rent_per_sqft:all:all,community,365,Al Hudaiba,,quarter,2024-04-01,2024-06-30,median_rent_per_sqft,all,all,539.69,345,higher,[],2026-09-08,dlx-aggregates-2
community:365:quarter:2024-07-01:median_rent_per_sqft:all:all,community,365,Al Hudaiba,,quarter,2024-07-01,2024-09-30,median_rent_per_sqft,all,all,538.21,315,higher,[],2026-09-08,dlx-aggregates-2
community:365:quarter:2024-10-01:median_rent_per_sqft:all:all,community,365,Al Hudaiba,,quarter,2024-10-01,2024-12-31,median_rent_per_sqft,all,all,531.43,235,higher,[],2026-09-08,dlx-aggregates-2
community:365:quarter:2025-01-01:median_rent_per_sqft:all:all,community,365,Al Hudaiba,,quarter,2025-01-01,2025-03-31,median_rent_per_sqft,all,all,549.53,514,higher,[],2026-09-08,dlx-aggregates-2
community:365:quarter:2025-04-01:median_rent_per_sqft:all:all,community,365,Al Hudaiba,,quarter,2025-04-01,2025-06-30,median_rent_per_sqft,all,all,549.02,330,higher,[],2026-09-08,dlx-aggregates-2
community:365:quarter:2025-07-01:median_rent_per_sqft:all:all,community,365,Al Hudaiba,,quarter,2025-07-01,2025-09-30,median_rent_per_sqft,all,all,550.81,294,higher,[],2026-09-08,dlx-aggregates-2
community:365:quarter:2025-10-01:median_rent_per_sqft:all:all,community,365,Al Hudaiba,,quarter,2025-10-01,2025-12-31,median_rent_per_sqft,all,all,536.5,234,higher,[],2026-09-08,dlx-aggregates-2
community:365:quarter:2026-01-01:median_rent_per_sqft:all:all,community,365,Al Hudaiba,,quarter,2026-01-01,2026-03-31,median_rent_per_sqft,all,all,574.23,486,higher,[],2026-09-08,dlx-aggregates-2
community:365:quarter:2026-04-01:median_rent_per_sqft:all:all,community,365,Al Hudaiba,,quarter,2026-04-01,2026-06-30,median_rent_per_sqft,all,all,574.38,287,higher,[],2026-09-08,dlx-aggregates-2
community:365:quarter:2026-07-01:median_rent_per_sqft:all:all,community,365,Al Hudaiba,,quarter,2026-07-01,2026-09-30,median_rent_per_sqft,all,all,577.48,199,moderate,[],2026-09-08,dlx-aggregates-2
community:366:quarter:2021-04-01:median_rent_per_sqft:all:all,community,366,Al Kifaf,,quarter,2021-04-01,2021-06-30,median_rent_per_sqft,all,all,593.22,52,moderate,[],2026-09-08,dlx-aggregates-2
community:366:quarter:2021-07-01:median_rent_per_sqft:all:all,community,366,Al Kifaf,,quarter,2021-07-01,2021-09-30,median_rent_per_sqft,all,all,629.96,47,moderate,[],2026-09-08,dlx-aggregates-2
community:366:quarter:2021-10-01:median_rent_per_sqft:all:all,community,366,Al Kifaf,,quarter,2021-10-01,2021-12-31,median_rent_per_sqft,all,all,699.35,37,moderate,[],2026-09-08,dlx-aggregates-2
community:366:quarter:2022-04-01:median_rent_per_sqft:all:all,community,366,Al Kifaf,,quarter,2022-04-01,2022-06-30,median_rent_per_sqft,all,all,666.71,57,moderate,[],2026-09-08,dlx-aggregates-2
community:366:quarter:2022-07-01:median_rent_per_sqft:all:all,community,366,Al Kifaf,,quarter,2022-07-01,2022-09-30,median_rent_per_sqft,all,all,764.69,71,moderate,[],2026-09-08,dlx-aggregates-2
community:366:quarter:2022-10-01:median_rent_per_sqft:all:all,community,366,Al Kifaf,,quarter,2022-10-01,2022-12-31,median_rent_per_sqft,all,all,790.75,58,moderate,[],2026-09-08,dlx-aggregates-2
community:366:quarter:2023-01-01:median_rent_per_sqft:all:all,community,366,Al Kifaf,,quarter,2023-01-01,2023-03-31,median_rent_per_sqft,all,all,956.81,50,moderate,[],2026-09-08,dlx-aggregates-2
community:366:quarter:2023-04-01:median_rent_per_sqft:all:all,community,366,Al Kifaf,,quarter,2023-04-01,2023-06-30,median_rent_per_sqft,all,all,877.19,102,moderate,[],2026-09-08,dlx-aggregates-2
community:366:quarter:2023-07-01:median_rent_per_sqft:all:all,community,366,Al Kifaf,,quarter,2023-07-01,2023-09-30,median_rent_per_sqft,all,all,989.77,129,moderate,[],2026-09-08,dlx-aggregates-2
community:366:quarter:2023-10-01:median_rent_per_sqft:all:all,community,366,Al Kifaf,,quarter,2023-10-01,2023-12-31,median_rent_per_sqft,all,all,1003.3,99,moderate,[],2026-09-08,dlx-aggregates-2
community:366:quarter:2024-01-01:median_rent_per_sqft:all:all,community,366,Al Kifaf,,quarter,2024-01-01,2024-03-31,median_rent_per_sqft,all,all,1060.55,71,moderate,[],2026-09-08,dlx-aggregates-2
community:366:quarter:2024-04-01:median_rent_per_sqft:all:all,community,366,Al Kifaf,,quarter,2024-04-01,2024-06-30,median_rent_per_sqft,all,all,1036.79,81,moderate,[],2026-09-08,dlx-aggregates-2
community:366:quarter:2024-07-01:median_rent_per_sqft:all:all,community,366,Al Kifaf,,quarter,2024-07-01,2024-09-30,median_rent_per_sqft,all,all,1096.88,126,moderate,[],2026-09-08,dlx-aggregates-2
community:366:quarter:2024-10-01:median_rent_per_sqft:all:all,community,366,Al Kifaf,,quarter,2024-10-01,2024-12-31,median_rent_per_sqft,all,all,1074.96,99,moderate,[],2026-09-08,dlx-aggregates-2
community:366:quarter:2025-01-01:median_rent_per_sqft:all:all,community,366,Al Kifaf,,quarter,2025-01-01,2025-03-31,median_rent_per_sqft,all,all,1083.03,75,moderate,[],2026-09-08,dlx-aggregates-2
community:366:quarter:2025-04-01:median_rent_per_sqft:all:all,community,366,Al Kifaf,,quarter,2025-04-01,2025-06-30,median_rent_per_sqft,all,all,1098.66,96,moderate,[],2026-09-08,dlx-aggregates-2
community:366:quarter:2025-07-01:median_rent_per_sqft:all:all,community,366,Al Kifaf,,quarter,2025-07-01,2025-09-30,median_rent_per_sqft,all,all,1146.13,136,moderate,[],2026-09-08,dlx-aggregates-2
community:366:quarter:2025-10-01:median_rent_per_sqft:all:all,community,366,Al Kifaf,,quarter,2025-10-01,2025-12-31,median_rent_per_sqft,all,all,1132.62,104,moderate,[],2026-09-08,dlx-aggregates-2
community:366:quarter:2026-01-01:median_rent_per_sqft:all:all,community,366,Al Kifaf,,quarter,2026-01-01,2026-03-31,median_rent_per_sqft,all,all,1099.64,75,moderate,[],2026-09-08,dlx-aggregates-2
community:366:quarter:2026-04-01:median_rent_per_sqft:all:all,community,366,Al Kifaf,,quarter,2026-04-01,2026-06-30,median_rent_per_sqft,all,all,1071.35,83,moderate,[],2026-09-08,dlx-aggregates-2
community:366:quarter:2026-07-01:median_rent_per_sqft:all:all,community,366,Al Kifaf,,quarter,2026-07-01,2026-09-30,median_rent_per_sqft,all,all,1054.0,94,moderate,[],2026-09-08,dlx-aggregates-2
community:367:quarter:2019-01-01:median_rent_per_sqft:all:all,community,367,Al Suq Al Kabeer,,quarter,2019-01-01,2019-03-31,median_rent_per_sqft,all,all,534.31,684,higher,[],2026-09-08,dlx-aggregates-2
community:367:quarter:2019-04-01:median_rent_per_sqft:all:all,community,367,Al Suq Al Kabeer,,quarter,2019-04-01,2019-06-30,median_rent_per_sqft,all,all,501.69,291,higher,[],2026-09-08,dlx-aggregates-2
community:367:quarter:2019-07-01:median_rent_per_sqft:all:all,community,367,Al Suq Al Kabeer,,quarter,2019-07-01,2019-09-30,median_rent_per_sqft,all,all,538.11,255,higher,[],2026-09-08,dlx-aggregates-2
community:367:quarter:2019-10-01:median_rent_per_sqft:all:all,community,367,Al Suq Al Kabeer,,quarter,2019-10-01,2019-12-31,median_rent_per_sqft,all,all,473.84,257,higher,[],2026-09-08,dlx-aggregates-2
community:367:quarter:2020-01-01:median_rent_per_sqft:all:all,community,367,Al Suq Al Kabeer,,quarter,2020-01-01,2020-03-31,median_rent_per_sqft,all,all,505.04,670,higher,[],2026-09-08,dlx-aggregates-2
community:367:quarter:2020-04-01:median_rent_per_sqft:all:all,community,367,Al Suq Al Kabeer,,quarter,2020-04-01,2020-06-30,median_rent_per_sqft,all,all,474.65,238,higher,[],2026-09-08,dlx-aggregates-2
community:367:quarter:2020-07-01:median_rent_per_sqft:all:all,community,367,Al Suq Al Kabeer,,quarter,2020-07-01,2020-09-30,median_rent_per_sqft,all,all,470.0,231,higher,[],2026-09-08,dlx-aggregates-2
community:367:quarter:2020-10-01:median_rent_per_sqft:all:all,community,367,Al Suq Al Kabeer,,quarter,2020-10-01,2020-12-31,median_rent_per_sqft,all,all,442.91,232,higher,[],2026-09-08,dlx-aggregates-2
community:367:quarter:2021-01-01:median_rent_per_sqft:all:all,community,367,Al Suq Al Kabeer,,quarter,2021-01-01,2021-03-31,median_rent_per_sqft,all,all,460.45,608,higher,[],2026-09-08,dlx-aggregates-2
community:367:quarter:2021-04-01:median_rent_per_sqft:all:all,community,367,Al Suq Al Kabeer,,quarter,2021-04-01,2021-06-30,median_rent_per_sqft,all,all,410.85,253,higher,[],2026-09-08,dlx-aggregates-2
community:367:quarter:2021-07-01:median_rent_per_sqft:all:all,community,367,Al Suq Al Kabeer,,quarter,2021-07-01,2021-09-30,median_rent_per_sqft,all,all,459.18,204,higher,[],2026-09-08,dlx-aggregates-2
community:367:quarter:2021-10-01:median_rent_per_sqft:all:all,community,367,Al Suq Al Kabeer,,quarter,2021-10-01,2021-12-31,median_rent_per_sqft,all,all,425.01,293,higher,[],2026-09-08,dlx-aggregates-2
community:367:quarter:2022-01-01:median_rent_per_sqft:all:all,community,367,Al Suq Al Kabeer,,quarter,2022-01-01,2022-03-31,median_rent_per_sqft,all,all,443.57,661,higher,[],2026-09-08,dlx-aggregates-2
community:367:quarter:2022-04-01:median_rent_per_sqft:all:all,community,367,Al Suq Al Kabeer,,quarter,2022-04-01,2022-06-30,median_rent_per_sqft,all,all,452.17,347,higher,[],2026-09-08,dlx-aggregates-2
community:367:quarter:2022-07-01:median_rent_per_sqft:all:all,community,367,Al Suq Al Kabeer,,quarter,2022-07-01,2022-09-30,median_rent_per_sqft,all,all,479.09,275,higher,[],2026-09-08,dlx-aggregates-2
community:367:quarter:2022-10-01:median_rent_per_sqft:all:all,community,367,Al Suq Al Kabeer,,quarter,2022-10-01,2022-12-31,median_rent_per_sqft,all,all,478.24,365,higher,[],2026-09-08,dlx-aggregates-2
community:367:quarter:2023-01-01:median_rent_per_sqft:all:all,community,367,Al Suq Al Kabeer,,quarter,2023-01-01,2023-03-31,median_rent_per_sqft,all,all,473.65,616,higher,[],2026-09-08,dlx-aggregates-2
community:367:quarter:2023-04-01:median_rent_per_sqft:all:all,community,367,Al Suq Al Kabeer,,quarter,2023-04-01,2023-06-30,median_rent_per_sqft,all,all,443.35,387,higher,[],2026-09-08,dlx-aggregates-2
community:367:quarter:2023-07-01:median_rent_per_sqft:all:all,community,367,Al Suq Al Kabeer,,quarter,2023-07-01,2023-09-30,median_rent_per_sqft,all,all,489.77,265,higher,[],2026-09-08,dlx-aggregates-2
community:367:quarter:2023-10-01:median_rent_per_sqft:all:all,community,367,Al Suq Al Kabeer,,quarter,2023-10-01,2023-12-31,median_rent_per_sqft,all,all,466.95,406,higher,[],2026-09-08,dlx-aggregates-2
community:367:quarter:2024-01-01:median_rent_per_sqft:all:all,community,367,Al Suq Al Kabeer,,quarter,2024-01-01,2024-03-31,median_rent_per_sqft,all,all,491.61,616,higher,[],2026-09-08,dlx-aggregates-2
community:367:quarter:2024-04-01:median_rent_per_sqft:all:all,community,367,Al Suq Al Kabeer,,quarter,2024-04-01,2024-06-30,median_rent_per_sqft,all,all,512.57,360,higher,[],2026-09-08,dlx-aggregates-2
community:367:quarter:2024-07-01:median_rent_per_sqft:all:all,community,367,Al Suq Al Kabeer,,quarter,2024-07-01,2024-09-30,median_rent_per_sqft,all,all,524.59,275,higher,[],2026-09-08,dlx-aggregates-2
community:367:quarter:2024-10-01:median_rent_per_sqft:all:all,community,367,Al Suq Al Kabeer,,quarter,2024-10-01,2024-12-31,median_rent_per_sqft,all,all,492.0,362,higher,[],2026-09-08,dlx-aggregates-2
community:367:quarter:2025-01-01:median_rent_per_sqft:all:all,community,367,Al Suq Al Kabeer,,quarter,2025-01-01,2025-03-31,median_rent_per_sqft,all,all,521.36,602,higher,[],2026-09-08,dlx-aggregates-2
community:367:quarter:2025-04-01:median_rent_per_sqft:all:all,community,367,Al Suq Al Kabeer,,quarter,2025-04-01,2025-06-30,median_rent_per_sqft,all,all,550.0,375,higher,[],2026-09-08,dlx-aggregates-2
community:367:quarter:2025-07-01:median_rent_per_sqft:all:all,community,367,Al Suq Al Kabeer,,quarter,2025-07-01,2025-09-30,median_rent_per_sqft,all,all,537.1,294,higher,[],2026-09-08,dlx-aggregates-2
community:367:quarter:2025-10-01:median_rent_per_sqft:all:all,community,367,Al Suq Al Kabeer,,quarter,2025-10-01,2025-12-31,median_rent_per_sqft,all,all,533.7,356,higher,[],2026-09-08,dlx-aggregates-2
community:367:quarter:2026-01-01:median_rent_per_sqft:all:all,community,367,Al Suq Al Kabeer,,quarter,2026-01-01,2026-03-31,median_rent_per_sqft,all,all,540.99,566,higher,[],2026-09-08,dlx-aggregates-2
community:367:quarter:2026-04-01:median_rent_per_sqft:all:all,community,367,Al Suq Al Kabeer,,quarter,2026-04-01,2026-06-30,median_rent_per_sqft,all,all,543.13,265,higher,[],2026-09-08,dlx-aggregates-2
community:367:quarter:2026-07-01:median_rent_per_sqft:all:all,community,367,Al Suq Al Kabeer,,quarter,2026-07-01,2026-09-30,median_rent_per_sqft,all,all,547.18,215,higher,[],2026-09-08,dlx-aggregates-2
community:368:quarter:2019-01-01:median_rent_per_sqft:all:all,community,368,Al Barsha First,,quarter,2019-01-01,2019-03-31,median_rent_per_sqft,all,all,666.51,1210,higher,[],2026-09-08,dlx-aggregates-2
community:368:quarter:2019-04-01:median_rent_per_sqft:all:all,community,368,Al Barsha First,,quarter,2019-04-01,2019-06-30,median_rent_per_sqft,all,all,604.79,1113,higher,[],2026-09-08,dlx-aggregates-2
community:368:quarter:2019-07-01:median_rent_per_sqft:all:all,community,368,Al Barsha First,,quarter,2019-07-01,2019-09-30,median_rent_per_sqft,all,all,617.57,1224,higher,[],2026-09-08,dlx-aggregates-2
community:368:quarter:2019-10-01:median_rent_per_sqft:all:all,community,368,Al Barsha First,,quarter,2019-10-01,2019-12-31,median_rent_per_sqft,all,all,617.1,1140,higher,[],2026-09-08,dlx-aggregates-2
community:368:quarter:2020-01-01:median_rent_per_sqft:all:all,community,368,Al Barsha First,,quarter,2020-01-01,2020-03-31,median_rent_per_sqft,all,all,603.2,1163,higher,[],2026-09-08,dlx-aggregates-2
community:368:quarter:2020-04-01:median_rent_per_sqft:all:all,community,368,Al Barsha First,,quarter,2020-04-01,2020-06-30,median_rent_per_sqft,all,all,568.11,872,higher,[],2026-09-08,dlx-aggregates-2
community:368:quarter:2020-07-01:median_rent_per_sqft:all:all,community,368,Al Barsha First,,quarter,2020-07-01,2020-09-30,median_rent_per_sqft,all,all,553.8,1296,higher,[],2026-09-08,dlx-aggregates-2
community:368:quarter:2020-10-01:median_rent_per_sqft:all:all,community,368,Al Barsha First,,quarter,2020-10-01,2020-12-31,median_rent_per_sqft,all,all,527.03,1295,higher,[],2026-09-08,dlx-aggregates-2
community:368:quarter:2021-01-01:median_rent_per_sqft:all:all,community,368,Al Barsha First,,quarter,2021-01-01,2021-03-31,median_rent_per_sqft,all,all,529.06,1414,higher,[],2026-09-08,dlx-aggregates-2
community:368:quarter:2021-04-01:median_rent_per_sqft:all:all,community,368,Al Barsha First,,quarter,2021-04-01,2021-06-30,median_rent_per_sqft,all,all,496.68,1155,higher,[],2026-09-08,dlx-aggregates-2
community:368:quarter:2021-07-01:median_rent_per_sqft:all:all,community,368,Al Barsha First,,quarter,2021-07-01,2021-09-30,median_rent_per_sqft,all,all,510.02,1612,higher,[],2026-09-08,dlx-aggregates-2
community:368:quarter:2021-10-01:median_rent_per_sqft:all:all,community,368,Al Barsha First,,quarter,2021-10-01,2021-12-31,median_rent_per_sqft,all,all,506.83,1736,higher,[],2026-09-08,dlx-aggregates-2
community:368:quarter:2022-01-01:median_rent_per_sqft:all:all,community,368,Al Barsha First,,quarter,2022-01-01,2022-03-31,median_rent_per_sqft,all,all,521.33,1556,higher,[],2026-09-08,dlx-aggregates-2
community:368:quarter:2022-04-01:median_rent_per_sqft:all:all,community,368,Al Barsha First,,quarter,2022-04-01,2022-06-30,median_rent_per_sqft,all,all,524.89,1337,higher,[],2026-09-08,dlx-aggregates-2
community:368:quarter:2022-07-01:median_rent_per_sqft:all:all,community,368,Al Barsha First,,quarter,2022-07-01,2022-09-30,median_rent_per_sqft,all,all,539.22,1729,higher,[],2026-09-08,dlx-aggregates-2
community:368:quarter:2022-10-01:median_rent_per_sqft:all:all,community,368,Al Barsha First,,quarter,2022-10-01,2022-12-31,median_rent_per_sqft,all,all,549.22,1696,higher,[],2026-09-08,dlx-aggregates-2
community:368:quarter:2023-01-01:median_rent_per_sqft:all:all,community,368,Al Barsha First,,quarter,2023-01-01,2023-03-31,median_rent_per_sqft,all,all,556.52,1589,higher,[],2026-09-08,dlx-aggregates-2
community:368:quarter:2023-04-01:median_rent_per_sqft:all:all,community,368,Al Barsha First,,quarter,2023-04-01,2023-06-30,median_rent_per_sqft,all,all,577.63,1437,higher,[],2026-09-08,dlx-aggregates-2
community:368:quarter:2023-07-01:median_rent_per_sqft:all:all,community,368,Al Barsha First,,quarter,2023-07-01,2023-09-30,median_rent_per_sqft,all,all,592.26,1901,higher,[],2026-09-08,dlx-aggregates-2
community:368:quarter:2023-10-01:median_rent_per_sqft:all:all,community,368,Al Barsha First,,quarter,2023-10-01,2023-12-31,median_rent_per_sqft,all,all,600.03,1696,higher,[],2026-09-08,dlx-aggregates-2
community:368:quarter:2024-01-01:median_rent_per_sqft:all:all,community,368,Al Barsha First,,quarter,2024-01-01,2024-03-31,median_rent_per_sqft,all,all,604.88,1608,higher,[],2026-09-08,dlx-aggregates-2
community:368:quarter:2024-04-01:median_rent_per_sqft:all:all,community,368,Al Barsha First,,quarter,2024-04-01,2024-06-30,median_rent_per_sqft,all,all,634.84,1529,higher,[],2026-09-08,dlx-aggregates-2
community:368:quarter:2024-07-01:median_rent_per_sqft:all:all,community,368,Al Barsha First,,quarter,2024-07-01,2024-09-30,median_rent_per_sqft,all,all,655.1,2005,higher,[],2026-09-08,dlx-aggregates-2
community:368:quarter:2024-10-01:median_rent_per_sqft:all:all,community,368,Al Barsha First,,quarter,2024-10-01,2024-12-31,median_rent_per_sqft,all,all,666.27,1744,higher,[],2026-09-08,dlx-aggregates-2
community:368:quarter:2025-01-01:median_rent_per_sqft:all:all,community,368,Al Barsha First,,quarter,2025-01-01,2025-03-31,median_rent_per_sqft,all,all,655.74,1562,higher,[],2026-09-08,dlx-aggregates-2
community:368:quarter:2025-04-01:median_rent_per_sqft:all:all,community,368,Al Barsha First,,quarter,2025-04-01,2025-06-30,median_rent_per_sqft,all,all,677.98,1570,higher,[],2026-09-08,dlx-aggregates-2
community:368:quarter:2025-07-01:median_rent_per_sqft:all:all,community,368,Al Barsha First,,quarter,2025-07-01,2025-09-30,median_rent_per_sqft,all,all,672.22,1903,higher,[],2026-09-08,dlx-aggregates-2
community:368:quarter:2025-10-01:median_rent_per_sqft:all:all,community,368,Al Barsha First,,quarter,2025-10-01,2025-12-31,median_rent_per_sqft,all,all,694.5,1767,higher,[],2026-09-08,dlx-aggregates-2
community:368:quarter:2026-01-01:median_rent_per_sqft:all:all,community,368,Al Barsha First,,quarter,2026-01-01,2026-03-31,median_rent_per_sqft,all,all,684.24,1533,higher,[],2026-09-08,dlx-aggregates-2
community:368:quarter:2026-04-01:median_rent_per_sqft:all:all,community,368,Al Barsha First,,quarter,2026-04-01,2026-06-30,median_rent_per_sqft,all,all,676.66,1357,higher,[],2026-09-08,dlx-aggregates-2
community:368:quarter:2026-07-01:median_rent_per_sqft:all:all,community,368,Al Barsha First,,quarter,2026-07-01,2026-09-30,median_rent_per_sqft,all,all,684.22,1198,higher,[],2026-09-08,dlx-aggregates-2
community:368:quarter:2026-10-01:median_rent_per_sqft:all:all,community,368,Al Barsha First,,quarter,2026-10-01,2026-12-31,median_rent_per_sqft,all,all,827.41,51,moderate,[],2026-09-08,dlx-aggregates-2
community:369:quarter:2019-01-01:median_rent_per_sqft:all:all,community,369,Al Barsha Third,,quarter,2019-01-01,2019-03-31,median_rent_per_sqft,all,all,200.47,52,moderate,[],2026-09-08,dlx-aggregates-2
community:369:quarter:2019-04-01:median_rent_per_sqft:all:all,community,369,Al Barsha Third,,quarter,2019-04-01,2019-06-30,median_rent_per_sqft,all,all,179.46,41,moderate,[],2026-09-08,dlx-aggregates-2
community:369:quarter:2019-07-01:median_rent_per_sqft:all:all,community,369,Al Barsha Third,,quarter,2019-07-01,2019-09-30,median_rent_per_sqft,all,all,161.46,47,moderate,[],2026-09-08,dlx-aggregates-2
community:369:quarter:2019-10-01:median_rent_per_sqft:all:all,community,369,Al Barsha Third,,quarter,2019-10-01,2019-12-31,median_rent_per_sqft,all,all,206.31,39,moderate,[],2026-09-08,dlx-aggregates-2
community:369:quarter:2020-01-01:median_rent_per_sqft:all:all,community,369,Al Barsha Third,,quarter,2020-01-01,2020-03-31,median_rent_per_sqft,all,all,201.15,49,moderate,[],2026-09-08,dlx-aggregates-2
community:369:quarter:2020-04-01:median_rent_per_sqft:all:all,community,369,Al Barsha Third,,quarter,2020-04-01,2020-06-30,median_rent_per_sqft,all,all,168.83,45,moderate,[],2026-09-08,dlx-aggregates-2
community:369:quarter:2020-07-01:median_rent_per_sqft:all:all,community,369,Al Barsha Third,,quarter,2020-07-01,2020-09-30,median_rent_per_sqft,all,all,158.77,42,moderate,[],2026-09-08,dlx-aggregates-2
community:369:quarter:2020-10-01:median_rent_per_sqft:all:all,community,369,Al Barsha Third,,quarter,2020-10-01,2020-12-31,median_rent_per_sqft,all,all,156.79,60,moderate,[],2026-09-08,dlx-aggregates-2
community:369:quarter:2021-01-01:median_rent_per_sqft:all:all,community,369,Al Barsha Third,,quarter,2021-01-01,2021-03-31,median_rent_per_sqft,all,all,210.0,73,moderate,[],2026-09-08,dlx-aggregates-2
community:369:quarter:2021-04-01:median_rent_per_sqft:all:all,community,369,Al Barsha Third,,quarter,2021-04-01,2021-06-30,median_rent_per_sqft,all,all,182.42,57,moderate,[],2026-09-08,dlx-aggregates-2
community:369:quarter:2021-07-01:median_rent_per_sqft:all:all,community,369,Al Barsha Third,,quarter,2021-07-01,2021-09-30,median_rent_per_sqft,all,all,172.88,48,moderate,[],2026-09-08,dlx-aggregates-2
community:369:quarter:2021-10-01:median_rent_per_sqft:all:all,community,369,Al Barsha Third,,quarter,2021-10-01,2021-12-31,median_rent_per_sqft,all,all,166.85,58,moderate,[],2026-09-08,dlx-aggregates-2
community:369:quarter:2022-01-01:median_rent_per_sqft:all:all,community,369,Al Barsha Third,,quarter,2022-01-01,2022-03-31,median_rent_per_sqft,all,all,220.0,61,moderate,[],2026-09-08,dlx-aggregates-2
community:369:quarter:2022-04-01:median_rent_per_sqft:all:all,community,369,Al Barsha Third,,quarter,2022-04-01,2022-06-30,median_rent_per_sqft,all,all,180.75,52,moderate,[],2026-09-08,dlx-aggregates-2
community:369:quarter:2022-07-01:median_rent_per_sqft:all:all,community,369,Al Barsha Third,,quarter,2022-07-01,2022-09-30,median_rent_per_sqft,all,all,195.12,61,moderate,[],2026-09-08,dlx-aggregates-2
community:369:quarter:2022-10-01:median_rent_per_sqft:all:all,community,369,Al Barsha Third,,quarter,2022-10-01,2022-12-31,median_rent_per_sqft,all,all,201.01,56,moderate,[],2026-09-08,dlx-aggregates-2
community:369:quarter:2023-01-01:median_rent_per_sqft:all:all,community,369,Al Barsha Third,,quarter,2023-01-01,2023-03-31,median_rent_per_sqft,all,all,235.78,58,moderate,[],2026-09-08,dlx-aggregates-2
community:369:quarter:2023-04-01:median_rent_per_sqft:all:all,community,369,Al Barsha Third,,quarter,2023-04-01,2023-06-30,median_rent_per_sqft,all,all,250.54,60,moderate,[],2026-09-08,dlx-aggregates-2
community:369:quarter:2023-07-01:median_rent_per_sqft:all:all,community,369,Al Barsha Third,,quarter,2023-07-01,2023-09-30,median_rent_per_sqft,all,all,215.28,55,moderate,[],2026-09-08,dlx-aggregates-2
community:369:quarter:2023-10-01:median_rent_per_sqft:all:all,community,369,Al Barsha Third,,quarter,2023-10-01,2023-12-31,median_rent_per_sqft,all,all,286.94,57,moderate,[],2026-09-08,dlx-aggregates-2
community:369:quarter:2024-01-01:median_rent_per_sqft:all:all,community,369,Al Barsha Third,,quarter,2024-01-01,2024-03-31,median_rent_per_sqft,all,all,238.42,51,moderate,[],2026-09-08,dlx-aggregates-2
community:369:quarter:2024-04-01:median_rent_per_sqft:all:all,community,369,Al Barsha Third,,quarter,2024-04-01,2024-06-30,median_rent_per_sqft,all,all,230.28,50,moderate,[],2026-09-08,dlx-aggregates-2
community:369:quarter:2024-07-01:median_rent_per_sqft:all:all,community,369,Al Barsha Third,,quarter,2024-07-01,2024-09-30,median_rent_per_sqft,all,all,238.52,60,moderate,[],2026-09-08,dlx-aggregates-2
community:369:quarter:2024-10-01:median_rent_per_sqft:all:all,community,369,Al Barsha Third,,quarter,2024-10-01,2024-12-31,median_rent_per_sqft,all,all,247.76,60,moderate,[],2026-09-08,dlx-aggregates-2
community:369:quarter:2025-01-01:median_rent_per_sqft:all:all,community,369,Al Barsha Third,,quarter,2025-01-01,2025-03-31,median_rent_per_sqft,all,all,248.06,53,moderate,[],2026-09-08,dlx-aggregates-2
community:369:quarter:2025-04-01:median_rent_per_sqft:all:all,community,369,Al Barsha Third,,quarter,2025-04-01,2025-06-30,median_rent_per_sqft,all,all,295.91,58,moderate,[],2026-09-08,dlx-aggregates-2
community:369:quarter:2025-07-01:median_rent_per_sqft:all:all,community,369,Al Barsha Third,,quarter,2025-07-01,2025-09-30,median_rent_per_sqft,all,all,243.9,69,moderate,[],2026-09-08,dlx-aggregates-2
community:369:quarter:2025-10-01:median_rent_per_sqft:all:all,community,369,Al Barsha Third,,quarter,2025-10-01,2025-12-31,median_rent_per_sqft,all,all,286.94,69,moderate,[],2026-09-08,dlx-aggregates-2
community:369:quarter:2026-01-01:median_rent_per_sqft:all:all,community,369,Al Barsha Third,,quarter,2026-01-01,2026-03-31,median_rent_per_sqft,all,all,253.0,57,moderate,[],2026-09-08,dlx-aggregates-2
community:369:quarter:2026-04-01:median_rent_per_sqft:all:all,community,369,Al Barsha Third,,quarter,2026-04-01,2026-06-30,median_rent_per_sqft,all,all,322.92,39,moderate,[],2026-09-08,dlx-aggregates-2
community:369:quarter:2026-07-01:median_rent_per_sqft:all:all,community,369,Al Barsha Third,,quarter,2026-07-01,2026-09-30,median_rent_per_sqft,all,all,229.56,35,moderate,[],2026-09-08,dlx-aggregates-2
community:370:quarter:2019-01-01:median_rent_per_sqft:all:all,community,370,Um Suqaim Third,,quarter,2019-01-01,2019-03-31,median_rent_per_sqft,all,all,562.5,80,moderate,[],2026-09-08,dlx-aggregates-2
community:370:quarter:2019-04-01:median_rent_per_sqft:all:all,community,370,Um Suqaim Third,,quarter,2019-04-01,2019-06-30,median_rent_per_sqft,all,all,465.23,75,moderate,[],2026-09-08,dlx-aggregates-2
community:370:quarter:2019-07-01:median_rent_per_sqft:all:all,community,370,Um Suqaim Third,,quarter,2019-07-01,2019-09-30,median_rent_per_sqft,all,all,455.49,117,moderate,[],2026-09-08,dlx-aggregates-2
community:370:quarter:2019-10-01:median_rent_per_sqft:all:all,community,370,Um Suqaim Third,,quarter,2019-10-01,2019-12-31,median_rent_per_sqft,all,all,427.51,73,moderate,[],2026-09-08,dlx-aggregates-2
community:370:quarter:2020-01-01:median_rent_per_sqft:all:all,community,370,Um Suqaim Third,,quarter,2020-01-01,2020-03-31,median_rent_per_sqft,all,all,443.58,82,moderate,[],2026-09-08,dlx-aggregates-2
community:370:quarter:2020-04-01:median_rent_per_sqft:all:all,community,370,Um Suqaim Third,,quarter,2020-04-01,2020-06-30,median_rent_per_sqft,all,all,452.33,68,moderate,[],2026-09-08,dlx-aggregates-2
community:370:quarter:2020-07-01:median_rent_per_sqft:all:all,community,370,Um Suqaim Third,,quarter,2020-07-01,2020-09-30,median_rent_per_sqft,all,all,415.37,134,moderate,[],2026-09-08,dlx-aggregates-2
community:370:quarter:2020-10-01:median_rent_per_sqft:all:all,community,370,Um Suqaim Third,,quarter,2020-10-01,2020-12-31,median_rent_per_sqft,all,all,431.21,112,moderate,[],2026-09-08,dlx-aggregates-2
community:370:quarter:2021-01-01:median_rent_per_sqft:all:all,community,370,Um Suqaim Third,,quarter,2021-01-01,2021-03-31,median_rent_per_sqft,all,all,411.76,106,moderate,[],2026-09-08,dlx-aggregates-2
community:370:quarter:2021-04-01:median_rent_per_sqft:all:all,community,370,Um Suqaim Third,,quarter,2021-04-01,2021-06-30,median_rent_per_sqft,all,all,399.38,78,moderate,[],2026-09-08,dlx-aggregates-2
community:370:quarter:2021-07-01:median_rent_per_sqft:all:all,community,370,Um Suqaim Third,,quarter,2021-07-01,2021-09-30,median_rent_per_sqft,all,all,393.29,116,moderate,[],2026-09-08,dlx-aggregates-2
community:370:quarter:2021-10-01:median_rent_per_sqft:all:all,community,370,Um Suqaim Third,,quarter,2021-10-01,2021-12-31,median_rent_per_sqft,all,all,469.88,105,moderate,[],2026-09-08,dlx-aggregates-2
community:370:quarter:2022-01-01:median_rent_per_sqft:all:all,community,370,Um Suqaim Third,,quarter,2022-01-01,2022-03-31,median_rent_per_sqft,all,all,442.78,112,moderate,[],2026-09-08,dlx-aggregates-2
community:370:quarter:2022-04-01:median_rent_per_sqft:all:all,community,370,Um Suqaim Third,,quarter,2022-04-01,2022-06-30,median_rent_per_sqft,all,all,456.25,92,moderate,[],2026-09-08,dlx-aggregates-2
community:370:quarter:2022-07-01:median_rent_per_sqft:all:all,community,370,Um Suqaim Third,,quarter,2022-07-01,2022-09-30,median_rent_per_sqft,all,all,441.0,139,moderate,[],2026-09-08,dlx-aggregates-2
community:370:quarter:2022-10-01:median_rent_per_sqft:all:all,community,370,Um Suqaim Third,,quarter,2022-10-01,2022-12-31,median_rent_per_sqft,all,all,498.44,107,moderate,[],2026-09-08,dlx-aggregates-2
community:370:quarter:2023-01-01:median_rent_per_sqft:all:all,community,370,Um Suqaim Third,,quarter,2023-01-01,2023-03-31,median_rent_per_sqft,all,all,497.45,117,moderate,[],2026-09-08,dlx-aggregates-2
community:370:quarter:2023-04-01:median_rent_per_sqft:all:all,community,370,Um Suqaim Third,,quarter,2023-04-01,2023-06-30,median_rent_per_sqft,all,all,579.34,94,moderate,[],2026-09-08,dlx-aggregates-2
community:370:quarter:2023-07-01:median_rent_per_sqft:all:all,community,370,Um Suqaim Third,,quarter,2023-07-01,2023-09-30,median_rent_per_sqft,all,all,557.4,160,moderate,[],2026-09-08,dlx-aggregates-2
community:370:quarter:2023-10-01:median_rent_per_sqft:all:all,community,370,Um Suqaim Third,,quarter,2023-10-01,2023-12-31,median_rent_per_sqft,all,all,643.08,142,moderate,[],2026-09-08,dlx-aggregates-2
community:370:quarter:2024-01-01:median_rent_per_sqft:all:all,community,370,Um Suqaim Third,,quarter,2024-01-01,2024-03-31,median_rent_per_sqft,all,all,612.08,150,moderate,[],2026-09-08,dlx-aggregates-2
community:370:quarter:2024-04-01:median_rent_per_sqft:all:all,community,370,Um Suqaim Third,,quarter,2024-04-01,2024-06-30,median_rent_per_sqft,all,all,624.21,114,moderate,[],2026-09-08,dlx-aggregates-2
community:370:quarter:2024-07-01:median_rent_per_sqft:all:all,community,370,Um Suqaim Third,,quarter,2024-07-01,2024-09-30,median_rent_per_sqft,all,all,645.41,175,moderate,[],2026-09-08,dlx-aggregates-2
community:370:quarter:2024-10-01:median_rent_per_sqft:all:all,community,370,Um Suqaim Third,,quarter,2024-10-01,2024-12-31,median_rent_per_sqft,all,all,750.0,160,moderate,[],2026-09-08,dlx-aggregates-2
community:370:quarter:2025-01-01:median_rent_per_sqft:all:all,community,370,Um Suqaim Third,,quarter,2025-01-01,2025-03-31,median_rent_per_sqft,all,all,736.96,154,moderate,[],2026-09-08,dlx-aggregates-2
community:370:quarter:2025-04-01:median_rent_per_sqft:all:all,community,370,Um Suqaim Third,,quarter,2025-04-01,2025-06-30,median_rent_per_sqft,all,all,859.62,140,moderate,[],2026-09-08,dlx-aggregates-2
community:370:quarter:2025-07-01:median_rent_per_sqft:all:all,community,370,Um Suqaim Third,,quarter,2025-07-01,2025-09-30,median_rent_per_sqft,all,all,829.08,185,moderate,[],2026-09-08,dlx-aggregates-2
community:370:quarter:2025-10-01:median_rent_per_sqft:all:all,community,370,Um Suqaim Third,,quarter,2025-10-01,2025-12-31,median_rent_per_sqft,all,all,915.67,180,moderate,[],2026-09-08,dlx-aggregates-2
community:370:quarter:2026-01-01:median_rent_per_sqft:all:all,community,370,Um Suqaim Third,,quarter,2026-01-01,2026-03-31,median_rent_per_sqft,all,all,1020.41,187,moderate,[],2026-09-08,dlx-aggregates-2
community:370:quarter:2026-04-01:median_rent_per_sqft:all:all,community,370,Um Suqaim Third,,quarter,2026-04-01,2026-06-30,median_rent_per_sqft,all,all,1087.89,156,moderate,[],2026-09-08,dlx-aggregates-2
community:370:quarter:2026-07-01:median_rent_per_sqft:all:all,community,370,Um Suqaim Third,,quarter,2026-07-01,2026-09-30,median_rent_per_sqft,all,all,1224.43,125,moderate,[],2026-09-08,dlx-aggregates-2
community:371:quarter:2019-01-01:median_rent_per_sqft:all:all,community,371,Al Safouh Second,,quarter,2019-01-01,2019-03-31,median_rent_per_sqft,all,all,625.53,114,moderate,[],2026-09-08,dlx-aggregates-2
community:371:quarter:2019-04-01:median_rent_per_sqft:all:all,community,371,Al Safouh Second,,quarter,2019-04-01,2019-06-30,median_rent_per_sqft,all,all,594.15,119,moderate,[],2026-09-08,dlx-aggregates-2
community:371:quarter:2019-07-01:median_rent_per_sqft:all:all,community,371,Al Safouh Second,,quarter,2019-07-01,2019-09-30,median_rent_per_sqft,all,all,645.99,147,moderate,[],2026-09-08,dlx-aggregates-2
community:371:quarter:2019-10-01:median_rent_per_sqft:all:all,community,371,Al Safouh Second,,quarter,2019-10-01,2019-12-31,median_rent_per_sqft,all,all,599.88,125,moderate,[],2026-09-08,dlx-aggregates-2
community:371:quarter:2020-01-01:median_rent_per_sqft:all:all,community,371,Al Safouh Second,,quarter,2020-01-01,2020-03-31,median_rent_per_sqft,all,all,573.2,126,moderate,[],2026-09-08,dlx-aggregates-2
community:371:quarter:2020-04-01:median_rent_per_sqft:all:all,community,371,Al Safouh Second,,quarter,2020-04-01,2020-06-30,median_rent_per_sqft,all,all,500.5,95,moderate,[],2026-09-08,dlx-aggregates-2
community:371:quarter:2020-07-01:median_rent_per_sqft:all:all,community,371,Al Safouh Second,,quarter,2020-07-01,2020-09-30,median_rent_per_sqft,all,all,671.57,186,moderate,[],2026-09-08,dlx-aggregates-2
community:371:quarter:2020-10-01:median_rent_per_sqft:all:all,community,371,Al Safouh Second,,quarter,2020-10-01,2020-12-31,median_rent_per_sqft,all,all,592.26,137,moderate,[],2026-09-08,dlx-aggregates-2
community:371:quarter:2021-01-01:median_rent_per_sqft:all:all,community,371,Al Safouh Second,,quarter,2021-01-01,2021-03-31,median_rent_per_sqft,all,all,564.47,149,moderate,[],2026-09-08,dlx-aggregates-2
community:371:quarter:2021-04-01:median_rent_per_sqft:all:all,community,371,Al Safouh Second,,quarter,2021-04-01,2021-06-30,median_rent_per_sqft,all,all,486.99,112,moderate,[],2026-09-08,dlx-aggregates-2
community:371:quarter:2021-07-01:median_rent_per_sqft:all:all,community,371,Al Safouh Second,,quarter,2021-07-01,2021-09-30,median_rent_per_sqft,all,all,534.76,231,higher,[],2026-09-08,dlx-aggregates-2
community:371:quarter:2021-10-01:median_rent_per_sqft:all:all,community,371,Al Safouh Second,,quarter,2021-10-01,2021-12-31,median_rent_per_sqft,all,all,573.76,174,moderate,[],2026-09-08,dlx-aggregates-2
community:371:quarter:2022-01-01:median_rent_per_sqft:all:all,community,371,Al Safouh Second,,quarter,2022-01-01,2022-03-31,median_rent_per_sqft,all,all,558.99,147,moderate,[],2026-09-08,dlx-aggregates-2
community:371:quarter:2022-04-01:median_rent_per_sqft:all:all,community,371,Al Safouh Second,,quarter,2022-04-01,2022-06-30,median_rent_per_sqft,all,all,541.34,126,moderate,[],2026-09-08,dlx-aggregates-2
community:371:quarter:2022-07-01:median_rent_per_sqft:all:all,community,371,Al Safouh Second,,quarter,2022-07-01,2022-09-30,median_rent_per_sqft,all,all,666.29,236,higher,[],2026-09-08,dlx-aggregates-2
community:371:quarter:2022-10-01:median_rent_per_sqft:all:all,community,371,Al Safouh Second,,quarter,2022-10-01,2022-12-31,median_rent_per_sqft,all,all,568.41,178,moderate,[],2026-09-08,dlx-aggregates-2
community:371:quarter:2023-01-01:median_rent_per_sqft:all:all,community,371,Al Safouh Second,,quarter,2023-01-01,2023-03-31,median_rent_per_sqft,all,all,586.94,141,moderate,[],2026-09-08,dlx-aggregates-2
community:371:quarter:2023-04-01:median_rent_per_sqft:all:all,community,371,Al Safouh Second,,quarter,2023-04-01,2023-06-30,median_rent_per_sqft,all,all,585.13,132,moderate,[],2026-09-08,dlx-aggregates-2
community:371:quarter:2023-07-01:median_rent_per_sqft:all:all,community,371,Al Safouh Second,,quarter,2023-07-01,2023-09-30,median_rent_per_sqft,all,all,821.96,245,higher,[],2026-09-08,dlx-aggregates-2
community:371:quarter:2023-10-01:median_rent_per_sqft:all:all,community,371,Al Safouh Second,,quarter,2023-10-01,2023-12-31,median_rent_per_sqft,all,all,637.76,184,moderate,[],2026-09-08,dlx-aggregates-2
community:371:quarter:2024-01-01:median_rent_per_sqft:all:all,community,371,Al Safouh Second,,quarter,2024-01-01,2024-03-31,median_rent_per_sqft,all,all,679.88,144,moderate,[],2026-09-08,dlx-aggregates-2
community:371:quarter:2024-04-01:median_rent_per_sqft:all:all,community,371,Al Safouh Second,,quarter,2024-04-01,2024-06-30,median_rent_per_sqft,all,all,640.74,132,moderate,[],2026-09-08,dlx-aggregates-2
community:371:quarter:2024-07-01:median_rent_per_sqft:all:all,community,371,Al Safouh Second,,quarter,2024-07-01,2024-09-30,median_rent_per_sqft,all,all,929.37,253,higher,[],2026-09-08,dlx-aggregates-2
community:371:quarter:2024-10-01:median_rent_per_sqft:all:all,community,371,Al Safouh Second,,quarter,2024-10-01,2024-12-31,median_rent_per_sqft,all,all,742.26,192,moderate,[],2026-09-08,dlx-aggregates-2
community:371:quarter:2025-01-01:median_rent_per_sqft:all:all,community,371,Al Safouh Second,,quarter,2025-01-01,2025-03-31,median_rent_per_sqft,all,all,774.36,141,moderate,[],2026-09-08,dlx-aggregates-2
community:371:quarter:2025-04-01:median_rent_per_sqft:all:all,community,371,Al Safouh Second,,quarter,2025-04-01,2025-06-30,median_rent_per_sqft,all,all,676.68,124,moderate,[],2026-09-08,dlx-aggregates-2
community:371:quarter:2025-07-01:median_rent_per_sqft:all:all,community,371,Al Safouh Second,,quarter,2025-07-01,2025-09-30,median_rent_per_sqft,all,all,933.74,236,higher,[],2026-09-08,dlx-aggregates-2
community:371:quarter:2025-10-01:median_rent_per_sqft:all:all,community,371,Al Safouh Second,,quarter,2025-10-01,2025-12-31,median_rent_per_sqft,all,all,837.85,195,moderate,[],2026-09-08,dlx-aggregates-2
community:371:quarter:2026-01-01:median_rent_per_sqft:all:all,community,371,Al Safouh Second,,quarter,2026-01-01,2026-03-31,median_rent_per_sqft,all,all,847.54,145,moderate,[],2026-09-08,dlx-aggregates-2
community:371:quarter:2026-04-01:median_rent_per_sqft:all:all,community,371,Al Safouh Second,,quarter,2026-04-01,2026-06-30,median_rent_per_sqft,all,all,753.29,114,moderate,[],2026-09-08,dlx-aggregates-2
community:371:quarter:2026-07-01:median_rent_per_sqft:all:all,community,371,Al Safouh Second,,quarter,2026-07-01,2026-09-30,median_rent_per_sqft,all,all,1031.84,140,moderate,[],2026-09-08,dlx-aggregates-2
community:372:quarter:2019-01-01:median_rent_per_sqft:all:all,community,372,Al Goze Industrial Second,,quarter,2019-01-01,2019-03-31,median_rent_per_sqft,all,all,604.55,1014,higher,[],2026-09-08,dlx-aggregates-2
community:372:quarter:2019-04-01:median_rent_per_sqft:all:all,community,372,Al Goze Industrial Second,,quarter,2019-04-01,2019-06-30,median_rent_per_sqft,all,all,560.01,797,higher,[],2026-09-08,dlx-aggregates-2
community:372:quarter:2019-07-01:median_rent_per_sqft:all:all,community,372,Al Goze Industrial Second,,quarter,2019-07-01,2019-09-30,median_rent_per_sqft,all,all,609.74,1169,higher,[],2026-09-08,dlx-aggregates-2
community:372:quarter:2019-10-01:median_rent_per_sqft:all:all,community,372,Al Goze Industrial Second,,quarter,2019-10-01,2019-12-31,median_rent_per_sqft,all,all,553.1,781,higher,[],2026-09-08,dlx-aggregates-2
community:372:quarter:2020-01-01:median_rent_per_sqft:all:all,community,372,Al Goze Industrial Second,,quarter,2020-01-01,2020-03-31,median_rent_per_sqft,all,all,1164.46,1093,higher,[],2026-09-08,dlx-aggregates-2
community:372:quarter:2020-04-01:median_rent_per_sqft:all:all,community,372,Al Goze Industrial Second,,quarter,2020-04-01,2020-06-30,median_rent_per_sqft,all,all,554.22,452,higher,[],2026-09-08,dlx-aggregates-2
community:372:quarter:2020-07-01:median_rent_per_sqft:all:all,community,372,Al Goze Industrial Second,,quarter,2020-07-01,2020-09-30,median_rent_per_sqft,all,all,556.77,689,higher,[],2026-09-08,dlx-aggregates-2
community:372:quarter:2020-10-01:median_rent_per_sqft:all:all,community,372,Al Goze Industrial Second,,quarter,2020-10-01,2020-12-31,median_rent_per_sqft,all,all,549.01,485,higher,[],2026-09-08,dlx-aggregates-2
community:372:quarter:2021-01-01:median_rent_per_sqft:all:all,community,372,Al Goze Industrial Second,,quarter,2021-01-01,2021-03-31,median_rent_per_sqft,all,all,493.01,656,higher,[],2026-09-08,dlx-aggregates-2
community:372:quarter:2021-04-01:median_rent_per_sqft:all:all,community,372,Al Goze Industrial Second,,quarter,2021-04-01,2021-06-30,median_rent_per_sqft,all,all,486.19,441,higher,[],2026-09-08,dlx-aggregates-2
community:372:quarter:2021-07-01:median_rent_per_sqft:all:all,community,372,Al Goze Industrial Second,,quarter,2021-07-01,2021-09-30,median_rent_per_sqft,all,all,470.76,713,higher,[],2026-09-08,dlx-aggregates-2
community:372:quarter:2021-10-01:median_rent_per_sqft:all:all,community,372,Al Goze Industrial Second,,quarter,2021-10-01,2021-12-31,median_rent_per_sqft,all,all,441.33,1039,higher,[],2026-09-08,dlx-aggregates-2
community:372:quarter:2022-01-01:median_rent_per_sqft:all:all,community,372,Al Goze Industrial Second,,quarter,2022-01-01,2022-03-31,median_rent_per_sqft,all,all,440.45,1657,higher,[],2026-09-08,dlx-aggregates-2
community:372:quarter:2022-04-01:median_rent_per_sqft:all:all,community,372,Al Goze Industrial Second,,quarter,2022-04-01,2022-06-30,median_rent_per_sqft,all,all,462.79,892,higher,[],2026-09-08,dlx-aggregates-2
community:372:quarter:2022-07-01:median_rent_per_sqft:all:all,community,372,Al Goze Industrial Second,,quarter,2022-07-01,2022-09-30,median_rent_per_sqft,all,all,463.62,565,higher,[],2026-09-08,dlx-aggregates-2
community:372:quarter:2022-10-01:median_rent_per_sqft:all:all,community,372,Al Goze Industrial Second,,quarter,2022-10-01,2022-12-31,median_rent_per_sqft,all,all,465.16,955,higher,[],2026-09-08,dlx-aggregates-2
community:372:quarter:2023-01-01:median_rent_per_sqft:all:all,community,372,Al Goze Industrial Second,,quarter,2023-01-01,2023-03-31,median_rent_per_sqft,all,all,480.34,1355,higher,[],2026-09-08,dlx-aggregates-2
community:372:quarter:2023-04-01:median_rent_per_sqft:all:all,community,372,Al Goze Industrial Second,,quarter,2023-04-01,2023-06-30,median_rent_per_sqft,all,all,480.6,945,higher,[],2026-09-08,dlx-aggregates-2
community:372:quarter:2023-07-01:median_rent_per_sqft:all:all,community,372,Al Goze Industrial Second,,quarter,2023-07-01,2023-09-30,median_rent_per_sqft,all,all,483.05,735,higher,[],2026-09-08,dlx-aggregates-2
community:372:quarter:2023-10-01:median_rent_per_sqft:all:all,community,372,Al Goze Industrial Second,,quarter,2023-10-01,2023-12-31,median_rent_per_sqft,all,all,534.74,1102,higher,[],2026-09-08,dlx-aggregates-2
community:372:quarter:2024-01-01:median_rent_per_sqft:all:all,community,372,Al Goze Industrial Second,,quarter,2024-01-01,2024-03-31,median_rent_per_sqft,all,all,532.91,1282,higher,[],2026-09-08,dlx-aggregates-2
community:372:quarter:2024-04-01:median_rent_per_sqft:all:all,community,372,Al Goze Industrial Second,,quarter,2024-04-01,2024-06-30,median_rent_per_sqft,all,all,509.2,915,higher,[],2026-09-08,dlx-aggregates-2
community:372:quarter:2024-07-01:median_rent_per_sqft:all:all,community,372,Al Goze Industrial Second,,quarter,2024-07-01,2024-09-30,median_rent_per_sqft,all,all,550.56,1282,higher,[],2026-09-08,dlx-aggregates-2
community:372:quarter:2024-10-01:median_rent_per_sqft:all:all,community,372,Al Goze Industrial Second,,quarter,2024-10-01,2024-12-31,median_rent_per_sqft,all,all,537.68,1155,higher,[],2026-09-08,dlx-aggregates-2
community:372:quarter:2025-01-01:median_rent_per_sqft:all:all,community,372,Al Goze Industrial Second,,quarter,2025-01-01,2025-03-31,median_rent_per_sqft,all,all,536.05,1323,higher,[],2026-09-08,dlx-aggregates-2
community:372:quarter:2025-04-01:median_rent_per_sqft:all:all,community,372,Al Goze Industrial Second,,quarter,2025-04-01,2025-06-30,median_rent_per_sqft,all,all,532.93,850,higher,[],2026-09-08,dlx-aggregates-2
community:372:quarter:2025-07-01:median_rent_per_sqft:all:all,community,372,Al Goze Industrial Second,,quarter,2025-07-01,2025-09-30,median_rent_per_sqft,all,all,537.68,910,higher,[],2026-09-08,dlx-aggregates-2
community:372:quarter:2025-10-01:median_rent_per_sqft:all:all,community,372,Al Goze Industrial Second,,quarter,2025-10-01,2025-12-31,median_rent_per_sqft,all,all,540.15,1176,higher,[],2026-09-08,dlx-aggregates-2
community:372:quarter:2026-01-01:median_rent_per_sqft:all:all,community,372,Al Goze Industrial Second,,quarter,2026-01-01,2026-03-31,median_rent_per_sqft,all,all,550.56,1567,higher,[],2026-09-08,dlx-aggregates-2
community:372:quarter:2026-04-01:median_rent_per_sqft:all:all,community,372,Al Goze Industrial Second,,quarter,2026-04-01,2026-06-30,median_rent_per_sqft,all,all,538.57,1015,higher,[],2026-09-08,dlx-aggregates-2
community:372:quarter:2026-07-01:median_rent_per_sqft:all:all,community,372,Al Goze Industrial Second,,quarter,2026-07-01,2026-09-30,median_rent_per_sqft,all,all,568.91,988,higher,[],2026-09-08,dlx-aggregates-2
community:372:quarter:2026-10-01:median_rent_per_sqft:all:all,community,372,Al Goze Industrial Second,,quarter,2026-10-01,2026-12-31,median_rent_per_sqft,all,all,533.95,84,moderate,[],2026-09-08,dlx-aggregates-2
community:374:quarter:2019-01-01:median_rent_per_sqft:all:all,community,374,Um Al Sheif,,quarter,2019-01-01,2019-03-31,median_rent_per_sqft,all,all,712.08,48,moderate,[],2026-09-08,dlx-aggregates-2
community:374:quarter:2019-04-01:median_rent_per_sqft:all:all,community,374,Um Al Sheif,,quarter,2019-04-01,2019-06-30,median_rent_per_sqft,all,all,740.74,70,moderate,[],2026-09-08,dlx-aggregates-2
community:374:quarter:2019-07-01:median_rent_per_sqft:all:all,community,374,Um Al Sheif,,quarter,2019-07-01,2019-09-30,median_rent_per_sqft,all,all,714.29,59,moderate,[],2026-09-08,dlx-aggregates-2
community:374:quarter:2019-10-01:median_rent_per_sqft:all:all,community,374,Um Al Sheif,,quarter,2019-10-01,2019-12-31,median_rent_per_sqft,all,all,751.88,41,moderate,[],2026-09-08,dlx-aggregates-2
community:374:quarter:2020-01-01:median_rent_per_sqft:all:all,community,374,Um Al Sheif,,quarter,2020-01-01,2020-03-31,median_rent_per_sqft,all,all,532.07,54,moderate,[],2026-09-08,dlx-aggregates-2
community:374:quarter:2020-04-01:median_rent_per_sqft:all:all,community,374,Um Al Sheif,,quarter,2020-04-01,2020-06-30,median_rent_per_sqft,all,all,603.02,37,moderate,[],2026-09-08,dlx-aggregates-2
community:374:quarter:2020-07-01:median_rent_per_sqft:all:all,community,374,Um Al Sheif,,quarter,2020-07-01,2020-09-30,median_rent_per_sqft,all,all,676.69,61,moderate,[],2026-09-08,dlx-aggregates-2
community:374:quarter:2020-10-01:median_rent_per_sqft:all:all,community,374,Um Al Sheif,,quarter,2020-10-01,2020-12-31,median_rent_per_sqft,all,all,639.1,55,moderate,[],2026-09-08,dlx-aggregates-2
community:374:quarter:2021-01-01:median_rent_per_sqft:all:all,community,374,Um Al Sheif,,quarter,2021-01-01,2021-03-31,median_rent_per_sqft,all,all,511.63,72,moderate,[],2026-09-08,dlx-aggregates-2
community:374:quarter:2021-04-01:median_rent_per_sqft:all:all,community,374,Um Al Sheif,,quarter,2021-04-01,2021-06-30,median_rent_per_sqft,all,all,551.29,48,moderate,[],2026-09-08,dlx-aggregates-2
community:374:quarter:2021-07-01:median_rent_per_sqft:all:all,community,374,Um Al Sheif,,quarter,2021-07-01,2021-09-30,median_rent_per_sqft,all,all,686.29,90,moderate,[],2026-09-08,dlx-aggregates-2
community:374:quarter:2021-10-01:median_rent_per_sqft:all:all,community,374,Um Al Sheif,,quarter,2021-10-01,2021-12-31,median_rent_per_sqft,all,all,745.37,64,moderate,[],2026-09-08,dlx-aggregates-2
community:374:quarter:2022-01-01:median_rent_per_sqft:all:all,community,374,Um Al Sheif,,quarter,2022-01-01,2022-03-31,median_rent_per_sqft,all,all,543.15,50,moderate,[],2026-09-08,dlx-aggregates-2
community:374:quarter:2022-04-01:median_rent_per_sqft:all:all,community,374,Um Al Sheif,,quarter,2022-04-01,2022-06-30,median_rent_per_sqft,all,all,695.49,41,moderate,[],2026-09-08,dlx-aggregates-2
community:374:quarter:2022-07-01:median_rent_per_sqft:all:all,community,374,Um Al Sheif,,quarter,2022-07-01,2022-09-30,median_rent_per_sqft,all,all,703.01,70,moderate,[],2026-09-08,dlx-aggregates-2
community:374:quarter:2022-10-01:median_rent_per_sqft:all:all,community,374,Um Al Sheif,,quarter,2022-10-01,2022-12-31,median_rent_per_sqft,all,all,758.62,62,moderate,[],2026-09-08,dlx-aggregates-2
community:374:quarter:2023-01-01:median_rent_per_sqft:all:all,community,374,Um Al Sheif,,quarter,2023-01-01,2023-03-31,median_rent_per_sqft,all,all,748.3,59,moderate,[],2026-09-08,dlx-aggregates-2
community:374:quarter:2023-04-01:median_rent_per_sqft:all:all,community,374,Um Al Sheif,,quarter,2023-04-01,2023-06-30,median_rent_per_sqft,all,all,827.07,41,moderate,[],2026-09-08,dlx-aggregates-2
community:374:quarter:2023-07-01:median_rent_per_sqft:all:all,community,374,Um Al Sheif,,quarter,2023-07-01,2023-09-30,median_rent_per_sqft,all,all,785.71,69,moderate,[],2026-09-08,dlx-aggregates-2
community:374:quarter:2023-10-01:median_rent_per_sqft:all:all,community,374,Um Al Sheif,,quarter,2023-10-01,2023-12-31,median_rent_per_sqft,all,all,890.34,60,moderate,[],2026-09-08,dlx-aggregates-2
community:374:quarter:2024-01-01:median_rent_per_sqft:all:all,community,374,Um Al Sheif,,quarter,2024-01-01,2024-03-31,median_rent_per_sqft,all,all,861.94,45,moderate,[],2026-09-08,dlx-aggregates-2
community:374:quarter:2024-04-01:median_rent_per_sqft:all:all,community,374,Um Al Sheif,,quarter,2024-04-01,2024-06-30,median_rent_per_sqft,all,all,842.27,54,moderate,[],2026-09-08,dlx-aggregates-2
community:374:quarter:2024-07-01:median_rent_per_sqft:all:all,community,374,Um Al Sheif,,quarter,2024-07-01,2024-09-30,median_rent_per_sqft,all,all,947.87,71,moderate,[],2026-09-08,dlx-aggregates-2
community:374:quarter:2024-10-01:median_rent_per_sqft:all:all,community,374,Um Al Sheif,,quarter,2024-10-01,2024-12-31,median_rent_per_sqft,all,all,972.65,67,moderate,[],2026-09-08,dlx-aggregates-2
community:374:quarter:2025-01-01:median_rent_per_sqft:all:all,community,374,Um Al Sheif,,quarter,2025-01-01,2025-03-31,median_rent_per_sqft,all,all,923.08,43,moderate,[],2026-09-08,dlx-aggregates-2
community:374:quarter:2025-04-01:median_rent_per_sqft:all:all,community,374,Um Al Sheif,,quarter,2025-04-01,2025-06-30,median_rent_per_sqft,all,all,987.13,43,moderate,[],2026-09-08,dlx-aggregates-2
community:374:quarter:2025-07-01:median_rent_per_sqft:all:all,community,374,Um Al Sheif,,quarter,2025-07-01,2025-09-30,median_rent_per_sqft,all,all,995.26,73,moderate,[],2026-09-08,dlx-aggregates-2
community:374:quarter:2025-10-01:median_rent_per_sqft:all:all,community,374,Um Al Sheif,,quarter,2025-10-01,2025-12-31,median_rent_per_sqft,all,all,954.07,57,moderate,[],2026-09-08,dlx-aggregates-2
community:374:quarter:2026-01-01:median_rent_per_sqft:all:all,community,374,Um Al Sheif,,quarter,2026-01-01,2026-03-31,median_rent_per_sqft,all,all,999.95,49,moderate,[],2026-09-08,dlx-aggregates-2
community:374:quarter:2026-04-01:median_rent_per_sqft:all:all,community,374,Um Al Sheif,,quarter,2026-04-01,2026-06-30,median_rent_per_sqft,all,all,999.82,38,moderate,[],2026-09-08,dlx-aggregates-2
community:374:quarter:2026-07-01:median_rent_per_sqft:all:all,community,374,Um Al Sheif,,quarter,2026-07-01,2026-09-30,median_rent_per_sqft,all,all,990.94,36,moderate,[],2026-09-08,dlx-aggregates-2
community:375:quarter:2019-01-01:median_rent_per_sqft:all:all,community,375,Jumeirah Second,,quarter,2019-01-01,2019-03-31,median_rent_per_sqft,all,all,600.41,173,moderate,[],2026-09-08,dlx-aggregates-2
community:375:quarter:2019-04-01:median_rent_per_sqft:all:all,community,375,Jumeirah Second,,quarter,2019-04-01,2019-06-30,median_rent_per_sqft,all,all,553.85,115,moderate,[],2026-09-08,dlx-aggregates-2
community:375:quarter:2019-07-01:median_rent_per_sqft:all:all,community,375,Jumeirah Second,,quarter,2019-07-01,2019-09-30,median_rent_per_sqft,all,all,703.83,151,moderate,[],2026-09-08,dlx-aggregates-2
community:375:quarter:2019-10-01:median_rent_per_sqft:all:all,community,375,Jumeirah Second,,quarter,2019-10-01,2019-12-31,median_rent_per_sqft,all,all,549.0,124,moderate,[],2026-09-08,dlx-aggregates-2
community:375:quarter:2020-01-01:median_rent_per_sqft:all:all,community,375,Jumeirah Second,,quarter,2020-01-01,2020-03-31,median_rent_per_sqft,all,all,538.3,175,moderate,[],2026-09-08,dlx-aggregates-2
community:375:quarter:2020-04-01:median_rent_per_sqft:all:all,community,375,Jumeirah Second,,quarter,2020-04-01,2020-06-30,median_rent_per_sqft,all,all,445.42,124,moderate,[],2026-09-08,dlx-aggregates-2
community:375:quarter:2020-07-01:median_rent_per_sqft:all:all,community,375,Jumeirah Second,,quarter,2020-07-01,2020-09-30,median_rent_per_sqft,all,all,593.91,176,moderate,[],2026-09-08,dlx-aggregates-2
community:375:quarter:2020-10-01:median_rent_per_sqft:all:all,community,375,Jumeirah Second,,quarter,2020-10-01,2020-12-31,median_rent_per_sqft,all,all,488.74,158,moderate,[],2026-09-08,dlx-aggregates-2
community:375:quarter:2021-01-01:median_rent_per_sqft:all:all,community,375,Jumeirah Second,,quarter,2021-01-01,2021-03-31,median_rent_per_sqft,all,all,499.78,200,higher,[],2026-09-08,dlx-aggregates-2
community:375:quarter:2021-04-01:median_rent_per_sqft:all:all,community,375,Jumeirah Second,,quarter,2021-04-01,2021-06-30,median_rent_per_sqft,all,all,486.54,129,moderate,[],2026-09-08,dlx-aggregates-2
community:375:quarter:2021-07-01:median_rent_per_sqft:all:all,community,375,Jumeirah Second,,quarter,2021-07-01,2021-09-30,median_rent_per_sqft,all,all,497.83,218,higher,[],2026-09-08,dlx-aggregates-2
community:375:quarter:2021-10-01:median_rent_per_sqft:all:all,community,375,Jumeirah Second,,quarter,2021-10-01,2021-12-31,median_rent_per_sqft,all,all,507.89,172,moderate,[],2026-09-08,dlx-aggregates-2
community:375:quarter:2022-01-01:median_rent_per_sqft:all:all,community,375,Jumeirah Second,,quarter,2022-01-01,2022-03-31,median_rent_per_sqft,all,all,539.87,186,moderate,[],2026-09-08,dlx-aggregates-2
community:375:quarter:2022-04-01:median_rent_per_sqft:all:all,community,375,Jumeirah Second,,quarter,2022-04-01,2022-06-30,median_rent_per_sqft,all,all,514.41,148,moderate,[],2026-09-08,dlx-aggregates-2
community:375:quarter:2022-07-01:median_rent_per_sqft:all:all,community,375,Jumeirah Second,,quarter,2022-07-01,2022-09-30,median_rent_per_sqft,all,all,562.23,215,higher,[],2026-09-08,dlx-aggregates-2
community:375:quarter:2022-10-01:median_rent_per_sqft:all:all,community,375,Jumeirah Second,,quarter,2022-10-01,2022-12-31,median_rent_per_sqft,all,all,565.86,194,moderate,[],2026-09-08,dlx-aggregates-2
community:375:quarter:2023-01-01:median_rent_per_sqft:all:all,community,375,Jumeirah Second,,quarter,2023-01-01,2023-03-31,median_rent_per_sqft,all,all,569.36,180,moderate,[],2026-09-08,dlx-aggregates-2
community:375:quarter:2023-04-01:median_rent_per_sqft:all:all,community,375,Jumeirah Second,,quarter,2023-04-01,2023-06-30,median_rent_per_sqft,all,all,601.09,149,moderate,[],2026-09-08,dlx-aggregates-2
community:375:quarter:2023-07-01:median_rent_per_sqft:all:all,community,375,Jumeirah Second,,quarter,2023-07-01,2023-09-30,median_rent_per_sqft,all,all,587.34,216,higher,[],2026-09-08,dlx-aggregates-2
community:375:quarter:2023-10-01:median_rent_per_sqft:all:all,community,375,Jumeirah Second,,quarter,2023-10-01,2023-12-31,median_rent_per_sqft,all,all,627.02,187,moderate,[],2026-09-08,dlx-aggregates-2
community:375:quarter:2024-01-01:median_rent_per_sqft:all:all,community,375,Jumeirah Second,,quarter,2024-01-01,2024-03-31,median_rent_per_sqft,all,all,684.49,170,moderate,[],2026-09-08,dlx-aggregates-2
community:375:quarter:2024-04-01:median_rent_per_sqft:all:all,community,375,Jumeirah Second,,quarter,2024-04-01,2024-06-30,median_rent_per_sqft,all,all,628.42,155,moderate,[],2026-09-08,dlx-aggregates-2
community:375:quarter:2024-07-01:median_rent_per_sqft:all:all,community,375,Jumeirah Second,,quarter,2024-07-01,2024-09-30,median_rent_per_sqft,all,all,694.77,212,higher,[],2026-09-08,dlx-aggregates-2
community:375:quarter:2024-10-01:median_rent_per_sqft:all:all,community,375,Jumeirah Second,,quarter,2024-10-01,2024-12-31,median_rent_per_sqft,all,all,743.27,196,moderate,[],2026-09-08,dlx-aggregates-2
community:375:quarter:2025-01-01:median_rent_per_sqft:all:all,community,375,Jumeirah Second,,quarter,2025-01-01,2025-03-31,median_rent_per_sqft,all,all,750.98,179,moderate,[],2026-09-08,dlx-aggregates-2
community:375:quarter:2025-04-01:median_rent_per_sqft:all:all,community,375,Jumeirah Second,,quarter,2025-04-01,2025-06-30,median_rent_per_sqft,all,all,760.02,143,moderate,[],2026-09-08,dlx-aggregates-2
community:375:quarter:2025-07-01:median_rent_per_sqft:all:all,community,375,Jumeirah Second,,quarter,2025-07-01,2025-09-30,median_rent_per_sqft,all,all,736.88,224,higher,[],2026-09-08,dlx-aggregates-2
community:375:quarter:2025-10-01:median_rent_per_sqft:all:all,community,375,Jumeirah Second,,quarter,2025-10-01,2025-12-31,median_rent_per_sqft,all,all,829.33,177,moderate,[],2026-09-08,dlx-aggregates-2
community:375:quarter:2026-01-01:median_rent_per_sqft:all:all,community,375,Jumeirah Second,,quarter,2026-01-01,2026-03-31,median_rent_per_sqft,all,all,873.07,177,moderate,[],2026-09-08,dlx-aggregates-2
community:375:quarter:2026-04-01:median_rent_per_sqft:all:all,community,375,Jumeirah Second,,quarter,2026-04-01,2026-06-30,median_rent_per_sqft,all,all,907.25,151,moderate,[],2026-09-08,dlx-aggregates-2
community:375:quarter:2026-07-01:median_rent_per_sqft:all:all,community,375,Jumeirah Second,,quarter,2026-07-01,2026-09-30,median_rent_per_sqft,all,all,895.85,160,moderate,[],2026-09-08,dlx-aggregates-2
community:378:quarter:2019-01-01:median_rent_per_sqft:all:all,community,378,Al Garhoud,,quarter,2019-01-01,2019-03-31,median_rent_per_sqft,all,all,598.91,403,higher,[],2026-09-08,dlx-aggregates-2
community:378:quarter:2019-04-01:median_rent_per_sqft:all:all,community,378,Al Garhoud,,quarter,2019-04-01,2019-06-30,median_rent_per_sqft,all,all,581.4,220,higher,[],2026-09-08,dlx-aggregates-2
community:378:quarter:2019-07-01:median_rent_per_sqft:all:all,community,378,Al Garhoud,,quarter,2019-07-01,2019-09-30,median_rent_per_sqft,all,all,538.04,184,moderate,[],2026-09-08,dlx-aggregates-2
community:378:quarter:2019-10-01:median_rent_per_sqft:all:all,community,378,Al Garhoud,,quarter,2019-10-01,2019-12-31,median_rent_per_sqft,all,all,583.83,254,higher,[],2026-09-08,dlx-aggregates-2
community:378:quarter:2020-01-01:median_rent_per_sqft:all:all,community,378,Al Garhoud,,quarter,2020-01-01,2020-03-31,median_rent_per_sqft,all,all,545.98,353,higher,[],2026-09-08,dlx-aggregates-2
community:378:quarter:2020-04-01:median_rent_per_sqft:all:all,community,378,Al Garhoud,,quarter,2020-04-01,2020-06-30,median_rent_per_sqft,all,all,542.64,183,moderate,[],2026-09-08,dlx-aggregates-2
community:378:quarter:2020-07-01:median_rent_per_sqft:all:all,community,378,Al Garhoud,,quarter,2020-07-01,2020-09-30,median_rent_per_sqft,all,all,483.33,211,higher,[],2026-09-08,dlx-aggregates-2
community:378:quarter:2020-10-01:median_rent_per_sqft:all:all,community,378,Al Garhoud,,quarter,2020-10-01,2020-12-31,median_rent_per_sqft,all,all,502.33,255,higher,[],2026-09-08,dlx-aggregates-2
community:378:quarter:2021-01-01:median_rent_per_sqft:all:all,community,378,Al Garhoud,,quarter,2021-01-01,2021-03-31,median_rent_per_sqft,all,all,465.12,391,higher,[],2026-09-08,dlx-aggregates-2
community:378:quarter:2021-04-01:median_rent_per_sqft:all:all,community,378,Al Garhoud,,quarter,2021-04-01,2021-06-30,median_rent_per_sqft,all,all,493.36,218,higher,[],2026-09-08,dlx-aggregates-2
community:378:quarter:2021-07-01:median_rent_per_sqft:all:all,community,378,Al Garhoud,,quarter,2021-07-01,2021-09-30,median_rent_per_sqft,all,all,465.95,256,higher,[],2026-09-08,dlx-aggregates-2
community:378:quarter:2021-10-01:median_rent_per_sqft:all:all,community,378,Al Garhoud,,quarter,2021-10-01,2021-12-31,median_rent_per_sqft,all,all,518.52,295,higher,[],2026-09-08,dlx-aggregates-2
community:378:quarter:2022-01-01:median_rent_per_sqft:all:all,community,378,Al Garhoud,,quarter,2022-01-01,2022-03-31,median_rent_per_sqft,all,all,472.98,378,higher,[],2026-09-08,dlx-aggregates-2
community:378:quarter:2022-04-01:median_rent_per_sqft:all:all,community,378,Al Garhoud,,quarter,2022-04-01,2022-06-30,median_rent_per_sqft,all,all,496.03,239,higher,[],2026-09-08,dlx-aggregates-2
community:378:quarter:2022-07-01:median_rent_per_sqft:all:all,community,378,Al Garhoud,,quarter,2022-07-01,2022-09-30,median_rent_per_sqft,all,all,504.0,319,higher,[],2026-09-08,dlx-aggregates-2
community:378:quarter:2022-10-01:median_rent_per_sqft:all:all,community,378,Al Garhoud,,quarter,2022-10-01,2022-12-31,median_rent_per_sqft,all,all,523.26,363,higher,[],2026-09-08,dlx-aggregates-2
community:378:quarter:2023-01-01:median_rent_per_sqft:all:all,community,378,Al Garhoud,,quarter,2023-01-01,2023-03-31,median_rent_per_sqft,all,all,511.65,478,higher,[],2026-09-08,dlx-aggregates-2
community:378:quarter:2023-04-01:median_rent_per_sqft:all:all,community,378,Al Garhoud,,quarter,2023-04-01,2023-06-30,median_rent_per_sqft,all,all,642.72,416,higher,[],2026-09-08,dlx-aggregates-2
community:378:quarter:2023-07-01:median_rent_per_sqft:all:all,community,378,Al Garhoud,,quarter,2023-07-01,2023-09-30,median_rent_per_sqft,all,all,587.11,411,higher,[],2026-09-08,dlx-aggregates-2
community:378:quarter:2023-10-01:median_rent_per_sqft:all:all,community,378,Al Garhoud,,quarter,2023-10-01,2023-12-31,median_rent_per_sqft,all,all,545.83,322,higher,[],2026-09-08,dlx-aggregates-2
community:378:quarter:2024-01-01:median_rent_per_sqft:all:all,community,378,Al Garhoud,,quarter,2024-01-01,2024-03-31,median_rent_per_sqft,all,all,520.42,374,higher,[],2026-09-08,dlx-aggregates-2
community:378:quarter:2024-04-01:median_rent_per_sqft:all:all,community,378,Al Garhoud,,quarter,2024-04-01,2024-06-30,median_rent_per_sqft,all,all,647.89,447,higher,[],2026-09-08,dlx-aggregates-2
community:378:quarter:2024-07-01:median_rent_per_sqft:all:all,community,378,Al Garhoud,,quarter,2024-07-01,2024-09-30,median_rent_per_sqft,all,all,597.4,372,higher,[],2026-09-08,dlx-aggregates-2
community:378:quarter:2024-10-01:median_rent_per_sqft:all:all,community,378,Al Garhoud,,quarter,2024-10-01,2024-12-31,median_rent_per_sqft,all,all,586.29,360,higher,[],2026-09-08,dlx-aggregates-2
community:378:quarter:2025-01-01:median_rent_per_sqft:all:all,community,378,Al Garhoud,,quarter,2025-01-01,2025-03-31,median_rent_per_sqft,all,all,552.18,375,higher,[],2026-09-08,dlx-aggregates-2
community:378:quarter:2025-04-01:median_rent_per_sqft:all:all,community,378,Al Garhoud,,quarter,2025-04-01,2025-06-30,median_rent_per_sqft,all,all,625.0,375,higher,[],2026-09-08,dlx-aggregates-2
community:378:quarter:2025-07-01:median_rent_per_sqft:all:all,community,378,Al Garhoud,,quarter,2025-07-01,2025-09-30,median_rent_per_sqft,all,all,646.06,434,higher,[],2026-09-08,dlx-aggregates-2
community:378:quarter:2025-10-01:median_rent_per_sqft:all:all,community,378,Al Garhoud,,quarter,2025-10-01,2025-12-31,median_rent_per_sqft,all,all,621.01,354,higher,[],2026-09-08,dlx-aggregates-2
community:378:quarter:2026-01-01:median_rent_per_sqft:all:all,community,378,Al Garhoud,,quarter,2026-01-01,2026-03-31,median_rent_per_sqft,all,all,568.95,335,higher,[],2026-09-08,dlx-aggregates-2
community:378:quarter:2026-04-01:median_rent_per_sqft:all:all,community,378,Al Garhoud,,quarter,2026-04-01,2026-06-30,median_rent_per_sqft,all,all,613.95,339,higher,[],2026-09-08,dlx-aggregates-2
community:378:quarter:2026-07-01:median_rent_per_sqft:all:all,community,378,Al Garhoud,,quarter,2026-07-01,2026-09-30,median_rent_per_sqft,all,all,633.14,242,higher,[],2026-09-08,dlx-aggregates-2
community:382:quarter:2019-01-01:median_rent_per_sqft:all:all,community,382,Al Waheda,,quarter,2019-01-01,2019-03-31,median_rent_per_sqft,all,all,265.72,63,moderate,[],2026-09-08,dlx-aggregates-2
community:382:quarter:2019-04-01:median_rent_per_sqft:all:all,community,382,Al Waheda,,quarter,2019-04-01,2019-06-30,median_rent_per_sqft,all,all,256.41,45,moderate,[],2026-09-08,dlx-aggregates-2
community:382:quarter:2019-07-01:median_rent_per_sqft:all:all,community,382,Al Waheda,,quarter,2019-07-01,2019-09-30,median_rent_per_sqft,all,all,294.76,38,moderate,[],2026-09-08,dlx-aggregates-2
community:382:quarter:2019-10-01:median_rent_per_sqft:all:all,community,382,Al Waheda,,quarter,2019-10-01,2019-12-31,median_rent_per_sqft,all,all,248.76,31,moderate,[],2026-09-08,dlx-aggregates-2
community:382:quarter:2020-01-01:median_rent_per_sqft:all:all,community,382,Al Waheda,,quarter,2020-01-01,2020-03-31,median_rent_per_sqft,all,all,217.69,59,moderate,[],2026-09-08,dlx-aggregates-2
community:382:quarter:2020-04-01:median_rent_per_sqft:all:all,community,382,Al Waheda,,quarter,2020-04-01,2020-06-30,median_rent_per_sqft,all,all,192.78,35,moderate,[],2026-09-08,dlx-aggregates-2
community:382:quarter:2020-07-01:median_rent_per_sqft:all:all,community,382,Al Waheda,,quarter,2020-07-01,2020-09-30,median_rent_per_sqft,all,all,233.56,46,moderate,[],2026-09-08,dlx-aggregates-2
community:382:quarter:2020-10-01:median_rent_per_sqft:all:all,community,382,Al Waheda,,quarter,2020-10-01,2020-12-31,median_rent_per_sqft,all,all,226.5,40,moderate,[],2026-09-08,dlx-aggregates-2
community:382:quarter:2021-01-01:median_rent_per_sqft:all:all,community,382,Al Waheda,,quarter,2021-01-01,2021-03-31,median_rent_per_sqft,all,all,226.28,58,moderate,[],2026-09-08,dlx-aggregates-2
community:382:quarter:2021-04-01:median_rent_per_sqft:all:all,community,382,Al Waheda,,quarter,2021-04-01,2021-06-30,median_rent_per_sqft,all,all,187.96,44,moderate,[],2026-09-08,dlx-aggregates-2
community:382:quarter:2021-07-01:median_rent_per_sqft:all:all,community,382,Al Waheda,,quarter,2021-07-01,2021-09-30,median_rent_per_sqft,all,all,143.88,51,moderate,[],2026-09-08,dlx-aggregates-2
community:382:quarter:2021-10-01:median_rent_per_sqft:all:all,community,382,Al Waheda,,quarter,2021-10-01,2021-12-31,median_rent_per_sqft,all,all,215.52,46,moderate,[],2026-09-08,dlx-aggregates-2
community:382:quarter:2022-01-01:median_rent_per_sqft:all:all,community,382,Al Waheda,,quarter,2022-01-01,2022-03-31,median_rent_per_sqft,all,all,239.32,73,moderate,[],2026-09-08,dlx-aggregates-2
community:382:quarter:2022-04-01:median_rent_per_sqft:all:all,community,382,Al Waheda,,quarter,2022-04-01,2022-06-30,median_rent_per_sqft,all,all,179.37,35,moderate,[],2026-09-08,dlx-aggregates-2
community:382:quarter:2022-07-01:median_rent_per_sqft:all:all,community,382,Al Waheda,,quarter,2022-07-01,2022-09-30,median_rent_per_sqft,all,all,154.83,73,moderate,[],2026-09-08,dlx-aggregates-2
community:382:quarter:2022-10-01:median_rent_per_sqft:all:all,community,382,Al Waheda,,quarter,2022-10-01,2022-12-31,median_rent_per_sqft,all,all,215.28,51,moderate,[],2026-09-08,dlx-aggregates-2
community:382:quarter:2023-01-01:median_rent_per_sqft:all:all,community,382,Al Waheda,,quarter,2023-01-01,2023-03-31,median_rent_per_sqft,all,all,212.98,58,moderate,[],2026-09-08,dlx-aggregates-2
community:382:quarter:2023-04-01:median_rent_per_sqft:all:all,community,382,Al Waheda,,quarter,2023-04-01,2023-06-30,median_rent_per_sqft,all,all,246.21,37,moderate,[],2026-09-08,dlx-aggregates-2
community:382:quarter:2023-07-01:median_rent_per_sqft:all:all,community,382,Al Waheda,,quarter,2023-07-01,2023-09-30,median_rent_per_sqft,all,all,216.72,60,moderate,[],2026-09-08,dlx-aggregates-2
community:382:quarter:2023-10-01:median_rent_per_sqft:all:all,community,382,Al Waheda,,quarter,2023-10-01,2023-12-31,median_rent_per_sqft,all,all,215.52,49,moderate,[],2026-09-08,dlx-aggregates-2
community:382:quarter:2024-01-01:median_rent_per_sqft:all:all,community,382,Al Waheda,,quarter,2024-01-01,2024-03-31,median_rent_per_sqft,all,all,317.46,68,moderate,[],2026-09-08,dlx-aggregates-2
community:382:quarter:2024-04-01:median_rent_per_sqft:all:all,community,382,Al Waheda,,quarter,2024-04-01,2024-06-30,median_rent_per_sqft,all,all,268.04,40,moderate,[],2026-09-08,dlx-aggregates-2
community:382:quarter:2024-07-01:median_rent_per_sqft:all:all,community,382,Al Waheda,,quarter,2024-07-01,2024-09-30,median_rent_per_sqft,all,all,269.58,59,moderate,[],2026-09-08,dlx-aggregates-2
community:382:quarter:2024-10-01:median_rent_per_sqft:all:all,community,382,Al Waheda,,quarter,2024-10-01,2024-12-31,median_rent_per_sqft,all,all,247.73,45,moderate,[],2026-09-08,dlx-aggregates-2
community:382:quarter:2025-01-01:median_rent_per_sqft:all:all,community,382,Al Waheda,,quarter,2025-01-01,2025-03-31,median_rent_per_sqft,all,all,286.2,65,moderate,[],2026-09-08,dlx-aggregates-2
community:382:quarter:2025-04-01:median_rent_per_sqft:all:all,community,382,Al Waheda,,quarter,2025-04-01,2025-06-30,median_rent_per_sqft,all,all,268.85,49,moderate,[],2026-09-08,dlx-aggregates-2
community:382:quarter:2025-07-01:median_rent_per_sqft:all:all,community,382,Al Waheda,,quarter,2025-07-01,2025-09-30,median_rent_per_sqft,all,all,275.0,69,moderate,[],2026-09-08,dlx-aggregates-2
community:382:quarter:2025-10-01:median_rent_per_sqft:all:all,community,382,Al Waheda,,quarter,2025-10-01,2025-12-31,median_rent_per_sqft,all,all,256.96,49,moderate,[],2026-09-08,dlx-aggregates-2
community:382:quarter:2026-01-01:median_rent_per_sqft:all:all,community,382,Al Waheda,,quarter,2026-01-01,2026-03-31,median_rent_per_sqft,all,all,310.36,68,moderate,[],2026-09-08,dlx-aggregates-2
community:382:quarter:2026-04-01:median_rent_per_sqft:all:all,community,382,Al Waheda,,quarter,2026-04-01,2026-06-30,median_rent_per_sqft,all,all,301.72,43,moderate,[],2026-09-08,dlx-aggregates-2
community:382:quarter:2026-07-01:median_rent_per_sqft:all:all,community,382,Al Waheda,,quarter,2026-07-01,2026-09-30,median_rent_per_sqft,all,all,395.93,36,moderate,[],2026-09-08,dlx-aggregates-2
community:388:quarter:2019-01-01:median_rent_per_sqft:all:all,community,388,Oud Metha,,quarter,2019-01-01,2019-03-31,median_rent_per_sqft,all,all,645.16,769,higher,[],2026-09-08,dlx-aggregates-2
community:388:quarter:2019-04-01:median_rent_per_sqft:all:all,community,388,Oud Metha,,quarter,2019-04-01,2019-06-30,median_rent_per_sqft,all,all,658.24,511,higher,[],2026-09-08,dlx-aggregates-2
community:388:quarter:2019-07-01:median_rent_per_sqft:all:all,community,388,Oud Metha,,quarter,2019-07-01,2019-09-30,median_rent_per_sqft,all,all,637.37,539,higher,[],2026-09-08,dlx-aggregates-2
community:388:quarter:2019-10-01:median_rent_per_sqft:all:all,community,388,Oud Metha,,quarter,2019-10-01,2019-12-31,median_rent_per_sqft,all,all,669.3,579,higher,[],2026-09-08,dlx-aggregates-2
community:388:quarter:2020-01-01:median_rent_per_sqft:all:all,community,388,Oud Metha,,quarter,2020-01-01,2020-03-31,median_rent_per_sqft,all,all,607.07,697,higher,[],2026-09-08,dlx-aggregates-2
community:388:quarter:2020-04-01:median_rent_per_sqft:all:all,community,388,Oud Metha,,quarter,2020-04-01,2020-06-30,median_rent_per_sqft,all,all,591.48,440,higher,[],2026-09-08,dlx-aggregates-2
community:388:quarter:2020-07-01:median_rent_per_sqft:all:all,community,388,Oud Metha,,quarter,2020-07-01,2020-09-30,median_rent_per_sqft,all,all,574.95,539,higher,[],2026-09-08,dlx-aggregates-2
community:388:quarter:2020-10-01:median_rent_per_sqft:all:all,community,388,Oud Metha,,quarter,2020-10-01,2020-12-31,median_rent_per_sqft,all,all,587.29,572,higher,[],2026-09-08,dlx-aggregates-2
community:388:quarter:2021-01-01:median_rent_per_sqft:all:all,community,388,Oud Metha,,quarter,2021-01-01,2021-03-31,median_rent_per_sqft,all,all,543.98,647,higher,[],2026-09-08,dlx-aggregates-2
community:388:quarter:2021-04-01:median_rent_per_sqft:all:all,community,388,Oud Metha,,quarter,2021-04-01,2021-06-30,median_rent_per_sqft,all,all,538.46,440,higher,[],2026-09-08,dlx-aggregates-2
community:388:quarter:2021-07-01:median_rent_per_sqft:all:all,community,388,Oud Metha,,quarter,2021-07-01,2021-09-30,median_rent_per_sqft,all,all,532.96,516,higher,[],2026-09-08,dlx-aggregates-2
community:388:quarter:2021-10-01:median_rent_per_sqft:all:all,community,388,Oud Metha,,quarter,2021-10-01,2021-12-31,median_rent_per_sqft,all,all,551.87,672,higher,[],2026-09-08,dlx-aggregates-2
community:388:quarter:2022-01-01:median_rent_per_sqft:all:all,community,388,Oud Metha,,quarter,2022-01-01,2022-03-31,median_rent_per_sqft,all,all,530.04,700,higher,[],2026-09-08,dlx-aggregates-2
community:388:quarter:2022-04-01:median_rent_per_sqft:all:all,community,388,Oud Metha,,quarter,2022-04-01,2022-06-30,median_rent_per_sqft,all,all,529.8,564,higher,[],2026-09-08,dlx-aggregates-2
community:388:quarter:2022-07-01:median_rent_per_sqft:all:all,community,388,Oud Metha,,quarter,2022-07-01,2022-09-30,median_rent_per_sqft,all,all,541.67,573,higher,[],2026-09-08,dlx-aggregates-2
community:388:quarter:2022-10-01:median_rent_per_sqft:all:all,community,388,Oud Metha,,quarter,2022-10-01,2022-12-31,median_rent_per_sqft,all,all,559.06,612,higher,[],2026-09-08,dlx-aggregates-2
community:388:quarter:2023-01-01:median_rent_per_sqft:all:all,community,388,Oud Metha,,quarter,2023-01-01,2023-03-31,median_rent_per_sqft,all,all,570.3,818,higher,[],2026-09-08,dlx-aggregates-2
community:388:quarter:2023-04-01:median_rent_per_sqft:all:all,community,388,Oud Metha,,quarter,2023-04-01,2023-06-30,median_rent_per_sqft,all,all,568.22,684,higher,[],2026-09-08,dlx-aggregates-2
community:388:quarter:2023-07-01:median_rent_per_sqft:all:all,community,388,Oud Metha,,quarter,2023-07-01,2023-09-30,median_rent_per_sqft,all,all,633.8,903,higher,[],2026-09-08,dlx-aggregates-2
community:388:quarter:2023-10-01:median_rent_per_sqft:all:all,community,388,Oud Metha,,quarter,2023-10-01,2023-12-31,median_rent_per_sqft,all,all,595.21,708,higher,[],2026-09-08,dlx-aggregates-2
community:388:quarter:2024-01-01:median_rent_per_sqft:all:all,community,388,Oud Metha,,quarter,2024-01-01,2024-03-31,median_rent_per_sqft,all,all,603.89,823,higher,[],2026-09-08,dlx-aggregates-2
community:388:quarter:2024-04-01:median_rent_per_sqft:all:all,community,388,Oud Metha,,quarter,2024-04-01,2024-06-30,median_rent_per_sqft,all,all,612.5,719,higher,[],2026-09-08,dlx-aggregates-2
community:388:quarter:2024-07-01:median_rent_per_sqft:all:all,community,388,Oud Metha,,quarter,2024-07-01,2024-09-30,median_rent_per_sqft,all,all,623.33,646,higher,[],2026-09-08,dlx-aggregates-2
community:388:quarter:2024-10-01:median_rent_per_sqft:all:all,community,388,Oud Metha,,quarter,2024-10-01,2024-12-31,median_rent_per_sqft,all,all,643.9,684,higher,[],2026-09-08,dlx-aggregates-2
community:388:quarter:2025-01-01:median_rent_per_sqft:all:all,community,388,Oud Metha,,quarter,2025-01-01,2025-03-31,median_rent_per_sqft,all,all,687.54,1030,higher,[],2026-09-08,dlx-aggregates-2
community:388:quarter:2025-04-01:median_rent_per_sqft:all:all,community,388,Oud Metha,,quarter,2025-04-01,2025-06-30,median_rent_per_sqft,all,all,638.0,686,higher,[],2026-09-08,dlx-aggregates-2
community:388:quarter:2025-07-01:median_rent_per_sqft:all:all,community,388,Oud Metha,,quarter,2025-07-01,2025-09-30,median_rent_per_sqft,all,all,653.31,665,higher,[],2026-09-08,dlx-aggregates-2
community:388:quarter:2025-10-01:median_rent_per_sqft:all:all,community,388,Oud Metha,,quarter,2025-10-01,2025-12-31,median_rent_per_sqft,all,all,662.42,603,higher,[],2026-09-08,dlx-aggregates-2
community:388:quarter:2026-01-01:median_rent_per_sqft:all:all,community,388,Oud Metha,,quarter,2026-01-01,2026-03-31,median_rent_per_sqft,all,all,698.77,1003,higher,[],2026-09-08,dlx-aggregates-2
community:388:quarter:2026-04-01:median_rent_per_sqft:all:all,community,388,Oud Metha,,quarter,2026-04-01,2026-06-30,median_rent_per_sqft,all,all,653.54,621,higher,[],2026-09-08,dlx-aggregates-2
community:388:quarter:2026-07-01:median_rent_per_sqft:all:all,community,388,Oud Metha,,quarter,2026-07-01,2026-09-30,median_rent_per_sqft,all,all,665.73,487,higher,[],2026-09-08,dlx-aggregates-2
community:390:quarter:2019-01-01:median_rent_per_sqft:all:all,community,390,Burj Khalifa,,quarter,2019-01-01,2019-03-31,median_rent_per_sqft,all,all,958.27,900,higher,[],2026-09-08,dlx-aggregates-2
community:390:quarter:2019-04-01:median_rent_per_sqft:all:all,community,390,Burj Khalifa,,quarter,2019-04-01,2019-06-30,median_rent_per_sqft,all,all,928.54,737,higher,[],2026-09-08,dlx-aggregates-2
community:390:quarter:2019-07-01:median_rent_per_sqft:all:all,community,390,Burj Khalifa,,quarter,2019-07-01,2019-09-30,median_rent_per_sqft,all,all,888.24,872,higher,[],2026-09-08,dlx-aggregates-2
community:390:quarter:2019-10-01:median_rent_per_sqft:all:all,community,390,Burj Khalifa,,quarter,2019-10-01,2019-12-31,median_rent_per_sqft,all,all,899.12,934,higher,[],2026-09-08,dlx-aggregates-2
community:390:quarter:2020-01-01:median_rent_per_sqft:all:all,community,390,Burj Khalifa,,quarter,2020-01-01,2020-03-31,median_rent_per_sqft,all,all,890.01,881,higher,[],2026-09-08,dlx-aggregates-2
community:390:quarter:2020-04-01:median_rent_per_sqft:all:all,community,390,Burj Khalifa,,quarter,2020-04-01,2020-06-30,median_rent_per_sqft,all,all,813.79,614,higher,[],2026-09-08,dlx-aggregates-2
community:390:quarter:2020-07-01:median_rent_per_sqft:all:all,community,390,Burj Khalifa,,quarter,2020-07-01,2020-09-30,median_rent_per_sqft,all,all,768.13,1083,higher,[],2026-09-08,dlx-aggregates-2
community:390:quarter:2020-10-01:median_rent_per_sqft:all:all,community,390,Burj Khalifa,,quarter,2020-10-01,2020-12-31,median_rent_per_sqft,all,all,767.92,1243,higher,[],2026-09-08,dlx-aggregates-2
community:390:quarter:2021-01-01:median_rent_per_sqft:all:all,community,390,Burj Khalifa,,quarter,2021-01-01,2021-03-31,median_rent_per_sqft,all,all,788.19,1154,higher,[],2026-09-08,dlx-aggregates-2
community:390:quarter:2021-04-01:median_rent_per_sqft:all:all,community,390,Burj Khalifa,,quarter,2021-04-01,2021-06-30,median_rent_per_sqft,all,all,784.65,963,higher,[],2026-09-08,dlx-aggregates-2
community:390:quarter:2021-07-01:median_rent_per_sqft:all:all,community,390,Burj Khalifa,,quarter,2021-07-01,2021-09-30,median_rent_per_sqft,all,all,801.33,1252,higher,[],2026-09-08,dlx-aggregates-2
community:390:quarter:2021-10-01:median_rent_per_sqft:all:all,community,390,Burj Khalifa,,quarter,2021-10-01,2021-12-31,median_rent_per_sqft,all,all,843.57,1309,higher,[],2026-09-08,dlx-aggregates-2
community:390:quarter:2022-01-01:median_rent_per_sqft:all:all,community,390,Burj Khalifa,,quarter,2022-01-01,2022-03-31,median_rent_per_sqft,all,all,881.14,1079,higher,[],2026-09-08,dlx-aggregates-2
community:390:quarter:2022-04-01:median_rent_per_sqft:all:all,community,390,Burj Khalifa,,quarter,2022-04-01,2022-06-30,median_rent_per_sqft,all,all,903.99,939,higher,[],2026-09-08,dlx-aggregates-2
community:390:quarter:2022-07-01:median_rent_per_sqft:all:all,community,390,Burj Khalifa,,quarter,2022-07-01,2022-09-30,median_rent_per_sqft,all,all,937.25,1195,higher,[],2026-09-08,dlx-aggregates-2
community:390:quarter:2022-10-01:median_rent_per_sqft:all:all,community,390,Burj Khalifa,,quarter,2022-10-01,2022-12-31,median_rent_per_sqft,all,all,973.29,1286,higher,[],2026-09-08,dlx-aggregates-2
community:390:quarter:2023-01-01:median_rent_per_sqft:all:all,community,390,Burj Khalifa,,quarter,2023-01-01,2023-03-31,median_rent_per_sqft,all,all,1042.34,1088,higher,[],2026-09-08,dlx-aggregates-2
community:390:quarter:2023-04-01:median_rent_per_sqft:all:all,community,390,Burj Khalifa,,quarter,2023-04-01,2023-06-30,median_rent_per_sqft,all,all,1067.21,924,higher,[],2026-09-08,dlx-aggregates-2
community:390:quarter:2023-07-01:median_rent_per_sqft:all:all,community,390,Burj Khalifa,,quarter,2023-07-01,2023-09-30,median_rent_per_sqft,all,all,1126.59,1205,higher,[],2026-09-08,dlx-aggregates-2
community:390:quarter:2023-10-01:median_rent_per_sqft:all:all,community,390,Burj Khalifa,,quarter,2023-10-01,2023-12-31,median_rent_per_sqft,all,all,1191.16,1307,higher,[],2026-09-08,dlx-aggregates-2
community:390:quarter:2024-01-01:median_rent_per_sqft:all:all,community,390,Burj Khalifa,,quarter,2024-01-01,2024-03-31,median_rent_per_sqft,all,all,1287.3,1193,higher,[],2026-09-08,dlx-aggregates-2
community:390:quarter:2024-04-01:median_rent_per_sqft:all:all,community,390,Burj Khalifa,,quarter,2024-04-01,2024-06-30,median_rent_per_sqft,all,all,1281.58,1066,higher,[],2026-09-08,dlx-aggregates-2
community:390:quarter:2024-07-01:median_rent_per_sqft:all:all,community,390,Burj Khalifa,,quarter,2024-07-01,2024-09-30,median_rent_per_sqft,all,all,1294.74,1364,higher,[],2026-09-08,dlx-aggregates-2
community:390:quarter:2024-10-01:median_rent_per_sqft:all:all,community,390,Burj Khalifa,,quarter,2024-10-01,2024-12-31,median_rent_per_sqft,all,all,1378.04,1368,higher,[],2026-09-08,dlx-aggregates-2
community:390:quarter:2025-01-01:median_rent_per_sqft:all:all,community,390,Burj Khalifa,,quarter,2025-01-01,2025-03-31,median_rent_per_sqft,all,all,1392.43,1271,higher,[],2026-09-08,dlx-aggregates-2
community:390:quarter:2025-04-01:median_rent_per_sqft:all:all,community,390,Burj Khalifa,,quarter,2025-04-01,2025-06-30,median_rent_per_sqft,all,all,1413.86,1180,higher,[],2026-09-08,dlx-aggregates-2
community:390:quarter:2025-07-01:median_rent_per_sqft:all:all,community,390,Burj Khalifa,,quarter,2025-07-01,2025-09-30,median_rent_per_sqft,all,all,1433.92,1504,higher,[],2026-09-08,dlx-aggregates-2
community:390:quarter:2025-10-01:median_rent_per_sqft:all:all,community,390,Burj Khalifa,,quarter,2025-10-01,2025-12-31,median_rent_per_sqft,all,all,1479.2,1453,higher,[],2026-09-08,dlx-aggregates-2
community:390:quarter:2026-01-01:median_rent_per_sqft:all:all,community,390,Burj Khalifa,,quarter,2026-01-01,2026-03-31,median_rent_per_sqft,all,all,1461.77,1099,higher,[],2026-09-08,dlx-aggregates-2
community:390:quarter:2026-04-01:median_rent_per_sqft:all:all,community,390,Burj Khalifa,,quarter,2026-04-01,2026-06-30,median_rent_per_sqft,all,all,1330.42,940,higher,[],2026-09-08,dlx-aggregates-2
community:390:quarter:2026-07-01:median_rent_per_sqft:all:all,community,390,Burj Khalifa,,quarter,2026-07-01,2026-09-30,median_rent_per_sqft,all,all,1314.19,1054,higher,[],2026-09-08,dlx-aggregates-2
community:393:quarter:2019-01-01:median_rent_per_sqft:all:all,community,393,Al Barsha Second,,quarter,2019-01-01,2019-03-31,median_rent_per_sqft,all,all,222.04,50,moderate,[],2026-09-08,dlx-aggregates-2
community:393:quarter:2019-04-01:median_rent_per_sqft:all:all,community,393,Al Barsha Second,,quarter,2019-04-01,2019-06-30,median_rent_per_sqft,all,all,191.23,61,moderate,[],2026-09-08,dlx-aggregates-2
community:393:quarter:2019-07-01:median_rent_per_sqft:all:all,community,393,Al Barsha Second,,quarter,2019-07-01,2019-09-30,median_rent_per_sqft,all,all,193.72,46,moderate,[],2026-09-08,dlx-aggregates-2
community:393:quarter:2019-10-01:median_rent_per_sqft:all:all,community,393,Al Barsha Second,,quarter,2019-10-01,2019-12-31,median_rent_per_sqft,all,all,202.8,52,moderate,[],2026-09-08,dlx-aggregates-2
community:393:quarter:2020-01-01:median_rent_per_sqft:all:all,community,393,Al Barsha Second,,quarter,2020-01-01,2020-03-31,median_rent_per_sqft,all,all,197.8,39,moderate,[],2026-09-08,dlx-aggregates-2
community:393:quarter:2020-04-01:median_rent_per_sqft:all:all,community,393,Al Barsha Second,,quarter,2020-04-01,2020-06-30,median_rent_per_sqft,all,all,202.9,46,moderate,[],2026-09-08,dlx-aggregates-2
community:393:quarter:2020-07-01:median_rent_per_sqft:all:all,community,393,Al Barsha Second,,quarter,2020-07-01,2020-09-30,median_rent_per_sqft,all,all,165.89,64,moderate,[],2026-09-08,dlx-aggregates-2
community:393:quarter:2020-10-01:median_rent_per_sqft:all:all,community,393,Al Barsha Second,,quarter,2020-10-01,2020-12-31,median_rent_per_sqft,all,all,218.22,70,moderate,[],2026-09-08,dlx-aggregates-2
community:393:quarter:2021-01-01:median_rent_per_sqft:all:all,community,393,Al Barsha Second,,quarter,2021-01-01,2021-03-31,median_rent_per_sqft,all,all,207.67,62,moderate,[],2026-09-08,dlx-aggregates-2
community:393:quarter:2021-04-01:median_rent_per_sqft:all:all,community,393,Al Barsha Second,,quarter,2021-04-01,2021-06-30,median_rent_per_sqft,all,all,193.07,60,moderate,[],2026-09-08,dlx-aggregates-2
community:393:quarter:2021-07-01:median_rent_per_sqft:all:all,community,393,Al Barsha Second,,quarter,2021-07-01,2021-09-30,median_rent_per_sqft,all,all,210.52,65,moderate,[],2026-09-08,dlx-aggregates-2
community:393:quarter:2021-10-01:median_rent_per_sqft:all:all,community,393,Al Barsha Second,,quarter,2021-10-01,2021-12-31,median_rent_per_sqft,all,all,219.31,74,moderate,[],2026-09-08,dlx-aggregates-2
community:393:quarter:2022-01-01:median_rent_per_sqft:all:all,community,393,Al Barsha Second,,quarter,2022-01-01,2022-03-31,median_rent_per_sqft,all,all,286.94,59,moderate,[],2026-09-08,dlx-aggregates-2
community:393:quarter:2022-04-01:median_rent_per_sqft:all:all,community,393,Al Barsha Second,,quarter,2022-04-01,2022-06-30,median_rent_per_sqft,all,all,240.0,55,moderate,[],2026-09-08,dlx-aggregates-2
community:393:quarter:2022-07-01:median_rent_per_sqft:all:all,community,393,Al Barsha Second,,quarter,2022-07-01,2022-09-30,median_rent_per_sqft,all,all,215.21,71,moderate,[],2026-09-08,dlx-aggregates-2
community:393:quarter:2022-10-01:median_rent_per_sqft:all:all,community,393,Al Barsha Second,,quarter,2022-10-01,2022-12-31,median_rent_per_sqft,all,all,204.29,62,moderate,[],2026-09-08,dlx-aggregates-2
community:393:quarter:2023-01-01:median_rent_per_sqft:all:all,community,393,Al Barsha Second,,quarter,2023-01-01,2023-03-31,median_rent_per_sqft,all,all,273.41,59,moderate,[],2026-09-08,dlx-aggregates-2
community:393:quarter:2023-04-01:median_rent_per_sqft:all:all,community,393,Al Barsha Second,,quarter,2023-04-01,2023-06-30,median_rent_per_sqft,all,all,250.0,51,moderate,[],2026-09-08,dlx-aggregates-2
community:393:quarter:2023-07-01:median_rent_per_sqft:all:all,community,393,Al Barsha Second,,quarter,2023-07-01,2023-09-30,median_rent_per_sqft,all,all,258.25,73,moderate,[],2026-09-08,dlx-aggregates-2
community:393:quarter:2023-10-01:median_rent_per_sqft:all:all,community,393,Al Barsha Second,,quarter,2023-10-01,2023-12-31,median_rent_per_sqft,all,all,267.15,86,moderate,[],2026-09-08,dlx-aggregates-2
community:393:quarter:2024-01-01:median_rent_per_sqft:all:all,community,393,Al Barsha Second,,quarter,2024-01-01,2024-03-31,median_rent_per_sqft,all,all,296.1,68,moderate,[],2026-09-08,dlx-aggregates-2
community:393:quarter:2024-04-01:median_rent_per_sqft:all:all,community,393,Al Barsha Second,,quarter,2024-04-01,2024-06-30,median_rent_per_sqft,all,all,305.03,52,moderate,[],2026-09-08,dlx-aggregates-2
community:393:quarter:2024-07-01:median_rent_per_sqft:all:all,community,393,Al Barsha Second,,quarter,2024-07-01,2024-09-30,median_rent_per_sqft,all,all,330.33,77,moderate,[],2026-09-08,dlx-aggregates-2
community:393:quarter:2024-10-01:median_rent_per_sqft:all:all,community,393,Al Barsha Second,,quarter,2024-10-01,2024-12-31,median_rent_per_sqft,all,all,254.12,70,moderate,[],2026-09-08,dlx-aggregates-2
community:393:quarter:2025-01-01:median_rent_per_sqft:all:all,community,393,Al Barsha Second,,quarter,2025-01-01,2025-03-31,median_rent_per_sqft,all,all,322.81,63,moderate,[],2026-09-08,dlx-aggregates-2
community:393:quarter:2025-04-01:median_rent_per_sqft:all:all,community,393,Al Barsha Second,,quarter,2025-04-01,2025-06-30,median_rent_per_sqft,all,all,274.35,57,moderate,[],2026-09-08,dlx-aggregates-2
community:393:quarter:2025-07-01:median_rent_per_sqft:all:all,community,393,Al Barsha Second,,quarter,2025-07-01,2025-09-30,median_rent_per_sqft,all,all,341.05,82,moderate,[],2026-09-08,dlx-aggregates-2
community:393:quarter:2025-10-01:median_rent_per_sqft:all:all,community,393,Al Barsha Second,,quarter,2025-10-01,2025-12-31,median_rent_per_sqft,all,all,265.33,72,moderate,[],2026-09-08,dlx-aggregates-2
community:393:quarter:2026-01-01:median_rent_per_sqft:all:all,community,393,Al Barsha Second,,quarter,2026-01-01,2026-03-31,median_rent_per_sqft,all,all,326.52,60,moderate,[],2026-09-08,dlx-aggregates-2
community:393:quarter:2026-04-01:median_rent_per_sqft:all:all,community,393,Al Barsha Second,,quarter,2026-04-01,2026-06-30,median_rent_per_sqft,all,all,351.47,45,moderate,[],2026-09-08,dlx-aggregates-2
community:393:quarter:2026-07-01:median_rent_per_sqft:all:all,community,393,Al Barsha Second,,quarter,2026-07-01,2026-09-30,median_rent_per_sqft,all,all,373.54,44,moderate,[],2026-09-08,dlx-aggregates-2
community:395:quarter:2019-01-01:median_rent_per_sqft:all:all,community,395,Jabal Ali Industrial First,,quarter,2019-01-01,2019-03-31,median_rent_per_sqft,all,all,1166.67,60,moderate,[],2026-09-08,dlx-aggregates-2
community:395:quarter:2019-04-01:median_rent_per_sqft:all:all,community,395,Jabal Ali Industrial First,,quarter,2019-04-01,2019-06-30,median_rent_per_sqft,all,all,866.67,71,moderate,[],2026-09-08,dlx-aggregates-2
community:395:quarter:2019-07-01:median_rent_per_sqft:all:all,community,395,Jabal Ali Industrial First,,quarter,2019-07-01,2019-09-30,median_rent_per_sqft,all,all,820.0,106,moderate,[],2026-09-08,dlx-aggregates-2
community:395:quarter:2019-10-01:median_rent_per_sqft:all:all,community,395,Jabal Ali Industrial First,,quarter,2019-10-01,2019-12-31,median_rent_per_sqft,all,all,236.46,103,moderate,[],2026-09-08,dlx-aggregates-2
community:395:quarter:2020-07-01:median_rent_per_sqft:all:all,community,395,Jabal Ali Industrial First,,quarter,2020-07-01,2020-09-30,median_rent_per_sqft,all,all,71.04,34,moderate,[],2026-09-08,dlx-aggregates-2
community:395:quarter:2020-10-01:median_rent_per_sqft:all:all,community,395,Jabal Ali Industrial First,,quarter,2020-10-01,2020-12-31,median_rent_per_sqft,all,all,71.04,51,moderate,[],2026-09-08,dlx-aggregates-2
community:395:quarter:2021-07-01:median_rent_per_sqft:all:all,community,395,Jabal Ali Industrial First,,quarter,2021-07-01,2021-09-30,median_rent_per_sqft,all,all,71.04,31,moderate,[],2026-09-08,dlx-aggregates-2
community:395:quarter:2021-10-01:median_rent_per_sqft:all:all,community,395,Jabal Ali Industrial First,,quarter,2021-10-01,2021-12-31,median_rent_per_sqft,all,all,53.82,43,moderate,[],2026-09-08,dlx-aggregates-2
community:395:quarter:2022-10-01:median_rent_per_sqft:all:all,community,395,Jabal Ali Industrial First,,quarter,2022-10-01,2022-12-31,median_rent_per_sqft,all,all,2376.67,168,moderate,[],2026-09-08,dlx-aggregates-2
community:395:quarter:2023-01-01:median_rent_per_sqft:all:all,community,395,Jabal Ali Industrial First,,quarter,2023-01-01,2023-03-31,median_rent_per_sqft,all,all,306.32,32,moderate,[],2026-09-08,dlx-aggregates-2
community:395:quarter:2023-07-01:median_rent_per_sqft:all:all,community,395,Jabal Ali Industrial First,,quarter,2023-07-01,2023-09-30,median_rent_per_sqft,all,all,71.04,39,moderate,[],2026-09-08,dlx-aggregates-2
community:395:quarter:2023-10-01:median_rent_per_sqft:all:all,community,395,Jabal Ali Industrial First,,quarter,2023-10-01,2023-12-31,median_rent_per_sqft,all,all,2756.34,156,moderate,[],2026-09-08,dlx-aggregates-2
community:395:quarter:2024-01-01:median_rent_per_sqft:all:all,community,395,Jabal Ali Industrial First,,quarter,2024-01-01,2024-03-31,median_rent_per_sqft,all,all,700.0,63,moderate,[],2026-09-08,dlx-aggregates-2
community:395:quarter:2024-07-01:median_rent_per_sqft:all:all,community,395,Jabal Ali Industrial First,,quarter,2024-07-01,2024-09-30,median_rent_per_sqft,all,all,86.11,42,moderate,[],2026-09-08,dlx-aggregates-2
community:395:quarter:2024-10-01:median_rent_per_sqft:all:all,community,395,Jabal Ali Industrial First,,quarter,2024-10-01,2024-12-31,median_rent_per_sqft,all,all,66.2,42,moderate,[],2026-09-08,dlx-aggregates-2
community:395:quarter:2025-01-01:median_rent_per_sqft:all:all,community,395,Jabal Ali Industrial First,,quarter,2025-01-01,2025-03-31,median_rent_per_sqft,all,all,15600.0,225,higher,[],2026-09-08,dlx-aggregates-2
community:395:quarter:2025-07-01:median_rent_per_sqft:all:all,community,395,Jabal Ali Industrial First,,quarter,2025-07-01,2025-09-30,median_rent_per_sqft,all,all,9290.23,563,higher,[],2026-09-08,dlx-aggregates-2
community:395:quarter:2025-10-01:median_rent_per_sqft:all:all,community,395,Jabal Ali Industrial First,,quarter,2025-10-01,2025-12-31,median_rent_per_sqft,all,all,75.35,46,moderate,[],2026-09-08,dlx-aggregates-2
community:395:quarter:2026-01-01:median_rent_per_sqft:all:all,community,395,Jabal Ali Industrial First,,quarter,2026-01-01,2026-03-31,median_rent_per_sqft,all,all,18720.0,217,higher,[],2026-09-08,dlx-aggregates-2
community:396:quarter:2021-07-01:median_rent_per_sqft:all:all,community,396,Al Khawaneej First,,quarter,2021-07-01,2021-09-30,median_rent_per_sqft,all,all,171.32,37,moderate,[],2026-09-08,dlx-aggregates-2
community:396:quarter:2022-07-01:median_rent_per_sqft:all:all,community,396,Al Khawaneej First,,quarter,2022-07-01,2022-09-30,median_rent_per_sqft,all,all,176.41,36,moderate,[],2026-09-08,dlx-aggregates-2
community:396:quarter:2023-01-01:median_rent_per_sqft:all:all,community,396,Al Khawaneej First,,quarter,2023-01-01,2023-03-31,median_rent_per_sqft,all,all,209.9,35,moderate,[],2026-09-08,dlx-aggregates-2
community:396:quarter:2023-07-01:median_rent_per_sqft:all:all,community,396,Al Khawaneej First,,quarter,2023-07-01,2023-09-30,median_rent_per_sqft,all,all,227.27,35,moderate,[],2026-09-08,dlx-aggregates-2
community:396:quarter:2023-10-01:median_rent_per_sqft:all:all,community,396,Al Khawaneej First,,quarter,2023-10-01,2023-12-31,median_rent_per_sqft,all,all,188.37,41,moderate,[],2026-09-08,dlx-aggregates-2
community:396:quarter:2024-04-01:median_rent_per_sqft:all:all,community,396,Al Khawaneej First,,quarter,2024-04-01,2024-06-30,median_rent_per_sqft,all,all,292.16,35,moderate,[],2026-09-08,dlx-aggregates-2
community:396:quarter:2024-07-01:median_rent_per_sqft:all:all,community,396,Al Khawaneej First,,quarter,2024-07-01,2024-09-30,median_rent_per_sqft,all,all,239.88,43,moderate,[],2026-09-08,dlx-aggregates-2
community:396:quarter:2024-10-01:median_rent_per_sqft:all:all,community,396,Al Khawaneej First,,quarter,2024-10-01,2024-12-31,median_rent_per_sqft,all,all,179.92,40,moderate,[],2026-09-08,dlx-aggregates-2
community:396:quarter:2025-04-01:median_rent_per_sqft:all:all,community,396,Al Khawaneej First,,quarter,2025-04-01,2025-06-30,median_rent_per_sqft,all,all,227.85,39,moderate,[],2026-09-08,dlx-aggregates-2
community:396:quarter:2025-07-01:median_rent_per_sqft:all:all,community,396,Al Khawaneej First,,quarter,2025-07-01,2025-09-30,median_rent_per_sqft,all,all,246.86,51,moderate,[],2026-09-08,dlx-aggregates-2
community:396:quarter:2026-01-01:median_rent_per_sqft:all:all,community,396,Al Khawaneej First,,quarter,2026-01-01,2026-03-31,median_rent_per_sqft,all,all,280.11,39,moderate,[],2026-09-08,dlx-aggregates-2
community:396:quarter:2026-04-01:median_rent_per_sqft:all:all,community,396,Al Khawaneej First,,quarter,2026-04-01,2026-06-30,median_rent_per_sqft,all,all,400.0,33,moderate,[],2026-09-08,dlx-aggregates-2
community:396:quarter:2026-07-01:median_rent_per_sqft:all:all,community,396,Al Khawaneej First,,quarter,2026-07-01,2026-09-30,median_rent_per_sqft,all,all,215.75,34,moderate,[],2026-09-08,dlx-aggregates-2
community:397:quarter:2025-01-01:median_rent_per_sqft:all:all,community,397,Al Khawaneej Second,,quarter,2025-01-01,2025-03-31,median_rent_per_sqft,all,all,194.77,30,moderate,[],2026-09-08,dlx-aggregates-2
community:397:quarter:2025-07-01:median_rent_per_sqft:all:all,community,397,Al Khawaneej Second,,quarter,2025-07-01,2025-09-30,median_rent_per_sqft,all,all,375.0,30,moderate,[],2026-09-08,dlx-aggregates-2
community:397:quarter:2025-10-01:median_rent_per_sqft:all:all,community,397,Al Khawaneej Second,,quarter,2025-10-01,2025-12-31,median_rent_per_sqft,all,all,277.04,30,moderate,[],2026-09-08,dlx-aggregates-2
community:397:quarter:2026-01-01:median_rent_per_sqft:all:all,community,397,Al Khawaneej Second,,quarter,2026-01-01,2026-03-31,median_rent_per_sqft,all,all,297.81,36,moderate,[],2026-09-08,dlx-aggregates-2
community:398:quarter:2025-01-01:median_rent_per_sqft:all:all,community,398,Al Aweer First,,quarter,2025-01-01,2025-03-31,median_rent_per_sqft,all,all,270.28,44,moderate,[],2026-09-08,dlx-aggregates-2
community:398:quarter:2025-04-01:median_rent_per_sqft:all:all,community,398,Al Aweer First,,quarter,2025-04-01,2025-06-30,median_rent_per_sqft,all,all,320.6,36,moderate,[],2026-09-08,dlx-aggregates-2
community:398:quarter:2025-07-01:median_rent_per_sqft:all:all,community,398,Al Aweer First,,quarter,2025-07-01,2025-09-30,median_rent_per_sqft,all,all,297.25,70,moderate,[],2026-09-08,dlx-aggregates-2
community:398:quarter:2025-10-01:median_rent_per_sqft:all:all,community,398,Al Aweer First,,quarter,2025-10-01,2025-12-31,median_rent_per_sqft,all,all,384.02,43,moderate,[],2026-09-08,dlx-aggregates-2
community:398:quarter:2026-01-01:median_rent_per_sqft:all:all,community,398,Al Aweer First,,quarter,2026-01-01,2026-03-31,median_rent_per_sqft,all,all,366.03,52,moderate,[],2026-09-08,dlx-aggregates-2
community:398:quarter:2026-04-01:median_rent_per_sqft:all:all,community,398,Al Aweer First,,quarter,2026-04-01,2026-06-30,median_rent_per_sqft,all,all,379.15,45,moderate,[],2026-09-08,dlx-aggregates-2
community:398:quarter:2026-07-01:median_rent_per_sqft:all:all,community,398,Al Aweer First,,quarter,2026-07-01,2026-09-30,median_rent_per_sqft,all,all,393.7,51,moderate,[],2026-09-08,dlx-aggregates-2
community:405:quarter:2021-07-01:median_rent_per_sqft:all:all,community,405,Bukadra,,quarter,2021-07-01,2021-09-30,median_rent_per_sqft,all,all,535.37,39,moderate,[],2026-09-08,dlx-aggregates-2
community:405:quarter:2021-10-01:median_rent_per_sqft:all:all,community,405,Bukadra,,quarter,2021-10-01,2021-12-31,median_rent_per_sqft,all,all,521.85,42,moderate,[],2026-09-08,dlx-aggregates-2
community:405:quarter:2022-10-01:median_rent_per_sqft:all:all,community,405,Bukadra,,quarter,2022-10-01,2022-12-31,median_rent_per_sqft,all,all,535.37,41,moderate,[],2026-09-08,dlx-aggregates-2
community:405:quarter:2023-01-01:median_rent_per_sqft:all:all,community,405,Bukadra,,quarter,2023-01-01,2023-03-31,median_rent_per_sqft,all,all,561.0,33,moderate,[],2026-09-08,dlx-aggregates-2
community:405:quarter:2023-07-01:median_rent_per_sqft:all:all,community,405,Bukadra,,quarter,2023-07-01,2023-09-30,median_rent_per_sqft,all,all,481.31,31,moderate,[],2026-09-08,dlx-aggregates-2
community:405:quarter:2023-10-01:median_rent_per_sqft:all:all,community,405,Bukadra,,quarter,2023-10-01,2023-12-31,median_rent_per_sqft,all,all,526.13,40,moderate,[],2026-09-08,dlx-aggregates-2
community:405:quarter:2024-01-01:median_rent_per_sqft:all:all,community,405,Bukadra,,quarter,2024-01-01,2024-03-31,median_rent_per_sqft,all,all,588.9,33,moderate,[],2026-09-08,dlx-aggregates-2
community:405:quarter:2024-07-01:median_rent_per_sqft:all:all,community,405,Bukadra,,quarter,2024-07-01,2024-09-30,median_rent_per_sqft,all,all,588.9,35,moderate,[],2026-09-08,dlx-aggregates-2
community:405:quarter:2024-10-01:median_rent_per_sqft:all:all,community,405,Bukadra,,quarter,2024-10-01,2024-12-31,median_rent_per_sqft,all,all,607.38,39,moderate,[],2026-09-08,dlx-aggregates-2
community:405:quarter:2025-01-01:median_rent_per_sqft:all:all,community,405,Bukadra,,quarter,2025-01-01,2025-03-31,median_rent_per_sqft,all,all,608.98,35,moderate,[],2026-09-08,dlx-aggregates-2
community:405:quarter:2025-07-01:median_rent_per_sqft:all:all,community,405,Bukadra,,quarter,2025-07-01,2025-09-30,median_rent_per_sqft,all,all,597.33,36,moderate,[],2026-09-08,dlx-aggregates-2
community:405:quarter:2025-10-01:median_rent_per_sqft:all:all,community,405,Bukadra,,quarter,2025-10-01,2025-12-31,median_rent_per_sqft,all,all,623.29,33,moderate,[],2026-09-08,dlx-aggregates-2
community:406:quarter:2025-04-01:median_rent_per_sqft:all:all,community,406,Nad Al Shiba Fourth,,quarter,2025-04-01,2025-06-30,median_rent_per_sqft,all,all,307.93,32,moderate,[],2026-09-08,dlx-aggregates-2
community:406:quarter:2026-04-01:median_rent_per_sqft:all:all,community,406,Nad Al Shiba Fourth,,quarter,2026-04-01,2026-06-30,median_rent_per_sqft,all,all,495.37,30,moderate,[],2026-09-08,dlx-aggregates-2
community:409:quarter:2019-01-01:median_rent_per_sqft:all:all,community,409,Al Barshaa South Third,,quarter,2019-01-01,2019-03-31,median_rent_per_sqft,all,all,9444.83,166,moderate,[],2026-09-08,dlx-aggregates-2
community:409:quarter:2019-04-01:median_rent_per_sqft:all:all,community,409,Al Barshaa South Third,,quarter,2019-04-01,2019-06-30,median_rent_per_sqft,all,all,593.32,78,moderate,[],2026-09-08,dlx-aggregates-2
community:409:quarter:2019-07-01:median_rent_per_sqft:all:all,community,409,Al Barshaa South Third,,quarter,2019-07-01,2019-09-30,median_rent_per_sqft,all,all,583.74,202,higher,[],2026-09-08,dlx-aggregates-2
community:409:quarter:2019-10-01:median_rent_per_sqft:all:all,community,409,Al Barshaa South Third,,quarter,2019-10-01,2019-12-31,median_rent_per_sqft,all,all,507.15,178,moderate,[],2026-09-08,dlx-aggregates-2
community:409:quarter:2020-01-01:median_rent_per_sqft:all:all,community,409,Al Barshaa South Third,,quarter,2020-01-01,2020-03-31,median_rent_per_sqft,all,all,552.86,159,moderate,[],2026-09-08,dlx-aggregates-2
community:409:quarter:2020-04-01:median_rent_per_sqft:all:all,community,409,Al Barshaa South Third,,quarter,2020-04-01,2020-06-30,median_rent_per_sqft,all,all,508.78,143,moderate,[],2026-09-08,dlx-aggregates-2
community:409:quarter:2020-07-01:median_rent_per_sqft:all:all,community,409,Al Barshaa South Third,,quarter,2020-07-01,2020-09-30,median_rent_per_sqft,all,all,519.45,238,higher,[],2026-09-08,dlx-aggregates-2
community:409:quarter:2020-10-01:median_rent_per_sqft:all:all,community,409,Al Barshaa South Third,,quarter,2020-10-01,2020-12-31,median_rent_per_sqft,all,all,483.8,180,moderate,[],2026-09-08,dlx-aggregates-2
community:409:quarter:2021-01-01:median_rent_per_sqft:all:all,community,409,Al Barshaa South Third,,quarter,2021-01-01,2021-03-31,median_rent_per_sqft,all,all,491.95,291,higher,[],2026-09-08,dlx-aggregates-2
community:409:quarter:2021-04-01:median_rent_per_sqft:all:all,community,409,Al Barshaa South Third,,quarter,2021-04-01,2021-06-30,median_rent_per_sqft,all,all,470.45,226,higher,[],2026-09-08,dlx-aggregates-2
community:409:quarter:2021-07-01:median_rent_per_sqft:all:all,community,409,Al Barshaa South Third,,quarter,2021-07-01,2021-09-30,median_rent_per_sqft,all,all,470.94,540,higher,[],2026-09-08,dlx-aggregates-2
community:409:quarter:2021-10-01:median_rent_per_sqft:all:all,community,409,Al Barshaa South Third,,quarter,2021-10-01,2021-12-31,median_rent_per_sqft,all,all,504.9,410,higher,[],2026-09-08,dlx-aggregates-2
community:409:quarter:2022-01-01:median_rent_per_sqft:all:all,community,409,Al Barshaa South Third,,quarter,2022-01-01,2022-03-31,median_rent_per_sqft,all,all,475.53,461,higher,[],2026-09-08,dlx-aggregates-2
community:409:quarter:2022-04-01:median_rent_per_sqft:all:all,community,409,Al Barshaa South Third,,quarter,2022-04-01,2022-06-30,median_rent_per_sqft,all,all,521.92,516,higher,[],2026-09-08,dlx-aggregates-2
community:409:quarter:2022-07-01:median_rent_per_sqft:all:all,community,409,Al Barshaa South Third,,quarter,2022-07-01,2022-09-30,median_rent_per_sqft,all,all,520.4,668,higher,[],2026-09-08,dlx-aggregates-2
community:409:quarter:2022-10-01:median_rent_per_sqft:all:all,community,409,Al Barshaa South Third,,quarter,2022-10-01,2022-12-31,median_rent_per_sqft,all,all,532.76,498,higher,[],2026-09-08,dlx-aggregates-2
community:409:quarter:2023-01-01:median_rent_per_sqft:all:all,community,409,Al Barshaa South Third,,quarter,2023-01-01,2023-03-31,median_rent_per_sqft,all,all,531.3,449,higher,[],2026-09-08,dlx-aggregates-2
community:409:quarter:2023-04-01:median_rent_per_sqft:all:all,community,409,Al Barshaa South Third,,quarter,2023-04-01,2023-06-30,median_rent_per_sqft,all,all,551.81,479,higher,[],2026-09-08,dlx-aggregates-2
community:409:quarter:2023-07-01:median_rent_per_sqft:all:all,community,409,Al Barshaa South Third,,quarter,2023-07-01,2023-09-30,median_rent_per_sqft,all,all,566.35,788,higher,[],2026-09-08,dlx-aggregates-2
community:409:quarter:2023-10-01:median_rent_per_sqft:all:all,community,409,Al Barshaa South Third,,quarter,2023-10-01,2023-12-31,median_rent_per_sqft,all,all,598.79,610,higher,[],2026-09-08,dlx-aggregates-2
community:409:quarter:2024-01-01:median_rent_per_sqft:all:all,community,409,Al Barshaa South Third,,quarter,2024-01-01,2024-03-31,median_rent_per_sqft,all,all,599.93,523,higher,[],2026-09-08,dlx-aggregates-2
community:409:quarter:2024-04-01:median_rent_per_sqft:all:all,community,409,Al Barshaa South Third,,quarter,2024-04-01,2024-06-30,median_rent_per_sqft,all,all,604.0,567,higher,[],2026-09-08,dlx-aggregates-2
community:409:quarter:2024-07-01:median_rent_per_sqft:all:all,community,409,Al Barshaa South Third,,quarter,2024-07-01,2024-09-30,median_rent_per_sqft,all,all,647.23,916,higher,[],2026-09-08,dlx-aggregates-2
community:409:quarter:2024-10-01:median_rent_per_sqft:all:all,community,409,Al Barshaa South Third,,quarter,2024-10-01,2024-12-31,median_rent_per_sqft,all,all,660.35,613,higher,[],2026-09-08,dlx-aggregates-2
community:409:quarter:2025-01-01:median_rent_per_sqft:all:all,community,409,Al Barshaa South Third,,quarter,2025-01-01,2025-03-31,median_rent_per_sqft,all,all,698.13,684,higher,[],2026-09-08,dlx-aggregates-2
community:409:quarter:2025-04-01:median_rent_per_sqft:all:all,community,409,Al Barshaa South Third,,quarter,2025-04-01,2025-06-30,median_rent_per_sqft,all,all,690.29,638,higher,[],2026-09-08,dlx-aggregates-2
community:409:quarter:2025-07-01:median_rent_per_sqft:all:all,community,409,Al Barshaa South Third,,quarter,2025-07-01,2025-09-30,median_rent_per_sqft,all,all,720.96,953,higher,[],2026-09-08,dlx-aggregates-2
community:409:quarter:2025-10-01:median_rent_per_sqft:all:all,community,409,Al Barshaa South Third,,quarter,2025-10-01,2025-12-31,median_rent_per_sqft,all,all,740.59,713,higher,[],2026-09-08,dlx-aggregates-2
community:409:quarter:2026-01-01:median_rent_per_sqft:all:all,community,409,Al Barshaa South Third,,quarter,2026-01-01,2026-03-31,median_rent_per_sqft,all,all,766.28,645,higher,[],2026-09-08,dlx-aggregates-2
community:409:quarter:2026-04-01:median_rent_per_sqft:all:all,community,409,Al Barshaa South Third,,quarter,2026-04-01,2026-06-30,median_rent_per_sqft,all,all,755.23,638,higher,[],2026-09-08,dlx-aggregates-2
community:409:quarter:2026-07-01:median_rent_per_sqft:all:all,community,409,Al Barshaa South Third,,quarter,2026-07-01,2026-09-30,median_rent_per_sqft,all,all,745.18,613,higher,[],2026-09-08,dlx-aggregates-2
community:410:quarter:2019-01-01:median_rent_per_sqft:all:all,community,410,Palm Jumeirah,,quarter,2019-01-01,2019-03-31,median_rent_per_sqft,all,all,812.81,1054,higher,[],2026-09-08,dlx-aggregates-2
community:410:quarter:2019-04-01:median_rent_per_sqft:all:all,community,410,Palm Jumeirah,,quarter,2019-04-01,2019-06-30,median_rent_per_sqft,all,all,782.71,993,higher,[],2026-09-08,dlx-aggregates-2
community:410:quarter:2019-07-01:median_rent_per_sqft:all:all,community,410,Palm Jumeirah,,quarter,2019-07-01,2019-09-30,median_rent_per_sqft,all,all,745.38,1383,higher,[],2026-09-08,dlx-aggregates-2
community:410:quarter:2019-10-01:median_rent_per_sqft:all:all,community,410,Palm Jumeirah,,quarter,2019-10-01,2019-12-31,median_rent_per_sqft,all,all,752.3,1269,higher,[],2026-09-08,dlx-aggregates-2
community:410:quarter:2020-01-01:median_rent_per_sqft:all:all,community,410,Palm Jumeirah,,quarter,2020-01-01,2020-03-31,median_rent_per_sqft,all,all,743.93,1143,higher,[],2026-09-08,dlx-aggregates-2
community:410:quarter:2020-04-01:median_rent_per_sqft:all:all,community,410,Palm Jumeirah,,quarter,2020-04-01,2020-06-30,median_rent_per_sqft,all,all,701.98,1010,higher,[],2026-09-08,dlx-aggregates-2
community:410:quarter:2020-07-01:median_rent_per_sqft:all:all,community,410,Palm Jumeirah,,quarter,2020-07-01,2020-09-30,median_rent_per_sqft,all,all,657.98,1526,higher,[],2026-09-08,dlx-aggregates-2
community:410:quarter:2020-10-01:median_rent_per_sqft:all:all,community,410,Palm Jumeirah,,quarter,2020-10-01,2020-12-31,median_rent_per_sqft,all,all,660.69,1492,higher,[],2026-09-08,dlx-aggregates-2
community:410:quarter:2021-01-01:median_rent_per_sqft:all:all,community,410,Palm Jumeirah,,quarter,2021-01-01,2021-03-31,median_rent_per_sqft,all,all,685.54,1287,higher,[],2026-09-08,dlx-aggregates-2
community:410:quarter:2021-04-01:median_rent_per_sqft:all:all,community,410,Palm Jumeirah,,quarter,2021-04-01,2021-06-30,median_rent_per_sqft,all,all,720.89,1077,higher,[],2026-09-08,dlx-aggregates-2
community:410:quarter:2021-07-01:median_rent_per_sqft:all:all,community,410,Palm Jumeirah,,quarter,2021-07-01,2021-09-30,median_rent_per_sqft,all,all,723.0,1442,higher,[],2026-09-08,dlx-aggregates-2
community:410:quarter:2021-10-01:median_rent_per_sqft:all:all,community,410,Palm Jumeirah,,quarter,2021-10-01,2021-12-31,median_rent_per_sqft,all,all,760.27,1331,higher,[],2026-09-08,dlx-aggregates-2
community:410:quarter:2022-01-01:median_rent_per_sqft:all:all,community,410,Palm Jumeirah,,quarter,2022-01-01,2022-03-31,median_rent_per_sqft,all,all,803.41,1179,higher,[],2026-09-08,dlx-aggregates-2
community:410:quarter:2022-04-01:median_rent_per_sqft:all:all,community,410,Palm Jumeirah,,quarter,2022-04-01,2022-06-30,median_rent_per_sqft,all,all,858.91,1052,higher,[],2026-09-08,dlx-aggregates-2
community:410:quarter:2022-07-01:median_rent_per_sqft:all:all,community,410,Palm Jumeirah,,quarter,2022-07-01,2022-09-30,median_rent_per_sqft,all,all,874.57,1365,higher,[],2026-09-08,dlx-aggregates-2
community:410:quarter:2022-10-01:median_rent_per_sqft:all:all,community,410,Palm Jumeirah,,quarter,2022-10-01,2022-12-31,median_rent_per_sqft,all,all,911.62,1216,higher,[],2026-09-08,dlx-aggregates-2
community:410:quarter:2023-01-01:median_rent_per_sqft:all:all,community,410,Palm Jumeirah,,quarter,2023-01-01,2023-03-31,median_rent_per_sqft,all,all,950.24,1051,higher,[],2026-09-08,dlx-aggregates-2
community:410:quarter:2023-04-01:median_rent_per_sqft:all:all,community,410,Palm Jumeirah,,quarter,2023-04-01,2023-06-30,median_rent_per_sqft,all,all,1024.25,957,higher,[],2026-09-08,dlx-aggregates-2
community:410:quarter:2023-07-01:median_rent_per_sqft:all:all,community,410,Palm Jumeirah,,quarter,2023-07-01,2023-09-30,median_rent_per_sqft,all,all,1072.28,1154,higher,[],2026-09-08,dlx-aggregates-2
community:410:quarter:2023-10-01:median_rent_per_sqft:all:all,community,410,Palm Jumeirah,,quarter,2023-10-01,2023-12-31,median_rent_per_sqft,all,all,1096.73,1088,higher,[],2026-09-08,dlx-aggregates-2
community:410:quarter:2024-01-01:median_rent_per_sqft:all:all,community,410,Palm Jumeirah,,quarter,2024-01-01,2024-03-31,median_rent_per_sqft,all,all,1147.88,951,higher,[],2026-09-08,dlx-aggregates-2
community:410:quarter:2024-04-01:median_rent_per_sqft:all:all,community,410,Palm Jumeirah,,quarter,2024-04-01,2024-06-30,median_rent_per_sqft,all,all,1180.3,909,higher,[],2026-09-08,dlx-aggregates-2
community:410:quarter:2024-07-01:median_rent_per_sqft:all:all,community,410,Palm Jumeirah,,quarter,2024-07-01,2024-09-30,median_rent_per_sqft,all,all,1215.51,1118,higher,[],2026-09-08,dlx-aggregates-2
community:410:quarter:2024-10-01:median_rent_per_sqft:all:all,community,410,Palm Jumeirah,,quarter,2024-10-01,2024-12-31,median_rent_per_sqft,all,all,1247.34,1071,higher,[],2026-09-08,dlx-aggregates-2
community:410:quarter:2025-01-01:median_rent_per_sqft:all:all,community,410,Palm Jumeirah,,quarter,2025-01-01,2025-03-31,median_rent_per_sqft,all,all,1253.13,921,higher,[],2026-09-08,dlx-aggregates-2
community:410:quarter:2025-04-01:median_rent_per_sqft:all:all,community,410,Palm Jumeirah,,quarter,2025-04-01,2025-06-30,median_rent_per_sqft,all,all,1275.14,904,higher,[],2026-09-08,dlx-aggregates-2
community:410:quarter:2025-07-01:median_rent_per_sqft:all:all,community,410,Palm Jumeirah,,quarter,2025-07-01,2025-09-30,median_rent_per_sqft,all,all,1286.78,1106,higher,[],2026-09-08,dlx-aggregates-2
community:410:quarter:2025-10-01:median_rent_per_sqft:all:all,community,410,Palm Jumeirah,,quarter,2025-10-01,2025-12-31,median_rent_per_sqft,all,all,1331.8,1093,higher,[],2026-09-08,dlx-aggregates-2
community:410:quarter:2026-01-01:median_rent_per_sqft:all:all,community,410,Palm Jumeirah,,quarter,2026-01-01,2026-03-31,median_rent_per_sqft,all,all,1505.88,1084,higher,[],2026-09-08,dlx-aggregates-2
community:410:quarter:2026-04-01:median_rent_per_sqft:all:all,community,410,Palm Jumeirah,,quarter,2026-04-01,2026-06-30,median_rent_per_sqft,all,all,1268.31,797,higher,[],2026-09-08,dlx-aggregates-2
community:410:quarter:2026-07-01:median_rent_per_sqft:all:all,community,410,Palm Jumeirah,,quarter,2026-07-01,2026-09-30,median_rent_per_sqft,all,all,1240.48,749,higher,[],2026-09-08,dlx-aggregates-2
community:412:quarter:2019-01-01:median_rent_per_sqft:all:all,community,412,Al Merkadh,,quarter,2019-01-01,2019-03-31,median_rent_per_sqft,all,all,486.64,56,moderate,[],2026-09-08,dlx-aggregates-2
community:412:quarter:2019-04-01:median_rent_per_sqft:all:all,community,412,Al Merkadh,,quarter,2019-04-01,2019-06-30,median_rent_per_sqft,all,all,450.8,48,moderate,[],2026-09-08,dlx-aggregates-2
community:412:quarter:2019-07-01:median_rent_per_sqft:all:all,community,412,Al Merkadh,,quarter,2019-07-01,2019-09-30,median_rent_per_sqft,all,all,449.97,77,moderate,[],2026-09-08,dlx-aggregates-2
community:412:quarter:2019-10-01:median_rent_per_sqft:all:all,community,412,Al Merkadh,,quarter,2019-10-01,2019-12-31,median_rent_per_sqft,all,all,459.49,46,moderate,[],2026-09-08,dlx-aggregates-2
community:412:quarter:2020-01-01:median_rent_per_sqft:all:all,community,412,Al Merkadh,,quarter,2020-01-01,2020-03-31,median_rent_per_sqft,all,all,527.3,67,moderate,[],2026-09-08,dlx-aggregates-2
community:412:quarter:2020-04-01:median_rent_per_sqft:all:all,community,412,Al Merkadh,,quarter,2020-04-01,2020-06-30,median_rent_per_sqft,all,all,474.95,73,moderate,[],2026-09-08,dlx-aggregates-2
community:412:quarter:2020-07-01:median_rent_per_sqft:all:all,community,412,Al Merkadh,,quarter,2020-07-01,2020-09-30,median_rent_per_sqft,all,all,486.92,99,moderate,[],2026-09-08,dlx-aggregates-2
community:412:quarter:2020-10-01:median_rent_per_sqft:all:all,community,412,Al Merkadh,,quarter,2020-10-01,2020-12-31,median_rent_per_sqft,all,all,500.82,69,moderate,[],2026-09-08,dlx-aggregates-2
community:412:quarter:2021-01-01:median_rent_per_sqft:all:all,community,412,Al Merkadh,,quarter,2021-01-01,2021-03-31,median_rent_per_sqft,all,all,600.09,70,moderate,[],2026-09-08,dlx-aggregates-2
community:412:quarter:2021-04-01:median_rent_per_sqft:all:all,community,412,Al Merkadh,,quarter,2021-04-01,2021-06-30,median_rent_per_sqft,all,all,594.99,85,moderate,[],2026-09-08,dlx-aggregates-2
community:412:quarter:2021-07-01:median_rent_per_sqft:all:all,community,412,Al Merkadh,,quarter,2021-07-01,2021-09-30,median_rent_per_sqft,all,all,660.15,118,moderate,[],2026-09-08,dlx-aggregates-2
community:412:quarter:2021-10-01:median_rent_per_sqft:all:all,community,412,Al Merkadh,,quarter,2021-10-01,2021-12-31,median_rent_per_sqft,all,all,686.8,69,moderate,[],2026-09-08,dlx-aggregates-2
community:412:quarter:2022-01-01:median_rent_per_sqft:all:all,community,412,Al Merkadh,,quarter,2022-01-01,2022-03-31,median_rent_per_sqft,all,all,691.22,78,moderate,[],2026-09-08,dlx-aggregates-2
community:412:quarter:2022-04-01:median_rent_per_sqft:all:all,community,412,Al Merkadh,,quarter,2022-04-01,2022-06-30,median_rent_per_sqft,all,all,805.83,106,moderate,[],2026-09-08,dlx-aggregates-2
community:412:quarter:2022-07-01:median_rent_per_sqft:all:all,community,412,Al Merkadh,,quarter,2022-07-01,2022-09-30,median_rent_per_sqft,all,all,847.01,133,moderate,[],2026-09-08,dlx-aggregates-2
community:412:quarter:2022-10-01:median_rent_per_sqft:all:all,community,412,Al Merkadh,,quarter,2022-10-01,2022-12-31,median_rent_per_sqft,all,all,1108.65,158,moderate,[],2026-09-08,dlx-aggregates-2
community:412:quarter:2023-01-01:median_rent_per_sqft:all:all,community,412,Al Merkadh,,quarter,2023-01-01,2023-03-31,median_rent_per_sqft,all,all,1154.13,170,moderate,[],2026-09-08,dlx-aggregates-2
community:412:quarter:2023-04-01:median_rent_per_sqft:all:all,community,412,Al Merkadh,,quarter,2023-04-01,2023-06-30,median_rent_per_sqft,all,all,1128.16,163,moderate,[],2026-09-08,dlx-aggregates-2
community:412:quarter:2023-07-01:median_rent_per_sqft:all:all,community,412,Al Merkadh,,quarter,2023-07-01,2023-09-30,median_rent_per_sqft,all,all,1128.73,204,higher,[],2026-09-08,dlx-aggregates-2
community:412:quarter:2023-10-01:median_rent_per_sqft:all:all,community,412,Al Merkadh,,quarter,2023-10-01,2023-12-31,median_rent_per_sqft,all,all,1230.9,225,higher,[],2026-09-08,dlx-aggregates-2
community:412:quarter:2024-01-01:median_rent_per_sqft:all:all,community,412,Al Merkadh,,quarter,2024-01-01,2024-03-31,median_rent_per_sqft,all,all,1289.51,240,higher,[],2026-09-08,dlx-aggregates-2
community:412:quarter:2024-04-01:median_rent_per_sqft:all:all,community,412,Al Merkadh,,quarter,2024-04-01,2024-06-30,median_rent_per_sqft,all,all,1283.15,227,higher,[],2026-09-08,dlx-aggregates-2
community:412:quarter:2024-07-01:median_rent_per_sqft:all:all,community,412,Al Merkadh,,quarter,2024-07-01,2024-09-30,median_rent_per_sqft,all,all,1283.76,335,higher,[],2026-09-08,dlx-aggregates-2
community:412:quarter:2024-10-01:median_rent_per_sqft:all:all,community,412,Al Merkadh,,quarter,2024-10-01,2024-12-31,median_rent_per_sqft,all,all,1363.02,318,higher,[],2026-09-08,dlx-aggregates-2
community:412:quarter:2025-01-01:median_rent_per_sqft:all:all,community,412,Al Merkadh,,quarter,2025-01-01,2025-03-31,median_rent_per_sqft,all,all,1383.38,307,higher,[],2026-09-08,dlx-aggregates-2
community:412:quarter:2025-04-01:median_rent_per_sqft:all:all,community,412,Al Merkadh,,quarter,2025-04-01,2025-06-30,median_rent_per_sqft,all,all,1354.78,298,higher,[],2026-09-08,dlx-aggregates-2
community:412:quarter:2025-07-01:median_rent_per_sqft:all:all,community,412,Al Merkadh,,quarter,2025-07-01,2025-09-30,median_rent_per_sqft,all,all,1374.44,495,higher,[],2026-09-08,dlx-aggregates-2
community:412:quarter:2025-10-01:median_rent_per_sqft:all:all,community,412,Al Merkadh,,quarter,2025-10-01,2025-12-31,median_rent_per_sqft,all,all,1339.14,490,higher,[],2026-09-08,dlx-aggregates-2
community:412:quarter:2026-01-01:median_rent_per_sqft:all:all,community,412,Al Merkadh,,quarter,2026-01-01,2026-03-31,median_rent_per_sqft,all,all,1381.72,365,higher,[],2026-09-08,dlx-aggregates-2
community:412:quarter:2026-04-01:median_rent_per_sqft:all:all,community,412,Al Merkadh,,quarter,2026-04-01,2026-06-30,median_rent_per_sqft,all,all,1246.84,328,higher,[],2026-09-08,dlx-aggregates-2
community:412:quarter:2026-07-01:median_rent_per_sqft:all:all,community,412,Al Merkadh,,quarter,2026-07-01,2026-09-30,median_rent_per_sqft,all,all,1164.65,528,higher,[],2026-09-08,dlx-aggregates-2
community:414:quarter:2019-01-01:median_rent_per_sqft:all:all,community,414,Al Barshaa South Second,,quarter,2019-01-01,2019-03-31,median_rent_per_sqft,all,all,511.92,85,moderate,[],2026-09-08,dlx-aggregates-2
community:414:quarter:2019-04-01:median_rent_per_sqft:all:all,community,414,Al Barshaa South Second,,quarter,2019-04-01,2019-06-30,median_rent_per_sqft,all,all,509.72,94,moderate,[],2026-09-08,dlx-aggregates-2
community:414:quarter:2019-07-01:median_rent_per_sqft:all:all,community,414,Al Barshaa South Second,,quarter,2019-07-01,2019-09-30,median_rent_per_sqft,all,all,523.51,119,moderate,[],2026-09-08,dlx-aggregates-2
community:414:quarter:2019-10-01:median_rent_per_sqft:all:all,community,414,Al Barshaa South Second,,quarter,2019-10-01,2019-12-31,median_rent_per_sqft,all,all,529.12,130,moderate,[],2026-09-08,dlx-aggregates-2
community:414:quarter:2020-01-01:median_rent_per_sqft:all:all,community,414,Al Barshaa South Second,,quarter,2020-01-01,2020-03-31,median_rent_per_sqft,all,all,502.25,96,moderate,[],2026-09-08,dlx-aggregates-2
community:414:quarter:2020-04-01:median_rent_per_sqft:all:all,community,414,Al Barshaa South Second,,quarter,2020-04-01,2020-06-30,median_rent_per_sqft,all,all,474.08,92,moderate,[],2026-09-08,dlx-aggregates-2
community:414:quarter:2020-07-01:median_rent_per_sqft:all:all,community,414,Al Barshaa South Second,,quarter,2020-07-01,2020-09-30,median_rent_per_sqft,all,all,466.18,196,moderate,[],2026-09-08,dlx-aggregates-2
community:414:quarter:2020-10-01:median_rent_per_sqft:all:all,community,414,Al Barshaa South Second,,quarter,2020-10-01,2020-12-31,median_rent_per_sqft,all,all,463.78,190,moderate,[],2026-09-08,dlx-aggregates-2
community:414:quarter:2021-01-01:median_rent_per_sqft:all:all,community,414,Al Barshaa South Second,,quarter,2021-01-01,2021-03-31,median_rent_per_sqft,all,all,480.09,170,moderate,[],2026-09-08,dlx-aggregates-2
community:414:quarter:2021-04-01:median_rent_per_sqft:all:all,community,414,Al Barshaa South Second,,quarter,2021-04-01,2021-06-30,median_rent_per_sqft,all,all,472.25,107,moderate,[],2026-09-08,dlx-aggregates-2
community:414:quarter:2021-07-01:median_rent_per_sqft:all:all,community,414,Al Barshaa South Second,,quarter,2021-07-01,2021-09-30,median_rent_per_sqft,all,all,480.09,164,moderate,[],2026-09-08,dlx-aggregates-2
community:414:quarter:2021-10-01:median_rent_per_sqft:all:all,community,414,Al Barshaa South Second,,quarter,2021-10-01,2021-12-31,median_rent_per_sqft,all,all,475.92,175,moderate,[],2026-09-08,dlx-aggregates-2
community:414:quarter:2022-01-01:median_rent_per_sqft:all:all,community,414,Al Barshaa South Second,,quarter,2022-01-01,2022-03-31,median_rent_per_sqft,all,all,494.96,150,moderate,[],2026-09-08,dlx-aggregates-2
community:414:quarter:2022-04-01:median_rent_per_sqft:all:all,community,414,Al Barshaa South Second,,quarter,2022-04-01,2022-06-30,median_rent_per_sqft,all,all,72150.07,395,higher,[],2026-09-08,dlx-aggregates-2
community:414:quarter:2022-07-01:median_rent_per_sqft:all:all,community,414,Al Barshaa South Second,,quarter,2022-07-01,2022-09-30,median_rent_per_sqft,all,all,508.54,162,moderate,[],2026-09-08,dlx-aggregates-2
community:414:quarter:2022-10-01:median_rent_per_sqft:all:all,community,414,Al Barshaa South Second,,quarter,2022-10-01,2022-12-31,median_rent_per_sqft,all,all,480.09,151,moderate,[],2026-09-08,dlx-aggregates-2
community:414:quarter:2023-01-01:median_rent_per_sqft:all:all,community,414,Al Barshaa South Second,,quarter,2023-01-01,2023-03-31,median_rent_per_sqft,all,all,517.02,122,moderate,[],2026-09-08,dlx-aggregates-2
community:414:quarter:2023-04-01:median_rent_per_sqft:all:all,community,414,Al Barshaa South Second,,quarter,2023-04-01,2023-06-30,median_rent_per_sqft,all,all,526.86,124,moderate,[],2026-09-08,dlx-aggregates-2
community:414:quarter:2023-07-01:median_rent_per_sqft:all:all,community,414,Al Barshaa South Second,,quarter,2023-07-01,2023-09-30,median_rent_per_sqft,all,all,573.76,148,moderate,[],2026-09-08,dlx-aggregates-2
community:414:quarter:2023-10-01:median_rent_per_sqft:all:all,community,414,Al Barshaa South Second,,quarter,2023-10-01,2023-12-31,median_rent_per_sqft,all,all,515.51,141,moderate,[],2026-09-08,dlx-aggregates-2
community:414:quarter:2024-01-01:median_rent_per_sqft:all:all,community,414,Al Barshaa South Second,,quarter,2024-01-01,2024-03-31,median_rent_per_sqft,all,all,598.05,111,moderate,[],2026-09-08,dlx-aggregates-2
community:414:quarter:2024-04-01:median_rent_per_sqft:all:all,community,414,Al Barshaa South Second,,quarter,2024-04-01,2024-06-30,median_rent_per_sqft,all,all,706.54,104,moderate,[],2026-09-08,dlx-aggregates-2
community:414:quarter:2024-07-01:median_rent_per_sqft:all:all,community,414,Al Barshaa South Second,,quarter,2024-07-01,2024-09-30,median_rent_per_sqft,all,all,692.2,144,moderate,[],2026-09-08,dlx-aggregates-2
community:414:quarter:2024-10-01:median_rent_per_sqft:all:all,community,414,Al Barshaa South Second,,quarter,2024-10-01,2024-12-31,median_rent_per_sqft,all,all,590.22,143,moderate,[],2026-09-08,dlx-aggregates-2
community:414:quarter:2025-01-01:median_rent_per_sqft:all:all,community,414,Al Barshaa South Second,,quarter,2025-01-01,2025-03-31,median_rent_per_sqft,all,all,777.06,113,moderate,[],2026-09-08,dlx-aggregates-2
community:414:quarter:2025-04-01:median_rent_per_sqft:all:all,community,414,Al Barshaa South Second,,quarter,2025-04-01,2025-06-30,median_rent_per_sqft,all,all,830.73,126,moderate,[],2026-09-08,dlx-aggregates-2
community:414:quarter:2025-07-01:median_rent_per_sqft:all:all,community,414,Al Barshaa South Second,,quarter,2025-07-01,2025-09-30,median_rent_per_sqft,all,all,856.65,191,moderate,[],2026-09-08,dlx-aggregates-2
community:414:quarter:2025-10-01:median_rent_per_sqft:all:all,community,414,Al Barshaa South Second,,quarter,2025-10-01,2025-12-31,median_rent_per_sqft,all,all,798.44,182,moderate,[],2026-09-08,dlx-aggregates-2
community:414:quarter:2026-01-01:median_rent_per_sqft:all:all,community,414,Al Barshaa South Second,,quarter,2026-01-01,2026-03-31,median_rent_per_sqft,all,all,1053.53,160,moderate,[],2026-09-08,dlx-aggregates-2
community:414:quarter:2026-04-01:median_rent_per_sqft:all:all,community,414,Al Barshaa South Second,,quarter,2026-04-01,2026-06-30,median_rent_per_sqft,all,all,904.25,117,moderate,[],2026-09-08,dlx-aggregates-2
community:414:quarter:2026-07-01:median_rent_per_sqft:all:all,community,414,Al Barshaa South Second,,quarter,2026-07-01,2026-09-30,median_rent_per_sqft,all,all,859.06,122,moderate,[],2026-09-08,dlx-aggregates-2
community:415:quarter:2021-10-01:median_rent_per_sqft:all:all,community,415,Al Barshaa South First,,quarter,2021-10-01,2021-12-31,median_rent_per_sqft,all,all,240.08,35,moderate,[],2026-09-08,dlx-aggregates-2
community:415:quarter:2022-01-01:median_rent_per_sqft:all:all,community,415,Al Barshaa South First,,quarter,2022-01-01,2022-03-31,median_rent_per_sqft,all,all,234.3,33,moderate,[],2026-09-08,dlx-aggregates-2
community:415:quarter:2022-10-01:median_rent_per_sqft:all:all,community,415,Al Barshaa South First,,quarter,2022-10-01,2022-12-31,median_rent_per_sqft,all,all,250.35,32,moderate,[],2026-09-08,dlx-aggregates-2
community:415:quarter:2023-01-01:median_rent_per_sqft:all:all,community,415,Al Barshaa South First,,quarter,2023-01-01,2023-03-31,median_rent_per_sqft,all,all,306.42,30,moderate,[],2026-09-08,dlx-aggregates-2
community:415:quarter:2023-07-01:median_rent_per_sqft:all:all,community,415,Al Barshaa South First,,quarter,2023-07-01,2023-09-30,median_rent_per_sqft,all,all,280.68,30,moderate,[],2026-09-08,dlx-aggregates-2
community:415:quarter:2023-10-01:median_rent_per_sqft:all:all,community,415,Al Barshaa South First,,quarter,2023-10-01,2023-12-31,median_rent_per_sqft,all,all,278.0,37,moderate,[],2026-09-08,dlx-aggregates-2
community:415:quarter:2024-01-01:median_rent_per_sqft:all:all,community,415,Al Barshaa South First,,quarter,2024-01-01,2024-03-31,median_rent_per_sqft,all,all,333.25,38,moderate,[],2026-09-08,dlx-aggregates-2
community:415:quarter:2024-07-01:median_rent_per_sqft:all:all,community,415,Al Barshaa South First,,quarter,2024-07-01,2024-09-30,median_rent_per_sqft,all,all,318.33,34,moderate,[],2026-09-08,dlx-aggregates-2
community:415:quarter:2024-10-01:median_rent_per_sqft:all:all,community,415,Al Barshaa South First,,quarter,2024-10-01,2024-12-31,median_rent_per_sqft,all,all,294.87,34,moderate,[],2026-09-08,dlx-aggregates-2
community:415:quarter:2025-01-01:median_rent_per_sqft:all:all,community,415,Al Barshaa South First,,quarter,2025-01-01,2025-03-31,median_rent_per_sqft,all,all,409.84,34,moderate,[],2026-09-08,dlx-aggregates-2
community:415:quarter:2025-07-01:median_rent_per_sqft:all:all,community,415,Al Barshaa South First,,quarter,2025-07-01,2025-09-30,median_rent_per_sqft,all,all,353.86,42,moderate,[],2026-09-08,dlx-aggregates-2
community:415:quarter:2025-10-01:median_rent_per_sqft:all:all,community,415,Al Barshaa South First,,quarter,2025-10-01,2025-12-31,median_rent_per_sqft,all,all,278.0,45,moderate,[],2026-09-08,dlx-aggregates-2
community:415:quarter:2026-01-01:median_rent_per_sqft:all:all,community,415,Al Barshaa South First,,quarter,2026-01-01,2026-03-31,median_rent_per_sqft,all,all,450.08,40,moderate,[],2026-09-08,dlx-aggregates-2
community:431:quarter:2020-10-01:median_rent_per_sqft:all:all,community,431,Al-Cornich,,quarter,2020-10-01,2020-12-31,median_rent_per_sqft,all,all,542.04,88,moderate,[],2026-09-08,dlx-aggregates-2
community:431:quarter:2021-01-01:median_rent_per_sqft:all:all,community,431,Al-Cornich,,quarter,2021-01-01,2021-03-31,median_rent_per_sqft,all,all,540.15,56,moderate,[],2026-09-08,dlx-aggregates-2
community:431:quarter:2021-04-01:median_rent_per_sqft:all:all,community,431,Al-Cornich,,quarter,2021-04-01,2021-06-30,median_rent_per_sqft,all,all,615.64,55,moderate,[],2026-09-08,dlx-aggregates-2
community:431:quarter:2021-07-01:median_rent_per_sqft:all:all,community,431,Al-Cornich,,quarter,2021-07-01,2021-09-30,median_rent_per_sqft,all,all,617.15,67,moderate,[],2026-09-08,dlx-aggregates-2
community:431:quarter:2021-10-01:median_rent_per_sqft:all:all,community,431,Al-Cornich,,quarter,2021-10-01,2021-12-31,median_rent_per_sqft,all,all,602.61,162,moderate,[],2026-09-08,dlx-aggregates-2
community:431:quarter:2022-01-01:median_rent_per_sqft:all:all,community,431,Al-Cornich,,quarter,2022-01-01,2022-03-31,median_rent_per_sqft,all,all,608.18,148,moderate,[],2026-09-08,dlx-aggregates-2
community:431:quarter:2022-04-01:median_rent_per_sqft:all:all,community,431,Al-Cornich,,quarter,2022-04-01,2022-06-30,median_rent_per_sqft,all,all,615.6,161,moderate,[],2026-09-08,dlx-aggregates-2
community:431:quarter:2022-07-01:median_rent_per_sqft:all:all,community,431,Al-Cornich,,quarter,2022-07-01,2022-09-30,median_rent_per_sqft,all,all,589.52,235,higher,[],2026-09-08,dlx-aggregates-2
community:431:quarter:2022-10-01:median_rent_per_sqft:all:all,community,431,Al-Cornich,,quarter,2022-10-01,2022-12-31,median_rent_per_sqft,all,all,595.82,211,higher,[],2026-09-08,dlx-aggregates-2
community:431:quarter:2023-01-01:median_rent_per_sqft:all:all,community,431,Al-Cornich,,quarter,2023-01-01,2023-03-31,median_rent_per_sqft,all,all,592.82,175,moderate,[],2026-09-08,dlx-aggregates-2
community:431:quarter:2023-04-01:median_rent_per_sqft:all:all,community,431,Al-Cornich,,quarter,2023-04-01,2023-06-30,median_rent_per_sqft,all,all,624.22,171,moderate,[],2026-09-08,dlx-aggregates-2
community:431:quarter:2023-07-01:median_rent_per_sqft:all:all,community,431,Al-Cornich,,quarter,2023-07-01,2023-09-30,median_rent_per_sqft,all,all,659.25,293,higher,[],2026-09-08,dlx-aggregates-2
community:431:quarter:2023-10-01:median_rent_per_sqft:all:all,community,431,Al-Cornich,,quarter,2023-10-01,2023-12-31,median_rent_per_sqft,all,all,632.3,323,higher,[],2026-09-08,dlx-aggregates-2
community:431:quarter:2024-01-01:median_rent_per_sqft:all:all,community,431,Al-Cornich,,quarter,2024-01-01,2024-03-31,median_rent_per_sqft,all,all,660.15,206,higher,[],2026-09-08,dlx-aggregates-2
community:431:quarter:2024-04-01:median_rent_per_sqft:all:all,community,431,Al-Cornich,,quarter,2024-04-01,2024-06-30,median_rent_per_sqft,all,all,685.66,175,moderate,[],2026-09-08,dlx-aggregates-2
community:431:quarter:2024-07-01:median_rent_per_sqft:all:all,community,431,Al-Cornich,,quarter,2024-07-01,2024-09-30,median_rent_per_sqft,all,all,706.54,260,higher,[],2026-09-08,dlx-aggregates-2
community:431:quarter:2024-10-01:median_rent_per_sqft:all:all,community,431,Al-Cornich,,quarter,2024-10-01,2024-12-31,median_rent_per_sqft,all,all,704.1,315,higher,[],2026-09-08,dlx-aggregates-2
community:431:quarter:2025-01-01:median_rent_per_sqft:all:all,community,431,Al-Cornich,,quarter,2025-01-01,2025-03-31,median_rent_per_sqft,all,all,728.94,210,higher,[],2026-09-08,dlx-aggregates-2
community:431:quarter:2025-04-01:median_rent_per_sqft:all:all,community,431,Al-Cornich,,quarter,2025-04-01,2025-06-30,median_rent_per_sqft,all,all,765.58,192,moderate,[],2026-09-08,dlx-aggregates-2
community:431:quarter:2025-07-01:median_rent_per_sqft:all:all,community,431,Al-Cornich,,quarter,2025-07-01,2025-09-30,median_rent_per_sqft,all,all,782.68,268,higher,[],2026-09-08,dlx-aggregates-2
community:431:quarter:2025-10-01:median_rent_per_sqft:all:all,community,431,Al-Cornich,,quarter,2025-10-01,2025-12-31,median_rent_per_sqft,all,all,761.86,326,higher,[],2026-09-08,dlx-aggregates-2
community:431:quarter:2026-01-01:median_rent_per_sqft:all:all,community,431,Al-Cornich,,quarter,2026-01-01,2026-03-31,median_rent_per_sqft,all,all,826.37,235,higher,[],2026-09-08,dlx-aggregates-2
community:431:quarter:2026-04-01:median_rent_per_sqft:all:all,community,431,Al-Cornich,,quarter,2026-04-01,2026-06-30,median_rent_per_sqft,all,all,878.77,200,higher,[],2026-09-08,dlx-aggregates-2
community:431:quarter:2026-07-01:median_rent_per_sqft:all:all,community,431,Al-Cornich,,quarter,2026-07-01,2026-09-30,median_rent_per_sqft,all,all,824.17,194,moderate,[],2026-09-08,dlx-aggregates-2
community:434:quarter:2019-01-01:median_rent_per_sqft:all:all,community,434,Wadi Al Safa 6,,quarter,2019-01-01,2019-03-31,median_rent_per_sqft,all,all,377.59,407,higher,[],2026-09-08,dlx-aggregates-2
community:434:quarter:2019-04-01:median_rent_per_sqft:all:all,community,434,Wadi Al Safa 6,,quarter,2019-04-01,2019-06-30,median_rent_per_sqft,all,all,375.53,395,higher,[],2026-09-08,dlx-aggregates-2
community:434:quarter:2019-07-01:median_rent_per_sqft:all:all,community,434,Wadi Al Safa 6,,quarter,2019-07-01,2019-09-30,median_rent_per_sqft,all,all,332.41,720,higher,[],2026-09-08,dlx-aggregates-2
community:434:quarter:2019-10-01:median_rent_per_sqft:all:all,community,434,Wadi Al Safa 6,,quarter,2019-10-01,2019-12-31,median_rent_per_sqft,all,all,353.38,346,higher,[],2026-09-08,dlx-aggregates-2
community:434:quarter:2020-01-01:median_rent_per_sqft:all:all,community,434,Wadi Al Safa 6,,quarter,2020-01-01,2020-03-31,median_rent_per_sqft,all,all,334.65,395,higher,[],2026-09-08,dlx-aggregates-2
community:434:quarter:2020-04-01:median_rent_per_sqft:all:all,community,434,Wadi Al Safa 6,,quarter,2020-04-01,2020-06-30,median_rent_per_sqft,all,all,337.74,375,higher,[],2026-09-08,dlx-aggregates-2
community:434:quarter:2020-07-01:median_rent_per_sqft:all:all,community,434,Wadi Al Safa 6,,quarter,2020-07-01,2020-09-30,median_rent_per_sqft,all,all,310.87,756,higher,[],2026-09-08,dlx-aggregates-2
community:434:quarter:2020-10-01:median_rent_per_sqft:all:all,community,434,Wadi Al Safa 6,,quarter,2020-10-01,2020-12-31,median_rent_per_sqft,all,all,321.51,457,higher,[],2026-09-08,dlx-aggregates-2
community:434:quarter:2021-01-01:median_rent_per_sqft:all:all,community,434,Wadi Al Safa 6,,quarter,2021-01-01,2021-03-31,median_rent_per_sqft,all,all,346.53,396,higher,[],2026-09-08,dlx-aggregates-2
community:434:quarter:2021-04-01:median_rent_per_sqft:all:all,community,434,Wadi Al Safa 6,,quarter,2021-04-01,2021-06-30,median_rent_per_sqft,all,all,356.02,338,higher,[],2026-09-08,dlx-aggregates-2
community:434:quarter:2021-07-01:median_rent_per_sqft:all:all,community,434,Wadi Al Safa 6,,quarter,2021-07-01,2021-09-30,median_rent_per_sqft,all,all,346.63,701,higher,[],2026-09-08,dlx-aggregates-2
community:434:quarter:2021-10-01:median_rent_per_sqft:all:all,community,434,Wadi Al Safa 6,,quarter,2021-10-01,2021-12-31,median_rent_per_sqft,all,all,382.68,422,higher,[],2026-09-08,dlx-aggregates-2
community:434:quarter:2022-01-01:median_rent_per_sqft:all:all,community,434,Wadi Al Safa 6,,quarter,2022-01-01,2022-03-31,median_rent_per_sqft,all,all,387.21,348,higher,[],2026-09-08,dlx-aggregates-2
community:434:quarter:2022-04-01:median_rent_per_sqft:all:all,community,434,Wadi Al Safa 6,,quarter,2022-04-01,2022-06-30,median_rent_per_sqft,all,all,408.2,330,higher,[],2026-09-08,dlx-aggregates-2
community:434:quarter:2022-07-01:median_rent_per_sqft:all:all,community,434,Wadi Al Safa 6,,quarter,2022-07-01,2022-09-30,median_rent_per_sqft,all,all,409.34,599,higher,[],2026-09-08,dlx-aggregates-2
community:434:quarter:2022-10-01:median_rent_per_sqft:all:all,community,434,Wadi Al Safa 6,,quarter,2022-10-01,2022-12-31,median_rent_per_sqft,all,all,447.75,387,higher,[],2026-09-08,dlx-aggregates-2
community:434:quarter:2023-01-01:median_rent_per_sqft:all:all,community,434,Wadi Al Safa 6,,quarter,2023-01-01,2023-03-31,median_rent_per_sqft,all,all,465.37,323,higher,[],2026-09-08,dlx-aggregates-2
community:434:quarter:2023-04-01:median_rent_per_sqft:all:all,community,434,Wadi Al Safa 6,,quarter,2023-04-01,2023-06-30,median_rent_per_sqft,all,all,480.43,304,higher,[],2026-09-08,dlx-aggregates-2
community:434:quarter:2023-07-01:median_rent_per_sqft:all:all,community,434,Wadi Al Safa 6,,quarter,2023-07-01,2023-09-30,median_rent_per_sqft,all,all,488.16,525,higher,[],2026-09-08,dlx-aggregates-2
community:434:quarter:2023-10-01:median_rent_per_sqft:all:all,community,434,Wadi Al Safa 6,,quarter,2023-10-01,2023-12-31,median_rent_per_sqft,all,all,513.83,326,higher,[],2026-09-08,dlx-aggregates-2
community:434:quarter:2024-01-01:median_rent_per_sqft:all:all,community,434,Wadi Al Safa 6,,quarter,2024-01-01,2024-03-31,median_rent_per_sqft,all,all,561.9,324,higher,[],2026-09-08,dlx-aggregates-2
community:434:quarter:2024-04-01:median_rent_per_sqft:all:all,community,434,Wadi Al Safa 6,,quarter,2024-04-01,2024-06-30,median_rent_per_sqft,all,all,553.65,286,higher,[],2026-09-08,dlx-aggregates-2
community:434:quarter:2024-07-01:median_rent_per_sqft:all:all,community,434,Wadi Al Safa 6,,quarter,2024-07-01,2024-09-30,median_rent_per_sqft,all,all,549.37,470,higher,[],2026-09-08,dlx-aggregates-2
community:434:quarter:2024-10-01:median_rent_per_sqft:all:all,community,434,Wadi Al Safa 6,,quarter,2024-10-01,2024-12-31,median_rent_per_sqft,all,all,588.29,310,higher,[],2026-09-08,dlx-aggregates-2
community:434:quarter:2025-01-01:median_rent_per_sqft:all:all,community,434,Wadi Al Safa 6,,quarter,2025-01-01,2025-03-31,median_rent_per_sqft,all,all,613.73,279,higher,[],2026-09-08,dlx-aggregates-2
community:434:quarter:2025-04-01:median_rent_per_sqft:all:all,community,434,Wadi Al Safa 6,,quarter,2025-04-01,2025-06-30,median_rent_per_sqft,all,all,639.08,287,higher,[],2026-09-08,dlx-aggregates-2
community:434:quarter:2025-07-01:median_rent_per_sqft:all:all,community,434,Wadi Al Safa 6,,quarter,2025-07-01,2025-09-30,median_rent_per_sqft,all,all,586.55,435,higher,[],2026-09-08,dlx-aggregates-2
community:434:quarter:2025-10-01:median_rent_per_sqft:all:all,community,434,Wadi Al Safa 6,,quarter,2025-10-01,2025-12-31,median_rent_per_sqft,all,all,636.48,298,higher,[],2026-09-08,dlx-aggregates-2
community:434:quarter:2026-01-01:median_rent_per_sqft:all:all,community,434,Wadi Al Safa 6,,quarter,2026-01-01,2026-03-31,median_rent_per_sqft,all,all,644.51,255,higher,[],2026-09-08,dlx-aggregates-2
community:434:quarter:2026-04-01:median_rent_per_sqft:all:all,community,434,Wadi Al Safa 6,,quarter,2026-04-01,2026-06-30,median_rent_per_sqft,all,all,648.48,270,higher,[],2026-09-08,dlx-aggregates-2
community:434:quarter:2026-07-01:median_rent_per_sqft:all:all,community,434,Wadi Al Safa 6,,quarter,2026-07-01,2026-09-30,median_rent_per_sqft,all,all,625.01,304,higher,[],2026-09-08,dlx-aggregates-2
community:435:quarter:2019-01-01:median_rent_per_sqft:all:all,community,435,Al Hebiah Fourth,,quarter,2019-01-01,2019-03-31,median_rent_per_sqft,all,all,547.26,337,higher,[],2026-09-08,dlx-aggregates-2
community:435:quarter:2019-04-01:median_rent_per_sqft:all:all,community,435,Al Hebiah Fourth,,quarter,2019-04-01,2019-06-30,median_rent_per_sqft,all,all,531.16,366,higher,[],2026-09-08,dlx-aggregates-2
community:435:quarter:2019-07-01:median_rent_per_sqft:all:all,community,435,Al Hebiah Fourth,,quarter,2019-07-01,2019-09-30,median_rent_per_sqft,all,all,504.73,491,higher,[],2026-09-08,dlx-aggregates-2
community:435:quarter:2019-10-01:median_rent_per_sqft:all:all,community,435,Al Hebiah Fourth,,quarter,2019-10-01,2019-12-31,median_rent_per_sqft,all,all,484.76,360,higher,[],2026-09-08,dlx-aggregates-2
community:435:quarter:2020-01-01:median_rent_per_sqft:all:all,community,435,Al Hebiah Fourth,,quarter,2020-01-01,2020-03-31,median_rent_per_sqft,all,all,473.12,339,higher,[],2026-09-08,dlx-aggregates-2
community:435:quarter:2020-04-01:median_rent_per_sqft:all:all,community,435,Al Hebiah Fourth,,quarter,2020-04-01,2020-06-30,median_rent_per_sqft,all,all,442.89,281,higher,[],2026-09-08,dlx-aggregates-2
community:435:quarter:2020-07-01:median_rent_per_sqft:all:all,community,435,Al Hebiah Fourth,,quarter,2020-07-01,2020-09-30,median_rent_per_sqft,all,all,403.52,600,higher,[],2026-09-08,dlx-aggregates-2
community:435:quarter:2020-10-01:median_rent_per_sqft:all:all,community,435,Al Hebiah Fourth,,quarter,2020-10-01,2020-12-31,median_rent_per_sqft,all,all,385.67,454,higher,[],2026-09-08,dlx-aggregates-2
community:435:quarter:2021-01-01:median_rent_per_sqft:all:all,community,435,Al Hebiah Fourth,,quarter,2021-01-01,2021-03-31,median_rent_per_sqft,all,all,399.06,356,higher,[],2026-09-08,dlx-aggregates-2
community:435:quarter:2021-04-01:median_rent_per_sqft:all:all,community,435,Al Hebiah Fourth,,quarter,2021-04-01,2021-06-30,median_rent_per_sqft,all,all,393.44,330,higher,[],2026-09-08,dlx-aggregates-2
community:435:quarter:2021-07-01:median_rent_per_sqft:all:all,community,435,Al Hebiah Fourth,,quarter,2021-07-01,2021-09-30,median_rent_per_sqft,all,all,389.38,584,higher,[],2026-09-08,dlx-aggregates-2
community:435:quarter:2021-10-01:median_rent_per_sqft:all:all,community,435,Al Hebiah Fourth,,quarter,2021-10-01,2021-12-31,median_rent_per_sqft,all,all,409.64,467,higher,[],2026-09-08,dlx-aggregates-2
community:435:quarter:2022-01-01:median_rent_per_sqft:all:all,community,435,Al Hebiah Fourth,,quarter,2022-01-01,2022-03-31,median_rent_per_sqft,all,all,425.73,355,higher,[],2026-09-08,dlx-aggregates-2
community:435:quarter:2022-04-01:median_rent_per_sqft:all:all,community,435,Al Hebiah Fourth,,quarter,2022-04-01,2022-06-30,median_rent_per_sqft,all,all,440.05,396,higher,[],2026-09-08,dlx-aggregates-2
community:435:quarter:2022-07-01:median_rent_per_sqft:all:all,community,435,Al Hebiah Fourth,,quarter,2022-07-01,2022-09-30,median_rent_per_sqft,all,all,458.32,708,higher,[],2026-09-08,dlx-aggregates-2
community:435:quarter:2022-10-01:median_rent_per_sqft:all:all,community,435,Al Hebiah Fourth,,quarter,2022-10-01,2022-12-31,median_rent_per_sqft,all,all,468.3,461,higher,[],2026-09-08,dlx-aggregates-2
community:435:quarter:2023-01-01:median_rent_per_sqft:all:all,community,435,Al Hebiah Fourth,,quarter,2023-01-01,2023-03-31,median_rent_per_sqft,all,all,485.91,368,higher,[],2026-09-08,dlx-aggregates-2
community:435:quarter:2023-04-01:median_rent_per_sqft:all:all,community,435,Al Hebiah Fourth,,quarter,2023-04-01,2023-06-30,median_rent_per_sqft,all,all,517.95,466,higher,[],2026-09-08,dlx-aggregates-2
community:435:quarter:2023-07-01:median_rent_per_sqft:all:all,community,435,Al Hebiah Fourth,,quarter,2023-07-01,2023-09-30,median_rent_per_sqft,all,all,557.76,838,higher,[],2026-09-08,dlx-aggregates-2
community:435:quarter:2023-10-01:median_rent_per_sqft:all:all,community,435,Al Hebiah Fourth,,quarter,2023-10-01,2023-12-31,median_rent_per_sqft,all,all,625.03,664,higher,[],2026-09-08,dlx-aggregates-2
community:435:quarter:2024-01-01:median_rent_per_sqft:all:all,community,435,Al Hebiah Fourth,,quarter,2024-01-01,2024-03-31,median_rent_per_sqft,all,all,643.48,502,higher,[],2026-09-08,dlx-aggregates-2
community:435:quarter:2024-04-01:median_rent_per_sqft:all:all,community,435,Al Hebiah Fourth,,quarter,2024-04-01,2024-06-30,median_rent_per_sqft,all,all,602.59,480,higher,[],2026-09-08,dlx-aggregates-2
community:435:quarter:2024-07-01:median_rent_per_sqft:all:all,community,435,Al Hebiah Fourth,,quarter,2024-07-01,2024-09-30,median_rent_per_sqft,all,all,671.72,862,higher,[],2026-09-08,dlx-aggregates-2
community:435:quarter:2024-10-01:median_rent_per_sqft:all:all,community,435,Al Hebiah Fourth,,quarter,2024-10-01,2024-12-31,median_rent_per_sqft,all,all,692.62,616,higher,[],2026-09-08,dlx-aggregates-2
community:435:quarter:2025-01-01:median_rent_per_sqft:all:all,community,435,Al Hebiah Fourth,,quarter,2025-01-01,2025-03-31,median_rent_per_sqft,all,all,744.49,590,higher,[],2026-09-08,dlx-aggregates-2
community:435:quarter:2025-04-01:median_rent_per_sqft:all:all,community,435,Al Hebiah Fourth,,quarter,2025-04-01,2025-06-30,median_rent_per_sqft,all,all,750.83,622,higher,[],2026-09-08,dlx-aggregates-2
community:435:quarter:2025-07-01:median_rent_per_sqft:all:all,community,435,Al Hebiah Fourth,,quarter,2025-07-01,2025-09-30,median_rent_per_sqft,all,all,786.94,1062,higher,[],2026-09-08,dlx-aggregates-2
community:435:quarter:2025-10-01:median_rent_per_sqft:all:all,community,435,Al Hebiah Fourth,,quarter,2025-10-01,2025-12-31,median_rent_per_sqft,all,all,841.5,761,higher,[],2026-09-08,dlx-aggregates-2
community:435:quarter:2026-01-01:median_rent_per_sqft:all:all,community,435,Al Hebiah Fourth,,quarter,2026-01-01,2026-03-31,median_rent_per_sqft,all,all,884.46,650,higher,[],2026-09-08,dlx-aggregates-2
community:435:quarter:2026-04-01:median_rent_per_sqft:all:all,community,435,Al Hebiah Fourth,,quarter,2026-04-01,2026-06-30,median_rent_per_sqft,all,all,820.18,637,higher,[],2026-09-08,dlx-aggregates-2
community:435:quarter:2026-07-01:median_rent_per_sqft:all:all,community,435,Al Hebiah Fourth,,quarter,2026-07-01,2026-09-30,median_rent_per_sqft,all,all,970.12,716,higher,[],2026-09-08,dlx-aggregates-2
community:437:quarter:2019-01-01:median_rent_per_sqft:all:all,community,437,Al Kheeran,,quarter,2019-01-01,2019-03-31,median_rent_per_sqft,all,all,659.48,105,moderate,[],2026-09-08,dlx-aggregates-2
community:437:quarter:2019-04-01:median_rent_per_sqft:all:all,community,437,Al Kheeran,,quarter,2019-04-01,2019-06-30,median_rent_per_sqft,all,all,683.15,78,moderate,[],2026-09-08,dlx-aggregates-2
community:437:quarter:2019-07-01:median_rent_per_sqft:all:all,community,437,Al Kheeran,,quarter,2019-07-01,2019-09-30,median_rent_per_sqft,all,all,710.5,100,moderate,[],2026-09-08,dlx-aggregates-2
community:437:quarter:2019-10-01:median_rent_per_sqft:all:all,community,437,Al Kheeran,,quarter,2019-10-01,2019-12-31,median_rent_per_sqft,all,all,645.86,85,moderate,[],2026-09-08,dlx-aggregates-2
community:437:quarter:2020-01-01:median_rent_per_sqft:all:all,community,437,Al Kheeran,,quarter,2020-01-01,2020-03-31,median_rent_per_sqft,all,all,599.06,98,moderate,[],2026-09-08,dlx-aggregates-2
community:437:quarter:2020-04-01:median_rent_per_sqft:all:all,community,437,Al Kheeran,,quarter,2020-04-01,2020-06-30,median_rent_per_sqft,all,all,618.95,77,moderate,[],2026-09-08,dlx-aggregates-2
community:437:quarter:2020-07-01:median_rent_per_sqft:all:all,community,437,Al Kheeran,,quarter,2020-07-01,2020-09-30,median_rent_per_sqft,all,all,609.97,111,moderate,[],2026-09-08,dlx-aggregates-2
community:437:quarter:2020-10-01:median_rent_per_sqft:all:all,community,437,Al Kheeran,,quarter,2020-10-01,2020-12-31,median_rent_per_sqft,all,all,583.06,106,moderate,[],2026-09-08,dlx-aggregates-2
community:437:quarter:2021-01-01:median_rent_per_sqft:all:all,community,437,Al Kheeran,,quarter,2021-01-01,2021-03-31,median_rent_per_sqft,all,all,556.15,109,moderate,[],2026-09-08,dlx-aggregates-2
community:437:quarter:2021-04-01:median_rent_per_sqft:all:all,community,437,Al Kheeran,,quarter,2021-04-01,2021-06-30,median_rent_per_sqft,all,all,622.33,107,moderate,[],2026-09-08,dlx-aggregates-2
community:437:quarter:2021-07-01:median_rent_per_sqft:all:all,community,437,Al Kheeran,,quarter,2021-07-01,2021-09-30,median_rent_per_sqft,all,all,635.12,127,moderate,[],2026-09-08,dlx-aggregates-2
community:437:quarter:2021-10-01:median_rent_per_sqft:all:all,community,437,Al Kheeran,,quarter,2021-10-01,2021-12-31,median_rent_per_sqft,all,all,567.93,115,moderate,[],2026-09-08,dlx-aggregates-2
community:437:quarter:2022-01-01:median_rent_per_sqft:all:all,community,437,Al Kheeran,,quarter,2022-01-01,2022-03-31,median_rent_per_sqft,all,all,541.84,96,moderate,[],2026-09-08,dlx-aggregates-2
community:437:quarter:2022-04-01:median_rent_per_sqft:all:all,community,437,Al Kheeran,,quarter,2022-04-01,2022-06-30,median_rent_per_sqft,all,all,634.72,84,moderate,[],2026-09-08,dlx-aggregates-2
community:437:quarter:2022-07-01:median_rent_per_sqft:all:all,community,437,Al Kheeran,,quarter,2022-07-01,2022-09-30,median_rent_per_sqft,all,all,647.5,137,moderate,[],2026-09-08,dlx-aggregates-2
community:437:quarter:2022-10-01:median_rent_per_sqft:all:all,community,437,Al Kheeran,,quarter,2022-10-01,2022-12-31,median_rent_per_sqft,all,all,621.09,112,moderate,[],2026-09-08,dlx-aggregates-2
community:437:quarter:2023-01-01:median_rent_per_sqft:all:all,community,437,Al Kheeran,,quarter,2023-01-01,2023-03-31,median_rent_per_sqft,all,all,585.07,108,moderate,[],2026-09-08,dlx-aggregates-2
community:437:quarter:2023-04-01:median_rent_per_sqft:all:all,community,437,Al Kheeran,,quarter,2023-04-01,2023-06-30,median_rent_per_sqft,all,all,662.03,83,moderate,[],2026-09-08,dlx-aggregates-2
community:437:quarter:2023-07-01:median_rent_per_sqft:all:all,community,437,Al Kheeran,,quarter,2023-07-01,2023-09-30,median_rent_per_sqft,all,all,713.13,121,moderate,[],2026-09-08,dlx-aggregates-2
community:437:quarter:2023-10-01:median_rent_per_sqft:all:all,community,437,Al Kheeran,,quarter,2023-10-01,2023-12-31,median_rent_per_sqft,all,all,672.08,115,moderate,[],2026-09-08,dlx-aggregates-2
community:437:quarter:2024-01-01:median_rent_per_sqft:all:all,community,437,Al Kheeran,,quarter,2024-01-01,2024-03-31,median_rent_per_sqft,all,all,683.57,104,moderate,[],2026-09-08,dlx-aggregates-2
community:437:quarter:2024-04-01:median_rent_per_sqft:all:all,community,437,Al Kheeran,,quarter,2024-04-01,2024-06-30,median_rent_per_sqft,all,all,734.27,81,moderate,[],2026-09-08,dlx-aggregates-2
community:437:quarter:2024-07-01:median_rent_per_sqft:all:all,community,437,Al Kheeran,,quarter,2024-07-01,2024-09-30,median_rent_per_sqft,all,all,784.22,115,moderate,[],2026-09-08,dlx-aggregates-2
community:437:quarter:2024-10-01:median_rent_per_sqft:all:all,community,437,Al Kheeran,,quarter,2024-10-01,2024-12-31,median_rent_per_sqft,all,all,785.26,144,moderate,[],2026-09-08,dlx-aggregates-2
community:437:quarter:2025-01-01:median_rent_per_sqft:all:all,community,437,Al Kheeran,,quarter,2025-01-01,2025-03-31,median_rent_per_sqft,all,all,857.56,151,moderate,[],2026-09-08,dlx-aggregates-2
community:437:quarter:2025-04-01:median_rent_per_sqft:all:all,community,437,Al Kheeran,,quarter,2025-04-01,2025-06-30,median_rent_per_sqft,all,all,826.87,92,moderate,[],2026-09-08,dlx-aggregates-2
community:437:quarter:2025-07-01:median_rent_per_sqft:all:all,community,437,Al Kheeran,,quarter,2025-07-01,2025-09-30,median_rent_per_sqft,all,all,924.71,158,moderate,[],2026-09-08,dlx-aggregates-2
community:437:quarter:2025-10-01:median_rent_per_sqft:all:all,community,437,Al Kheeran,,quarter,2025-10-01,2025-12-31,median_rent_per_sqft,all,all,969.57,162,moderate,[],2026-09-08,dlx-aggregates-2
community:437:quarter:2026-01-01:median_rent_per_sqft:all:all,community,437,Al Kheeran,,quarter,2026-01-01,2026-03-31,median_rent_per_sqft,all,all,939.21,146,moderate,[],2026-09-08,dlx-aggregates-2
community:437:quarter:2026-04-01:median_rent_per_sqft:all:all,community,437,Al Kheeran,,quarter,2026-04-01,2026-06-30,median_rent_per_sqft,all,all,822.29,80,moderate,[],2026-09-08,dlx-aggregates-2
community:437:quarter:2026-07-01:median_rent_per_sqft:all:all,community,437,Al Kheeran,,quarter,2026-07-01,2026-09-30,median_rent_per_sqft,all,all,953.21,89,moderate,[],2026-09-08,dlx-aggregates-2
community:438:quarter:2025-04-01:median_rent_per_sqft:all:all,community,438,Al Ttay,,quarter,2025-04-01,2025-06-30,median_rent_per_sqft,all,all,1630.26,30,moderate,[],2026-09-08,dlx-aggregates-2
community:438:quarter:2026-01-01:median_rent_per_sqft:all:all,community,438,Al Ttay,,quarter,2026-01-01,2026-03-31,median_rent_per_sqft,all,all,332.64,58,moderate,[],2026-09-08,dlx-aggregates-2
community:438:quarter:2026-04-01:median_rent_per_sqft:all:all,community,438,Al Ttay,,quarter,2026-04-01,2026-06-30,median_rent_per_sqft,all,all,380.16,46,moderate,[],2026-09-08,dlx-aggregates-2
community:438:quarter:2026-07-01:median_rent_per_sqft:all:all,community,438,Al Ttay,,quarter,2026-07-01,2026-09-30,median_rent_per_sqft,all,all,332.64,50,moderate,[],2026-09-08,dlx-aggregates-2
community:441:quarter:2019-01-01:median_rent_per_sqft:all:all,community,441,Al Barsha South Fourth,,quarter,2019-01-01,2019-03-31,median_rent_per_sqft,all,all,549.0,642,higher,[],2026-09-08,dlx-aggregates-2
community:441:quarter:2019-04-01:median_rent_per_sqft:all:all,community,441,Al Barsha South Fourth,,quarter,2019-04-01,2019-06-30,median_rent_per_sqft,all,all,544.45,741,higher,[],2026-09-08,dlx-aggregates-2
community:441:quarter:2019-07-01:median_rent_per_sqft:all:all,community,441,Al Barsha South Fourth,,quarter,2019-07-01,2019-09-30,median_rent_per_sqft,all,all,571.43,1233,higher,[],2026-09-08,dlx-aggregates-2
community:441:quarter:2019-10-01:median_rent_per_sqft:all:all,community,441,Al Barsha South Fourth,,quarter,2019-10-01,2019-12-31,median_rent_per_sqft,all,all,527.18,986,higher,[],2026-09-08,dlx-aggregates-2
community:441:quarter:2020-01-01:median_rent_per_sqft:all:all,community,441,Al Barsha South Fourth,,quarter,2020-01-01,2020-03-31,median_rent_per_sqft,all,all,533.63,966,higher,[],2026-09-08,dlx-aggregates-2
community:441:quarter:2020-04-01:median_rent_per_sqft:all:all,community,441,Al Barsha South Fourth,,quarter,2020-04-01,2020-06-30,median_rent_per_sqft,all,all,465.94,711,higher,[],2026-09-08,dlx-aggregates-2
community:441:quarter:2020-07-01:median_rent_per_sqft:all:all,community,441,Al Barsha South Fourth,,quarter,2020-07-01,2020-09-30,median_rent_per_sqft,all,all,476.57,1317,higher,[],2026-09-08,dlx-aggregates-2
community:441:quarter:2020-10-01:median_rent_per_sqft:all:all,community,441,Al Barsha South Fourth,,quarter,2020-10-01,2020-12-31,median_rent_per_sqft,all,all,468.55,1134,higher,[],2026-09-08,dlx-aggregates-2
community:441:quarter:2021-01-01:median_rent_per_sqft:all:all,community,441,Al Barsha South Fourth,,quarter,2021-01-01,2021-03-31,median_rent_per_sqft,all,all,442.28,1052,higher,[],2026-09-08,dlx-aggregates-2
community:441:quarter:2021-04-01:median_rent_per_sqft:all:all,community,441,Al Barsha South Fourth,,quarter,2021-04-01,2021-06-30,median_rent_per_sqft,all,all,452.74,987,higher,[],2026-09-08,dlx-aggregates-2
community:441:quarter:2021-07-01:median_rent_per_sqft:all:all,community,441,Al Barsha South Fourth,,quarter,2021-07-01,2021-09-30,median_rent_per_sqft,all,all,478.41,1436,higher,[],2026-09-08,dlx-aggregates-2
community:441:quarter:2021-10-01:median_rent_per_sqft:all:all,community,441,Al Barsha South Fourth,,quarter,2021-10-01,2021-12-31,median_rent_per_sqft,all,all,473.53,1323,higher,[],2026-09-08,dlx-aggregates-2
community:441:quarter:2022-01-01:median_rent_per_sqft:all:all,community,441,Al Barsha South Fourth,,quarter,2022-01-01,2022-03-31,median_rent_per_sqft,all,all,494.46,1244,higher,[],2026-09-08,dlx-aggregates-2
community:441:quarter:2022-04-01:median_rent_per_sqft:all:all,community,441,Al Barsha South Fourth,,quarter,2022-04-01,2022-06-30,median_rent_per_sqft,all,all,490.11,1170,higher,[],2026-09-08,dlx-aggregates-2
community:441:quarter:2022-07-01:median_rent_per_sqft:all:all,community,441,Al Barsha South Fourth,,quarter,2022-07-01,2022-09-30,median_rent_per_sqft,all,all,526.51,1490,higher,[],2026-09-08,dlx-aggregates-2
community:441:quarter:2022-10-01:median_rent_per_sqft:all:all,community,441,Al Barsha South Fourth,,quarter,2022-10-01,2022-12-31,median_rent_per_sqft,all,all,527.78,1337,higher,[],2026-09-08,dlx-aggregates-2
community:441:quarter:2023-01-01:median_rent_per_sqft:all:all,community,441,Al Barsha South Fourth,,quarter,2023-01-01,2023-03-31,median_rent_per_sqft,all,all,551.49,1240,higher,[],2026-09-08,dlx-aggregates-2
community:441:quarter:2023-04-01:median_rent_per_sqft:all:all,community,441,Al Barsha South Fourth,,quarter,2023-04-01,2023-06-30,median_rent_per_sqft,all,all,581.46,1290,higher,[],2026-09-08,dlx-aggregates-2
community:441:quarter:2023-07-01:median_rent_per_sqft:all:all,community,441,Al Barsha South Fourth,,quarter,2023-07-01,2023-09-30,median_rent_per_sqft,all,all,599.36,1508,higher,[],2026-09-08,dlx-aggregates-2
community:441:quarter:2023-10-01:median_rent_per_sqft:all:all,community,441,Al Barsha South Fourth,,quarter,2023-10-01,2023-12-31,median_rent_per_sqft,all,all,613.76,1383,higher,[],2026-09-08,dlx-aggregates-2
community:441:quarter:2024-01-01:median_rent_per_sqft:all:all,community,441,Al Barsha South Fourth,,quarter,2024-01-01,2024-03-31,median_rent_per_sqft,all,all,619.95,1282,higher,[],2026-09-08,dlx-aggregates-2
community:441:quarter:2024-04-01:median_rent_per_sqft:all:all,community,441,Al Barsha South Fourth,,quarter,2024-04-01,2024-06-30,median_rent_per_sqft,all,all,664.75,1229,higher,[],2026-09-08,dlx-aggregates-2
community:441:quarter:2024-07-01:median_rent_per_sqft:all:all,community,441,Al Barsha South Fourth,,quarter,2024-07-01,2024-09-30,median_rent_per_sqft,all,all,693.21,1634,higher,[],2026-09-08,dlx-aggregates-2
community:441:quarter:2024-10-01:median_rent_per_sqft:all:all,community,441,Al Barsha South Fourth,,quarter,2024-10-01,2024-12-31,median_rent_per_sqft,all,all,713.31,1600,higher,[],2026-09-08,dlx-aggregates-2
community:441:quarter:2025-01-01:median_rent_per_sqft:all:all,community,441,Al Barsha South Fourth,,quarter,2025-01-01,2025-03-31,median_rent_per_sqft,all,all,723.4,1430,higher,[],2026-09-08,dlx-aggregates-2
community:441:quarter:2025-04-01:median_rent_per_sqft:all:all,community,441,Al Barsha South Fourth,,quarter,2025-04-01,2025-06-30,median_rent_per_sqft,all,all,739.95,1393,higher,[],2026-09-08,dlx-aggregates-2
community:441:quarter:2025-07-01:median_rent_per_sqft:all:all,community,441,Al Barsha South Fourth,,quarter,2025-07-01,2025-09-30,median_rent_per_sqft,all,all,781.47,1933,higher,[],2026-09-08,dlx-aggregates-2
community:441:quarter:2025-10-01:median_rent_per_sqft:all:all,community,441,Al Barsha South Fourth,,quarter,2025-10-01,2025-12-31,median_rent_per_sqft,all,all,805.56,1698,higher,[],2026-09-08,dlx-aggregates-2
community:441:quarter:2026-01-01:median_rent_per_sqft:all:all,community,441,Al Barsha South Fourth,,quarter,2026-01-01,2026-03-31,median_rent_per_sqft,all,all,800.64,1445,higher,[],2026-09-08,dlx-aggregates-2
community:441:quarter:2026-04-01:median_rent_per_sqft:all:all,community,441,Al Barsha South Fourth,,quarter,2026-04-01,2026-06-30,median_rent_per_sqft,all,all,770.49,1327,higher,[],2026-09-08,dlx-aggregates-2
community:441:quarter:2026-07-01:median_rent_per_sqft:all:all,community,441,Al Barsha South Fourth,,quarter,2026-07-01,2026-09-30,median_rent_per_sqft,all,all,771.27,1329,higher,[],2026-09-08,dlx-aggregates-2
community:442:quarter:2019-01-01:median_rent_per_sqft:all:all,community,442,Al Barsha South Fifth,,quarter,2019-01-01,2019-03-31,median_rent_per_sqft,all,all,223.15,273,higher,[],2026-09-08,dlx-aggregates-2
community:442:quarter:2019-04-01:median_rent_per_sqft:all:all,community,442,Al Barsha South Fifth,,quarter,2019-04-01,2019-06-30,median_rent_per_sqft,all,all,422.22,248,higher,[],2026-09-08,dlx-aggregates-2
community:442:quarter:2019-07-01:median_rent_per_sqft:all:all,community,442,Al Barsha South Fifth,,quarter,2019-07-01,2019-09-30,median_rent_per_sqft,all,all,416.67,303,higher,[],2026-09-08,dlx-aggregates-2
community:442:quarter:2019-10-01:median_rent_per_sqft:all:all,community,442,Al Barsha South Fifth,,quarter,2019-10-01,2019-12-31,median_rent_per_sqft,all,all,297.62,244,higher,[],2026-09-08,dlx-aggregates-2
community:442:quarter:2020-01-01:median_rent_per_sqft:all:all,community,442,Al Barsha South Fifth,,quarter,2020-01-01,2020-03-31,median_rent_per_sqft,all,all,204.91,266,higher,[],2026-09-08,dlx-aggregates-2
community:442:quarter:2020-04-01:median_rent_per_sqft:all:all,community,442,Al Barsha South Fifth,,quarter,2020-04-01,2020-06-30,median_rent_per_sqft,all,all,321.92,264,higher,[],2026-09-08,dlx-aggregates-2
community:442:quarter:2020-07-01:median_rent_per_sqft:all:all,community,442,Al Barsha South Fifth,,quarter,2020-07-01,2020-09-30,median_rent_per_sqft,all,all,344.44,355,higher,[],2026-09-08,dlx-aggregates-2
community:442:quarter:2020-10-01:median_rent_per_sqft:all:all,community,442,Al Barsha South Fifth,,quarter,2020-10-01,2020-12-31,median_rent_per_sqft,all,all,247.11,256,higher,[],2026-09-08,dlx-aggregates-2
community:442:quarter:2021-01-01:median_rent_per_sqft:all:all,community,442,Al Barsha South Fifth,,quarter,2021-01-01,2021-03-31,median_rent_per_sqft,all,all,342.89,282,higher,[],2026-09-08,dlx-aggregates-2
community:442:quarter:2021-04-01:median_rent_per_sqft:all:all,community,442,Al Barsha South Fifth,,quarter,2021-04-01,2021-06-30,median_rent_per_sqft,all,all,346.67,291,higher,[],2026-09-08,dlx-aggregates-2
community:442:quarter:2021-07-01:median_rent_per_sqft:all:all,community,442,Al Barsha South Fifth,,quarter,2021-07-01,2021-09-30,median_rent_per_sqft,all,all,388.89,347,higher,[],2026-09-08,dlx-aggregates-2
community:442:quarter:2021-10-01:median_rent_per_sqft:all:all,community,442,Al Barsha South Fifth,,quarter,2021-10-01,2021-12-31,median_rent_per_sqft,all,all,349.73,272,higher,[],2026-09-08,dlx-aggregates-2
community:442:quarter:2022-01-01:median_rent_per_sqft:all:all,community,442,Al Barsha South Fifth,,quarter,2022-01-01,2022-03-31,median_rent_per_sqft,all,all,437.5,313,higher,[],2026-09-08,dlx-aggregates-2
community:442:quarter:2022-04-01:median_rent_per_sqft:all:all,community,442,Al Barsha South Fifth,,quarter,2022-04-01,2022-06-30,median_rent_per_sqft,all,all,427.45,298,higher,[],2026-09-08,dlx-aggregates-2
community:442:quarter:2022-07-01:median_rent_per_sqft:all:all,community,442,Al Barsha South Fifth,,quarter,2022-07-01,2022-09-30,median_rent_per_sqft,all,all,449.17,380,higher,[],2026-09-08,dlx-aggregates-2
community:442:quarter:2022-10-01:median_rent_per_sqft:all:all,community,442,Al Barsha South Fifth,,quarter,2022-10-01,2022-12-31,median_rent_per_sqft,all,all,435.18,284,higher,[],2026-09-08,dlx-aggregates-2
community:442:quarter:2023-01-01:median_rent_per_sqft:all:all,community,442,Al Barsha South Fifth,,quarter,2023-01-01,2023-03-31,median_rent_per_sqft,all,all,429.21,243,higher,[],2026-09-08,dlx-aggregates-2
community:442:quarter:2023-04-01:median_rent_per_sqft:all:all,community,442,Al Barsha South Fifth,,quarter,2023-04-01,2023-06-30,median_rent_per_sqft,all,all,481.47,331,higher,[],2026-09-08,dlx-aggregates-2
community:442:quarter:2023-07-01:median_rent_per_sqft:all:all,community,442,Al Barsha South Fifth,,quarter,2023-07-01,2023-09-30,median_rent_per_sqft,all,all,504.22,346,higher,[],2026-09-08,dlx-aggregates-2
community:442:quarter:2023-10-01:median_rent_per_sqft:all:all,community,442,Al Barsha South Fifth,,quarter,2023-10-01,2023-12-31,median_rent_per_sqft,all,all,504.01,258,higher,[],2026-09-08,dlx-aggregates-2
community:442:quarter:2024-01-01:median_rent_per_sqft:all:all,community,442,Al Barsha South Fifth,,quarter,2024-01-01,2024-03-31,median_rent_per_sqft,all,all,501.11,231,higher,[],2026-09-08,dlx-aggregates-2
community:442:quarter:2024-04-01:median_rent_per_sqft:all:all,community,442,Al Barsha South Fifth,,quarter,2024-04-01,2024-06-30,median_rent_per_sqft,all,all,569.43,281,higher,[],2026-09-08,dlx-aggregates-2
community:442:quarter:2024-07-01:median_rent_per_sqft:all:all,community,442,Al Barsha South Fifth,,quarter,2024-07-01,2024-09-30,median_rent_per_sqft,all,all,589.24,328,higher,[],2026-09-08,dlx-aggregates-2
community:442:quarter:2024-10-01:median_rent_per_sqft:all:all,community,442,Al Barsha South Fifth,,quarter,2024-10-01,2024-12-31,median_rent_per_sqft,all,all,583.33,213,higher,[],2026-09-08,dlx-aggregates-2
community:442:quarter:2025-01-01:median_rent_per_sqft:all:all,community,442,Al Barsha South Fifth,,quarter,2025-01-01,2025-03-31,median_rent_per_sqft,all,all,594.11,228,higher,[],2026-09-08,dlx-aggregates-2
community:442:quarter:2025-04-01:median_rent_per_sqft:all:all,community,442,Al Barsha South Fifth,,quarter,2025-04-01,2025-06-30,median_rent_per_sqft,all,all,607.15,281,higher,[],2026-09-08,dlx-aggregates-2
community:442:quarter:2025-07-01:median_rent_per_sqft:all:all,community,442,Al Barsha South Fifth,,quarter,2025-07-01,2025-09-30,median_rent_per_sqft,all,all,640.67,322,higher,[],2026-09-08,dlx-aggregates-2
community:442:quarter:2025-10-01:median_rent_per_sqft:all:all,community,442,Al Barsha South Fifth,,quarter,2025-10-01,2025-12-31,median_rent_per_sqft,all,all,697.46,233,higher,[],2026-09-08,dlx-aggregates-2
community:442:quarter:2026-01-01:median_rent_per_sqft:all:all,community,442,Al Barsha South Fifth,,quarter,2026-01-01,2026-03-31,median_rent_per_sqft,all,all,646.28,227,higher,[],2026-09-08,dlx-aggregates-2
community:442:quarter:2026-04-01:median_rent_per_sqft:all:all,community,442,Al Barsha South Fifth,,quarter,2026-04-01,2026-06-30,median_rent_per_sqft,all,all,640.68,246,higher,[],2026-09-08,dlx-aggregates-2
community:442:quarter:2026-07-01:median_rent_per_sqft:all:all,community,442,Al Barsha South Fifth,,quarter,2026-07-01,2026-09-30,median_rent_per_sqft,all,all,655.05,207,higher,[],2026-09-08,dlx-aggregates-2
community:443:quarter:2019-01-01:median_rent_per_sqft:all:all,community,443,Al Thanyah First,,quarter,2019-01-01,2019-03-31,median_rent_per_sqft,all,all,647.97,496,higher,[],2026-09-08,dlx-aggregates-2
community:443:quarter:2019-04-01:median_rent_per_sqft:all:all,community,443,Al Thanyah First,,quarter,2019-04-01,2019-06-30,median_rent_per_sqft,all,all,630.37,395,higher,[],2026-09-08,dlx-aggregates-2
community:443:quarter:2019-07-01:median_rent_per_sqft:all:all,community,443,Al Thanyah First,,quarter,2019-07-01,2019-09-30,median_rent_per_sqft,all,all,625.9,665,higher,[],2026-09-08,dlx-aggregates-2
community:443:quarter:2019-10-01:median_rent_per_sqft:all:all,community,443,Al Thanyah First,,quarter,2019-10-01,2019-12-31,median_rent_per_sqft,all,all,588.24,554,higher,[],2026-09-08,dlx-aggregates-2
community:443:quarter:2020-01-01:median_rent_per_sqft:all:all,community,443,Al Thanyah First,,quarter,2020-01-01,2020-03-31,median_rent_per_sqft,all,all,587.69,528,higher,[],2026-09-08,dlx-aggregates-2
community:443:quarter:2020-04-01:median_rent_per_sqft:all:all,community,443,Al Thanyah First,,quarter,2020-04-01,2020-06-30,median_rent_per_sqft,all,all,548.72,336,higher,[],2026-09-08,dlx-aggregates-2
community:443:quarter:2020-07-01:median_rent_per_sqft:all:all,community,443,Al Thanyah First,,quarter,2020-07-01,2020-09-30,median_rent_per_sqft,all,all,541.67,634,higher,[],2026-09-08,dlx-aggregates-2
community:443:quarter:2020-10-01:median_rent_per_sqft:all:all,community,443,Al Thanyah First,,quarter,2020-10-01,2020-12-31,median_rent_per_sqft,all,all,509.79,601,higher,[],2026-09-08,dlx-aggregates-2
community:443:quarter:2021-01-01:median_rent_per_sqft:all:all,community,443,Al Thanyah First,,quarter,2021-01-01,2021-03-31,median_rent_per_sqft,all,all,487.79,601,higher,[],2026-09-08,dlx-aggregates-2
community:443:quarter:2021-04-01:median_rent_per_sqft:all:all,community,443,Al Thanyah First,,quarter,2021-04-01,2021-06-30,median_rent_per_sqft,all,all,488.76,561,higher,[],2026-09-08,dlx-aggregates-2
community:443:quarter:2021-07-01:median_rent_per_sqft:all:all,community,443,Al Thanyah First,,quarter,2021-07-01,2021-09-30,median_rent_per_sqft,all,all,487.21,631,higher,[],2026-09-08,dlx-aggregates-2
community:443:quarter:2021-10-01:median_rent_per_sqft:all:all,community,443,Al Thanyah First,,quarter,2021-10-01,2021-12-31,median_rent_per_sqft,all,all,516.53,794,higher,[],2026-09-08,dlx-aggregates-2
community:443:quarter:2022-01-01:median_rent_per_sqft:all:all,community,443,Al Thanyah First,,quarter,2022-01-01,2022-03-31,median_rent_per_sqft,all,all,511.55,634,higher,[],2026-09-08,dlx-aggregates-2
community:443:quarter:2022-04-01:median_rent_per_sqft:all:all,community,443,Al Thanyah First,,quarter,2022-04-01,2022-06-30,median_rent_per_sqft,all,all,525.19,617,higher,[],2026-09-08,dlx-aggregates-2
community:443:quarter:2022-07-01:median_rent_per_sqft:all:all,community,443,Al Thanyah First,,quarter,2022-07-01,2022-09-30,median_rent_per_sqft,all,all,538.68,646,higher,[],2026-09-08,dlx-aggregates-2
community:443:quarter:2022-10-01:median_rent_per_sqft:all:all,community,443,Al Thanyah First,,quarter,2022-10-01,2022-12-31,median_rent_per_sqft,all,all,563.25,693,higher,[],2026-09-08,dlx-aggregates-2
community:443:quarter:2023-01-01:median_rent_per_sqft:all:all,community,443,Al Thanyah First,,quarter,2023-01-01,2023-03-31,median_rent_per_sqft,all,all,613.04,825,higher,[],2026-09-08,dlx-aggregates-2
community:443:quarter:2023-04-01:median_rent_per_sqft:all:all,community,443,Al Thanyah First,,quarter,2023-04-01,2023-06-30,median_rent_per_sqft,all,all,738.69,1026,higher,[],2026-09-08,dlx-aggregates-2
community:443:quarter:2023-07-01:median_rent_per_sqft:all:all,community,443,Al Thanyah First,,quarter,2023-07-01,2023-09-30,median_rent_per_sqft,all,all,594.37,631,higher,[],2026-09-08,dlx-aggregates-2
community:443:quarter:2023-10-01:median_rent_per_sqft:all:all,community,443,Al Thanyah First,,quarter,2023-10-01,2023-12-31,median_rent_per_sqft,all,all,611.51,680,higher,[],2026-09-08,dlx-aggregates-2
community:443:quarter:2024-01-01:median_rent_per_sqft:all:all,community,443,Al Thanyah First,,quarter,2024-01-01,2024-03-31,median_rent_per_sqft,all,all,637.37,742,higher,[],2026-09-08,dlx-aggregates-2
community:443:quarter:2024-04-01:median_rent_per_sqft:all:all,community,443,Al Thanyah First,,quarter,2024-04-01,2024-06-30,median_rent_per_sqft,all,all,629.91,604,higher,[],2026-09-08,dlx-aggregates-2
community:443:quarter:2024-07-01:median_rent_per_sqft:all:all,community,443,Al Thanyah First,,quarter,2024-07-01,2024-09-30,median_rent_per_sqft,all,all,648.31,608,higher,[],2026-09-08,dlx-aggregates-2
community:443:quarter:2024-10-01:median_rent_per_sqft:all:all,community,443,Al Thanyah First,,quarter,2024-10-01,2024-12-31,median_rent_per_sqft,all,all,666.45,613,higher,[],2026-09-08,dlx-aggregates-2
community:443:quarter:2025-01-01:median_rent_per_sqft:all:all,community,443,Al Thanyah First,,quarter,2025-01-01,2025-03-31,median_rent_per_sqft,all,all,684.26,708,higher,[],2026-09-08,dlx-aggregates-2
community:443:quarter:2025-04-01:median_rent_per_sqft:all:all,community,443,Al Thanyah First,,quarter,2025-04-01,2025-06-30,median_rent_per_sqft,all,all,681.28,575,higher,[],2026-09-08,dlx-aggregates-2
community:443:quarter:2025-07-01:median_rent_per_sqft:all:all,community,443,Al Thanyah First,,quarter,2025-07-01,2025-09-30,median_rent_per_sqft,all,all,687.94,584,higher,[],2026-09-08,dlx-aggregates-2
community:443:quarter:2025-10-01:median_rent_per_sqft:all:all,community,443,Al Thanyah First,,quarter,2025-10-01,2025-12-31,median_rent_per_sqft,all,all,723.06,586,higher,[],2026-09-08,dlx-aggregates-2
community:443:quarter:2026-01-01:median_rent_per_sqft:all:all,community,443,Al Thanyah First,,quarter,2026-01-01,2026-03-31,median_rent_per_sqft,all,all,701.74,778,higher,[],2026-09-08,dlx-aggregates-2
community:443:quarter:2026-04-01:median_rent_per_sqft:all:all,community,443,Al Thanyah First,,quarter,2026-04-01,2026-06-30,median_rent_per_sqft,all,all,721.79,480,higher,[],2026-09-08,dlx-aggregates-2
community:443:quarter:2026-07-01:median_rent_per_sqft:all:all,community,443,Al Thanyah First,,quarter,2026-07-01,2026-09-30,median_rent_per_sqft,all,all,745.57,335,higher,[],2026-09-08,dlx-aggregates-2
community:444:quarter:2019-01-01:median_rent_per_sqft:all:all,community,444,Al Hebiah First,,quarter,2019-01-01,2019-03-31,median_rent_per_sqft,all,all,555.36,372,higher,[],2026-09-08,dlx-aggregates-2
community:444:quarter:2019-04-01:median_rent_per_sqft:all:all,community,444,Al Hebiah First,,quarter,2019-04-01,2019-06-30,median_rent_per_sqft,all,all,534.61,313,higher,[],2026-09-08,dlx-aggregates-2
community:444:quarter:2019-07-01:median_rent_per_sqft:all:all,community,444,Al Hebiah First,,quarter,2019-07-01,2019-09-30,median_rent_per_sqft,all,all,519.54,467,higher,[],2026-09-08,dlx-aggregates-2
community:444:quarter:2019-10-01:median_rent_per_sqft:all:all,community,444,Al Hebiah First,,quarter,2019-10-01,2019-12-31,median_rent_per_sqft,all,all,501.98,338,higher,[],2026-09-08,dlx-aggregates-2
community:444:quarter:2020-01-01:median_rent_per_sqft:all:all,community,444,Al Hebiah First,,quarter,2020-01-01,2020-03-31,median_rent_per_sqft,all,all,470.66,334,higher,[],2026-09-08,dlx-aggregates-2
community:444:quarter:2020-04-01:median_rent_per_sqft:all:all,community,444,Al Hebiah First,,quarter,2020-04-01,2020-06-30,median_rent_per_sqft,all,all,445.59,292,higher,[],2026-09-08,dlx-aggregates-2
community:444:quarter:2020-07-01:median_rent_per_sqft:all:all,community,444,Al Hebiah First,,quarter,2020-07-01,2020-09-30,median_rent_per_sqft,all,all,436.71,514,higher,[],2026-09-08,dlx-aggregates-2
community:444:quarter:2020-10-01:median_rent_per_sqft:all:all,community,444,Al Hebiah First,,quarter,2020-10-01,2020-12-31,median_rent_per_sqft,all,all,432.28,381,higher,[],2026-09-08,dlx-aggregates-2
community:444:quarter:2021-01-01:median_rent_per_sqft:all:all,community,444,Al Hebiah First,,quarter,2021-01-01,2021-03-31,median_rent_per_sqft,all,all,430.82,355,higher,[],2026-09-08,dlx-aggregates-2
community:444:quarter:2021-04-01:median_rent_per_sqft:all:all,community,444,Al Hebiah First,,quarter,2021-04-01,2021-06-30,median_rent_per_sqft,all,all,428.95,325,higher,[],2026-09-08,dlx-aggregates-2
community:444:quarter:2021-07-01:median_rent_per_sqft:all:all,community,444,Al Hebiah First,,quarter,2021-07-01,2021-09-30,median_rent_per_sqft,all,all,435.45,547,higher,[],2026-09-08,dlx-aggregates-2
community:444:quarter:2021-10-01:median_rent_per_sqft:all:all,community,444,Al Hebiah First,,quarter,2021-10-01,2021-12-31,median_rent_per_sqft,all,all,463.14,443,higher,[],2026-09-08,dlx-aggregates-2
community:444:quarter:2022-01-01:median_rent_per_sqft:all:all,community,444,Al Hebiah First,,quarter,2022-01-01,2022-03-31,median_rent_per_sqft,all,all,441.91,416,higher,[],2026-09-08,dlx-aggregates-2
community:444:quarter:2022-04-01:median_rent_per_sqft:all:all,community,444,Al Hebiah First,,quarter,2022-04-01,2022-06-30,median_rent_per_sqft,all,all,453.58,332,higher,[],2026-09-08,dlx-aggregates-2
community:444:quarter:2022-07-01:median_rent_per_sqft:all:all,community,444,Al Hebiah First,,quarter,2022-07-01,2022-09-30,median_rent_per_sqft,all,all,472.56,536,higher,[],2026-09-08,dlx-aggregates-2
community:444:quarter:2022-10-01:median_rent_per_sqft:all:all,community,444,Al Hebiah First,,quarter,2022-10-01,2022-12-31,median_rent_per_sqft,all,all,509.45,439,higher,[],2026-09-08,dlx-aggregates-2
community:444:quarter:2023-01-01:median_rent_per_sqft:all:all,community,444,Al Hebiah First,,quarter,2023-01-01,2023-03-31,median_rent_per_sqft,all,all,516.79,360,higher,[],2026-09-08,dlx-aggregates-2
community:444:quarter:2023-04-01:median_rent_per_sqft:all:all,community,444,Al Hebiah First,,quarter,2023-04-01,2023-06-30,median_rent_per_sqft,all,all,529.93,348,higher,[],2026-09-08,dlx-aggregates-2
community:444:quarter:2023-07-01:median_rent_per_sqft:all:all,community,444,Al Hebiah First,,quarter,2023-07-01,2023-09-30,median_rent_per_sqft,all,all,534.01,466,higher,[],2026-09-08,dlx-aggregates-2
community:444:quarter:2023-10-01:median_rent_per_sqft:all:all,community,444,Al Hebiah First,,quarter,2023-10-01,2023-12-31,median_rent_per_sqft,all,all,574.71,400,higher,[],2026-09-08,dlx-aggregates-2
community:444:quarter:2024-01-01:median_rent_per_sqft:all:all,community,444,Al Hebiah First,,quarter,2024-01-01,2024-03-31,median_rent_per_sqft,all,all,583.92,327,higher,[],2026-09-08,dlx-aggregates-2
community:444:quarter:2024-04-01:median_rent_per_sqft:all:all,community,444,Al Hebiah First,,quarter,2024-04-01,2024-06-30,median_rent_per_sqft,all,all,599.92,326,higher,[],2026-09-08,dlx-aggregates-2
community:444:quarter:2024-07-01:median_rent_per_sqft:all:all,community,444,Al Hebiah First,,quarter,2024-07-01,2024-09-30,median_rent_per_sqft,all,all,602.89,436,higher,[],2026-09-08,dlx-aggregates-2
community:444:quarter:2024-10-01:median_rent_per_sqft:all:all,community,444,Al Hebiah First,,quarter,2024-10-01,2024-12-31,median_rent_per_sqft,all,all,651.42,363,higher,[],2026-09-08,dlx-aggregates-2
community:444:quarter:2025-01-01:median_rent_per_sqft:all:all,community,444,Al Hebiah First,,quarter,2025-01-01,2025-03-31,median_rent_per_sqft,all,all,644.85,301,higher,[],2026-09-08,dlx-aggregates-2
community:444:quarter:2025-04-01:median_rent_per_sqft:all:all,community,444,Al Hebiah First,,quarter,2025-04-01,2025-06-30,median_rent_per_sqft,all,all,658.28,261,higher,[],2026-09-08,dlx-aggregates-2
community:444:quarter:2025-07-01:median_rent_per_sqft:all:all,community,444,Al Hebiah First,,quarter,2025-07-01,2025-09-30,median_rent_per_sqft,all,all,679.81,401,higher,[],2026-09-08,dlx-aggregates-2
community:444:quarter:2025-10-01:median_rent_per_sqft:all:all,community,444,Al Hebiah First,,quarter,2025-10-01,2025-12-31,median_rent_per_sqft,all,all,700.77,300,higher,[],2026-09-08,dlx-aggregates-2
community:444:quarter:2026-01-01:median_rent_per_sqft:all:all,community,444,Al Hebiah First,,quarter,2026-01-01,2026-03-31,median_rent_per_sqft,all,all,748.61,212,higher,[],2026-09-08,dlx-aggregates-2
community:444:quarter:2026-04-01:median_rent_per_sqft:all:all,community,444,Al Hebiah First,,quarter,2026-04-01,2026-06-30,median_rent_per_sqft,all,all,708.66,232,higher,[],2026-09-08,dlx-aggregates-2
community:444:quarter:2026-07-01:median_rent_per_sqft:all:all,community,444,Al Hebiah First,,quarter,2026-07-01,2026-09-30,median_rent_per_sqft,all,all,738.49,256,higher,[],2026-09-08,dlx-aggregates-2
community:445:quarter:2019-01-01:median_rent_per_sqft:all:all,community,445,Jabal Ali First,,quarter,2019-01-01,2019-03-31,median_rent_per_sqft,all,all,577.5,1243,higher,[],2026-09-08,dlx-aggregates-2
community:445:quarter:2019-04-01:median_rent_per_sqft:all:all,community,445,Jabal Ali First,,quarter,2019-04-01,2019-06-30,median_rent_per_sqft,all,all,576.0,1129,higher,[],2026-09-08,dlx-aggregates-2
community:445:quarter:2019-07-01:median_rent_per_sqft:all:all,community,445,Jabal Ali First,,quarter,2019-07-01,2019-09-30,median_rent_per_sqft,all,all,567.17,1343,higher,[],2026-09-08,dlx-aggregates-2
community:445:quarter:2019-10-01:median_rent_per_sqft:all:all,community,445,Jabal Ali First,,quarter,2019-10-01,2019-12-31,median_rent_per_sqft,all,all,563.78,1240,higher,[],2026-09-08,dlx-aggregates-2
community:445:quarter:2020-01-01:median_rent_per_sqft:all:all,community,445,Jabal Ali First,,quarter,2020-01-01,2020-03-31,median_rent_per_sqft,all,all,545.74,1214,higher,[],2026-09-08,dlx-aggregates-2
community:445:quarter:2020-04-01:median_rent_per_sqft:all:all,community,445,Jabal Ali First,,quarter,2020-04-01,2020-06-30,median_rent_per_sqft,all,all,532.79,993,higher,[],2026-09-08,dlx-aggregates-2
community:445:quarter:2020-07-01:median_rent_per_sqft:all:all,community,445,Jabal Ali First,,quarter,2020-07-01,2020-09-30,median_rent_per_sqft,all,all,501.36,1620,higher,[],2026-09-08,dlx-aggregates-2
community:445:quarter:2020-10-01:median_rent_per_sqft:all:all,community,445,Jabal Ali First,,quarter,2020-10-01,2020-12-31,median_rent_per_sqft,all,all,459.85,1494,higher,[],2026-09-08,dlx-aggregates-2
community:445:quarter:2021-01-01:median_rent_per_sqft:all:all,community,445,Jabal Ali First,,quarter,2021-01-01,2021-03-31,median_rent_per_sqft,all,all,459.8,1522,higher,[],2026-09-08,dlx-aggregates-2
community:445:quarter:2021-04-01:median_rent_per_sqft:all:all,community,445,Jabal Ali First,,quarter,2021-04-01,2021-06-30,median_rent_per_sqft,all,all,474.28,1022,higher,[],2026-09-08,dlx-aggregates-2
community:445:quarter:2021-07-01:median_rent_per_sqft:all:all,community,445,Jabal Ali First,,quarter,2021-07-01,2021-09-30,median_rent_per_sqft,all,all,485.38,1556,higher,[],2026-09-08,dlx-aggregates-2
community:445:quarter:2021-10-01:median_rent_per_sqft:all:all,community,445,Jabal Ali First,,quarter,2021-10-01,2021-12-31,median_rent_per_sqft,all,all,499.04,1700,higher,[],2026-09-08,dlx-aggregates-2
community:445:quarter:2022-01-01:median_rent_per_sqft:all:all,community,445,Jabal Ali First,,quarter,2022-01-01,2022-03-31,median_rent_per_sqft,all,all,488.3,1537,higher,[],2026-09-08,dlx-aggregates-2
community:445:quarter:2022-04-01:median_rent_per_sqft:all:all,community,445,Jabal Ali First,,quarter,2022-04-01,2022-06-30,median_rent_per_sqft,all,all,497.81,1327,higher,[],2026-09-08,dlx-aggregates-2
community:445:quarter:2022-07-01:median_rent_per_sqft:all:all,community,445,Jabal Ali First,,quarter,2022-07-01,2022-09-30,median_rent_per_sqft,all,all,526.19,1672,higher,[],2026-09-08,dlx-aggregates-2
community:445:quarter:2022-10-01:median_rent_per_sqft:all:all,community,445,Jabal Ali First,,quarter,2022-10-01,2022-12-31,median_rent_per_sqft,all,all,530.0,1848,higher,[],2026-09-08,dlx-aggregates-2
community:445:quarter:2023-01-01:median_rent_per_sqft:all:all,community,445,Jabal Ali First,,quarter,2023-01-01,2023-03-31,median_rent_per_sqft,all,all,517.0,1680,higher,[],2026-09-08,dlx-aggregates-2
community:445:quarter:2023-04-01:median_rent_per_sqft:all:all,community,445,Jabal Ali First,,quarter,2023-04-01,2023-06-30,median_rent_per_sqft,all,all,533.44,1287,higher,[],2026-09-08,dlx-aggregates-2
community:445:quarter:2023-07-01:median_rent_per_sqft:all:all,community,445,Jabal Ali First,,quarter,2023-07-01,2023-09-30,median_rent_per_sqft,all,all,556.5,1836,higher,[],2026-09-08,dlx-aggregates-2
community:445:quarter:2023-10-01:median_rent_per_sqft:all:all,community,445,Jabal Ali First,,quarter,2023-10-01,2023-12-31,median_rent_per_sqft,all,all,556.5,1860,higher,[],2026-09-08,dlx-aggregates-2
community:445:quarter:2024-01-01:median_rent_per_sqft:all:all,community,445,Jabal Ali First,,quarter,2024-01-01,2024-03-31,median_rent_per_sqft,all,all,551.5,1587,higher,[],2026-09-08,dlx-aggregates-2
community:445:quarter:2024-04-01:median_rent_per_sqft:all:all,community,445,Jabal Ali First,,quarter,2024-04-01,2024-06-30,median_rent_per_sqft,all,all,579.04,1382,higher,[],2026-09-08,dlx-aggregates-2
community:445:quarter:2024-07-01:median_rent_per_sqft:all:all,community,445,Jabal Ali First,,quarter,2024-07-01,2024-09-30,median_rent_per_sqft,all,all,612.15,1740,higher,[],2026-09-08,dlx-aggregates-2
community:445:quarter:2024-10-01:median_rent_per_sqft:all:all,community,445,Jabal Ali First,,quarter,2024-10-01,2024-12-31,median_rent_per_sqft,all,all,610.25,1884,higher,[],2026-09-08,dlx-aggregates-2
community:445:quarter:2025-01-01:median_rent_per_sqft:all:all,community,445,Jabal Ali First,,quarter,2025-01-01,2025-03-31,median_rent_per_sqft,all,all,625.57,1857,higher,[],2026-09-08,dlx-aggregates-2
community:445:quarter:2025-04-01:median_rent_per_sqft:all:all,community,445,Jabal Ali First,,quarter,2025-04-01,2025-06-30,median_rent_per_sqft,all,all,625.57,1475,higher,[],2026-09-08,dlx-aggregates-2
community:445:quarter:2025-07-01:median_rent_per_sqft:all:all,community,445,Jabal Ali First,,quarter,2025-07-01,2025-09-30,median_rent_per_sqft,all,all,666.67,2032,higher,[],2026-09-08,dlx-aggregates-2
community:445:quarter:2025-10-01:median_rent_per_sqft:all:all,community,445,Jabal Ali First,,quarter,2025-10-01,2025-12-31,median_rent_per_sqft,all,all,679.27,1868,higher,[],2026-09-08,dlx-aggregates-2
community:445:quarter:2026-01-01:median_rent_per_sqft:all:all,community,445,Jabal Ali First,,quarter,2026-01-01,2026-03-31,median_rent_per_sqft,all,all,713.56,1742,higher,[],2026-09-08,dlx-aggregates-2
community:445:quarter:2026-04-01:median_rent_per_sqft:all:all,community,445,Jabal Ali First,,quarter,2026-04-01,2026-06-30,median_rent_per_sqft,all,all,683.99,1413,higher,[],2026-09-08,dlx-aggregates-2
community:445:quarter:2026-07-01:median_rent_per_sqft:all:all,community,445,Jabal Ali First,,quarter,2026-07-01,2026-09-30,median_rent_per_sqft,all,all,738.83,1472,higher,[],2026-09-08,dlx-aggregates-2
community:445:quarter:2026-10-01:median_rent_per_sqft:all:all,community,445,Jabal Ali First,,quarter,2026-10-01,2026-12-31,median_rent_per_sqft,all,all,656.72,43,moderate,[],2026-09-08,dlx-aggregates-2
community:447:quarter:2019-07-01:median_rent_per_sqft:all:all,community,447,Al Khairan First,,quarter,2019-07-01,2019-09-30,median_rent_per_sqft,all,all,618.37,54,moderate,[],2026-09-08,dlx-aggregates-2
community:447:quarter:2019-10-01:median_rent_per_sqft:all:all,community,447,Al Khairan First,,quarter,2019-10-01,2019-12-31,median_rent_per_sqft,all,all,606.82,181,moderate,[],2026-09-08,dlx-aggregates-2
community:447:quarter:2020-01-01:median_rent_per_sqft:all:all,community,447,Al Khairan First,,quarter,2020-01-01,2020-03-31,median_rent_per_sqft,all,all,613.29,147,moderate,[],2026-09-08,dlx-aggregates-2
community:447:quarter:2020-04-01:median_rent_per_sqft:all:all,community,447,Al Khairan First,,quarter,2020-04-01,2020-06-30,median_rent_per_sqft,all,all,629.38,31,moderate,[],2026-09-08,dlx-aggregates-2
community:447:quarter:2020-07-01:median_rent_per_sqft:all:all,community,447,Al Khairan First,,quarter,2020-07-01,2020-09-30,median_rent_per_sqft,all,all,612.77,74,moderate,[],2026-09-08,dlx-aggregates-2
community:447:quarter:2020-10-01:median_rent_per_sqft:all:all,community,447,Al Khairan First,,quarter,2020-10-01,2020-12-31,median_rent_per_sqft,all,all,607.28,164,moderate,[],2026-09-08,dlx-aggregates-2
community:447:quarter:2021-01-01:median_rent_per_sqft:all:all,community,447,Al Khairan First,,quarter,2021-01-01,2021-03-31,median_rent_per_sqft,all,all,612.24,151,moderate,[],2026-09-08,dlx-aggregates-2
community:447:quarter:2021-04-01:median_rent_per_sqft:all:all,community,447,Al Khairan First,,quarter,2021-04-01,2021-06-30,median_rent_per_sqft,all,all,675.4,79,moderate,[],2026-09-08,dlx-aggregates-2
community:447:quarter:2021-07-01:median_rent_per_sqft:all:all,community,447,Al Khairan First,,quarter,2021-07-01,2021-09-30,median_rent_per_sqft,all,all,683.89,215,higher,[],2026-09-08,dlx-aggregates-2
community:447:quarter:2021-10-01:median_rent_per_sqft:all:all,community,447,Al Khairan First,,quarter,2021-10-01,2021-12-31,median_rent_per_sqft,all,all,679.65,408,higher,[],2026-09-08,dlx-aggregates-2
community:447:quarter:2022-01-01:median_rent_per_sqft:all:all,community,447,Al Khairan First,,quarter,2022-01-01,2022-03-31,median_rent_per_sqft,all,all,730.18,309,higher,[],2026-09-08,dlx-aggregates-2
community:447:quarter:2022-04-01:median_rent_per_sqft:all:all,community,447,Al Khairan First,,quarter,2022-04-01,2022-06-30,median_rent_per_sqft,all,all,841.62,235,higher,[],2026-09-08,dlx-aggregates-2
community:447:quarter:2022-07-01:median_rent_per_sqft:all:all,community,447,Al Khairan First,,quarter,2022-07-01,2022-09-30,median_rent_per_sqft,all,all,874.72,367,higher,[],2026-09-08,dlx-aggregates-2
community:447:quarter:2022-10-01:median_rent_per_sqft:all:all,community,447,Al Khairan First,,quarter,2022-10-01,2022-12-31,median_rent_per_sqft,all,all,916.96,529,higher,[],2026-09-08,dlx-aggregates-2
community:447:quarter:2023-01-01:median_rent_per_sqft:all:all,community,447,Al Khairan First,,quarter,2023-01-01,2023-03-31,median_rent_per_sqft,all,all,1021.19,517,higher,[],2026-09-08,dlx-aggregates-2
community:447:quarter:2023-04-01:median_rent_per_sqft:all:all,community,447,Al Khairan First,,quarter,2023-04-01,2023-06-30,median_rent_per_sqft,all,all,1083.03,404,higher,[],2026-09-08,dlx-aggregates-2
community:447:quarter:2023-07-01:median_rent_per_sqft:all:all,community,447,Al Khairan First,,quarter,2023-07-01,2023-09-30,median_rent_per_sqft,all,all,1129.56,549,higher,[],2026-09-08,dlx-aggregates-2
community:447:quarter:2023-10-01:median_rent_per_sqft:all:all,community,447,Al Khairan First,,quarter,2023-10-01,2023-12-31,median_rent_per_sqft,all,all,1164.96,621,higher,[],2026-09-08,dlx-aggregates-2
community:447:quarter:2024-01-01:median_rent_per_sqft:all:all,community,447,Al Khairan First,,quarter,2024-01-01,2024-03-31,median_rent_per_sqft,all,all,1182.36,593,higher,[],2026-09-08,dlx-aggregates-2
community:447:quarter:2024-04-01:median_rent_per_sqft:all:all,community,447,Al Khairan First,,quarter,2024-04-01,2024-06-30,median_rent_per_sqft,all,all,1243.15,516,higher,[],2026-09-08,dlx-aggregates-2
community:447:quarter:2024-07-01:median_rent_per_sqft:all:all,community,447,Al Khairan First,,quarter,2024-07-01,2024-09-30,median_rent_per_sqft,all,all,1287.0,757,higher,[],2026-09-08,dlx-aggregates-2
community:447:quarter:2024-10-01:median_rent_per_sqft:all:all,community,447,Al Khairan First,,quarter,2024-10-01,2024-12-31,median_rent_per_sqft,all,all,1334.06,718,higher,[],2026-09-08,dlx-aggregates-2
community:447:quarter:2025-01-01:median_rent_per_sqft:all:all,community,447,Al Khairan First,,quarter,2025-01-01,2025-03-31,median_rent_per_sqft,all,all,1318.91,606,higher,[],2026-09-08,dlx-aggregates-2
community:447:quarter:2025-04-01:median_rent_per_sqft:all:all,community,447,Al Khairan First,,quarter,2025-04-01,2025-06-30,median_rent_per_sqft,all,all,1330.94,590,higher,[],2026-09-08,dlx-aggregates-2
community:447:quarter:2025-07-01:median_rent_per_sqft:all:all,community,447,Al Khairan First,,quarter,2025-07-01,2025-09-30,median_rent_per_sqft,all,all,1368.18,895,higher,[],2026-09-08,dlx-aggregates-2
community:447:quarter:2025-10-01:median_rent_per_sqft:all:all,community,447,Al Khairan First,,quarter,2025-10-01,2025-12-31,median_rent_per_sqft,all,all,1426.18,863,higher,[],2026-09-08,dlx-aggregates-2
community:447:quarter:2026-01-01:median_rent_per_sqft:all:all,community,447,Al Khairan First,,quarter,2026-01-01,2026-03-31,median_rent_per_sqft,all,all,1438.98,637,higher,[],2026-09-08,dlx-aggregates-2
community:447:quarter:2026-04-01:median_rent_per_sqft:all:all,community,447,Al Khairan First,,quarter,2026-04-01,2026-06-30,median_rent_per_sqft,all,all,1302.26,577,higher,[],2026-09-08,dlx-aggregates-2
community:447:quarter:2026-07-01:median_rent_per_sqft:all:all,community,447,Al Khairan First,,quarter,2026-07-01,2026-09-30,median_rent_per_sqft,all,all,1278.65,687,higher,[],2026-09-08,dlx-aggregates-2
community:451:quarter:2019-01-01:median_rent_per_sqft:all:all,community,451,Al Hebiah Fifth,,quarter,2019-01-01,2019-03-31,median_rent_per_sqft,all,all,511.01,198,moderate,[],2026-09-08,dlx-aggregates-2
community:451:quarter:2019-04-01:median_rent_per_sqft:all:all,community,451,Al Hebiah Fifth,,quarter,2019-04-01,2019-06-30,median_rent_per_sqft,all,all,537.79,203,higher,[],2026-09-08,dlx-aggregates-2
community:451:quarter:2019-07-01:median_rent_per_sqft:all:all,community,451,Al Hebiah Fifth,,quarter,2019-07-01,2019-09-30,median_rent_per_sqft,all,all,543.97,369,higher,[],2026-09-08,dlx-aggregates-2
community:451:quarter:2019-10-01:median_rent_per_sqft:all:all,community,451,Al Hebiah Fifth,,quarter,2019-10-01,2019-12-31,median_rent_per_sqft,all,all,487.04,210,higher,[],2026-09-08,dlx-aggregates-2
community:451:quarter:2020-01-01:median_rent_per_sqft:all:all,community,451,Al Hebiah Fifth,,quarter,2020-01-01,2020-03-31,median_rent_per_sqft,all,all,466.54,190,moderate,[],2026-09-08,dlx-aggregates-2
community:451:quarter:2020-04-01:median_rent_per_sqft:all:all,community,451,Al Hebiah Fifth,,quarter,2020-04-01,2020-06-30,median_rent_per_sqft,all,all,464.52,174,moderate,[],2026-09-08,dlx-aggregates-2
community:451:quarter:2020-07-01:median_rent_per_sqft:all:all,community,451,Al Hebiah Fifth,,quarter,2020-07-01,2020-09-30,median_rent_per_sqft,all,all,459.81,351,higher,[],2026-09-08,dlx-aggregates-2
community:451:quarter:2020-10-01:median_rent_per_sqft:all:all,community,451,Al Hebiah Fifth,,quarter,2020-10-01,2020-12-31,median_rent_per_sqft,all,all,397.46,225,higher,[],2026-09-08,dlx-aggregates-2
community:451:quarter:2021-01-01:median_rent_per_sqft:all:all,community,451,Al Hebiah Fifth,,quarter,2021-01-01,2021-03-31,median_rent_per_sqft,all,all,392.34,218,higher,[],2026-09-08,dlx-aggregates-2
community:451:quarter:2021-04-01:median_rent_per_sqft:all:all,community,451,Al Hebiah Fifth,,quarter,2021-04-01,2021-06-30,median_rent_per_sqft,all,all,405.13,201,higher,[],2026-09-08,dlx-aggregates-2
community:451:quarter:2021-07-01:median_rent_per_sqft:all:all,community,451,Al Hebiah Fifth,,quarter,2021-07-01,2021-09-30,median_rent_per_sqft,all,all,443.92,328,higher,[],2026-09-08,dlx-aggregates-2
community:451:quarter:2021-10-01:median_rent_per_sqft:all:all,community,451,Al Hebiah Fifth,,quarter,2021-10-01,2021-12-31,median_rent_per_sqft,all,all,424.07,257,higher,[],2026-09-08,dlx-aggregates-2
community:451:quarter:2022-01-01:median_rent_per_sqft:all:all,community,451,Al Hebiah Fifth,,quarter,2022-01-01,2022-03-31,median_rent_per_sqft,all,all,484.1,324,higher,[],2026-09-08,dlx-aggregates-2
community:451:quarter:2022-04-01:median_rent_per_sqft:all:all,community,451,Al Hebiah Fifth,,quarter,2022-04-01,2022-06-30,median_rent_per_sqft,all,all,428.7,191,moderate,[],2026-09-08,dlx-aggregates-2
community:451:quarter:2022-07-01:median_rent_per_sqft:all:all,community,451,Al Hebiah Fifth,,quarter,2022-07-01,2022-09-30,median_rent_per_sqft,all,all,460.87,287,higher,[],2026-09-08,dlx-aggregates-2
community:451:quarter:2022-10-01:median_rent_per_sqft:all:all,community,451,Al Hebiah Fifth,,quarter,2022-10-01,2022-12-31,median_rent_per_sqft,all,all,453.33,261,higher,[],2026-09-08,dlx-aggregates-2
community:451:quarter:2023-01-01:median_rent_per_sqft:all:all,community,451,Al Hebiah Fifth,,quarter,2023-01-01,2023-03-31,median_rent_per_sqft,all,all,439.98,224,higher,[],2026-09-08,dlx-aggregates-2
community:451:quarter:2023-04-01:median_rent_per_sqft:all:all,community,451,Al Hebiah Fifth,,quarter,2023-04-01,2023-06-30,median_rent_per_sqft,all,all,466.99,203,higher,[],2026-09-08,dlx-aggregates-2
community:451:quarter:2023-07-01:median_rent_per_sqft:all:all,community,451,Al Hebiah Fifth,,quarter,2023-07-01,2023-09-30,median_rent_per_sqft,all,all,562.79,351,higher,[],2026-09-08,dlx-aggregates-2
community:451:quarter:2023-10-01:median_rent_per_sqft:all:all,community,451,Al Hebiah Fifth,,quarter,2023-10-01,2023-12-31,median_rent_per_sqft,all,all,524.61,294,higher,[],2026-09-08,dlx-aggregates-2
community:451:quarter:2024-01-01:median_rent_per_sqft:all:all,community,451,Al Hebiah Fifth,,quarter,2024-01-01,2024-03-31,median_rent_per_sqft,all,all,505.12,219,higher,[],2026-09-08,dlx-aggregates-2
community:451:quarter:2024-04-01:median_rent_per_sqft:all:all,community,451,Al Hebiah Fifth,,quarter,2024-04-01,2024-06-30,median_rent_per_sqft,all,all,538.83,187,moderate,[],2026-09-08,dlx-aggregates-2
community:451:quarter:2024-07-01:median_rent_per_sqft:all:all,community,451,Al Hebiah Fifth,,quarter,2024-07-01,2024-09-30,median_rent_per_sqft,all,all,572.47,263,higher,[],2026-09-08,dlx-aggregates-2
community:451:quarter:2024-10-01:median_rent_per_sqft:all:all,community,451,Al Hebiah Fifth,,quarter,2024-10-01,2024-12-31,median_rent_per_sqft,all,all,618.43,309,higher,[],2026-09-08,dlx-aggregates-2
community:451:quarter:2025-01-01:median_rent_per_sqft:all:all,community,451,Al Hebiah Fifth,,quarter,2025-01-01,2025-03-31,median_rent_per_sqft,all,all,581.9,198,moderate,[],2026-09-08,dlx-aggregates-2
community:451:quarter:2025-04-01:median_rent_per_sqft:all:all,community,451,Al Hebiah Fifth,,quarter,2025-04-01,2025-06-30,median_rent_per_sqft,all,all,593.43,194,moderate,[],2026-09-08,dlx-aggregates-2
community:451:quarter:2025-07-01:median_rent_per_sqft:all:all,community,451,Al Hebiah Fifth,,quarter,2025-07-01,2025-09-30,median_rent_per_sqft,all,all,619.07,269,higher,[],2026-09-08,dlx-aggregates-2
community:451:quarter:2025-10-01:median_rent_per_sqft:all:all,community,451,Al Hebiah Fifth,,quarter,2025-10-01,2025-12-31,median_rent_per_sqft,all,all,705.5,303,higher,[],2026-09-08,dlx-aggregates-2
community:451:quarter:2026-01-01:median_rent_per_sqft:all:all,community,451,Al Hebiah Fifth,,quarter,2026-01-01,2026-03-31,median_rent_per_sqft,all,all,718.44,260,higher,[],2026-09-08,dlx-aggregates-2
community:451:quarter:2026-04-01:median_rent_per_sqft:all:all,community,451,Al Hebiah Fifth,,quarter,2026-04-01,2026-06-30,median_rent_per_sqft,all,all,868.06,313,higher,[],2026-09-08,dlx-aggregates-2
community:451:quarter:2026-07-01:median_rent_per_sqft:all:all,community,451,Al Hebiah Fifth,,quarter,2026-07-01,2026-09-30,median_rent_per_sqft,all,all,953.05,463,higher,[],2026-09-08,dlx-aggregates-2
community:452:quarter:2019-01-01:median_rent_per_sqft:all:all,community,452,Al Hebiah Second,,quarter,2019-01-01,2019-03-31,median_rent_per_sqft,all,all,651.48,48,moderate,[],2026-09-08,dlx-aggregates-2
community:452:quarter:2019-04-01:median_rent_per_sqft:all:all,community,452,Al Hebiah Second,,quarter,2019-04-01,2019-06-30,median_rent_per_sqft,all,all,630.23,33,moderate,[],2026-09-08,dlx-aggregates-2
community:452:quarter:2019-07-01:median_rent_per_sqft:all:all,community,452,Al Hebiah Second,,quarter,2019-07-01,2019-09-30,median_rent_per_sqft,all,all,680.19,95,moderate,[],2026-09-08,dlx-aggregates-2
community:452:quarter:2019-10-01:median_rent_per_sqft:all:all,community,452,Al Hebiah Second,,quarter,2019-10-01,2019-12-31,median_rent_per_sqft,all,all,607.72,39,moderate,[],2026-09-08,dlx-aggregates-2
community:452:quarter:2020-01-01:median_rent_per_sqft:all:all,community,452,Al Hebiah Second,,quarter,2020-01-01,2020-03-31,median_rent_per_sqft,all,all,569.53,47,moderate,[],2026-09-08,dlx-aggregates-2
community:452:quarter:2020-04-01:median_rent_per_sqft:all:all,community,452,Al Hebiah Second,,quarter,2020-04-01,2020-06-30,median_rent_per_sqft,all,all,499.23,50,moderate,[],2026-09-08,dlx-aggregates-2
community:452:quarter:2020-07-01:median_rent_per_sqft:all:all,community,452,Al Hebiah Second,,quarter,2020-07-01,2020-09-30,median_rent_per_sqft,all,all,569.21,111,moderate,[],2026-09-08,dlx-aggregates-2
community:452:quarter:2020-10-01:median_rent_per_sqft:all:all,community,452,Al Hebiah Second,,quarter,2020-10-01,2020-12-31,median_rent_per_sqft,all,all,502.69,51,moderate,[],2026-09-08,dlx-aggregates-2
community:452:quarter:2021-01-01:median_rent_per_sqft:all:all,community,452,Al Hebiah Second,,quarter,2021-01-01,2021-03-31,median_rent_per_sqft,all,all,467.2,58,moderate,[],2026-09-08,dlx-aggregates-2
community:452:quarter:2021-04-01:median_rent_per_sqft:all:all,community,452,Al Hebiah Second,,quarter,2021-04-01,2021-06-30,median_rent_per_sqft,all,all,467.83,72,moderate,[],2026-09-08,dlx-aggregates-2
community:452:quarter:2021-07-01:median_rent_per_sqft:all:all,community,452,Al Hebiah Second,,quarter,2021-07-01,2021-09-30,median_rent_per_sqft,all,all,566.47,120,moderate,[],2026-09-08,dlx-aggregates-2
community:452:quarter:2021-10-01:median_rent_per_sqft:all:all,community,452,Al Hebiah Second,,quarter,2021-10-01,2021-12-31,median_rent_per_sqft,all,all,497.59,56,moderate,[],2026-09-08,dlx-aggregates-2
community:452:quarter:2022-01-01:median_rent_per_sqft:all:all,community,452,Al Hebiah Second,,quarter,2022-01-01,2022-03-31,median_rent_per_sqft,all,all,514.05,54,moderate,[],2026-09-08,dlx-aggregates-2
community:452:quarter:2022-04-01:median_rent_per_sqft:all:all,community,452,Al Hebiah Second,,quarter,2022-04-01,2022-06-30,median_rent_per_sqft,all,all,556.93,68,moderate,[],2026-09-08,dlx-aggregates-2
community:452:quarter:2022-07-01:median_rent_per_sqft:all:all,community,452,Al Hebiah Second,,quarter,2022-07-01,2022-09-30,median_rent_per_sqft,all,all,591.87,109,moderate,[],2026-09-08,dlx-aggregates-2
community:452:quarter:2022-10-01:median_rent_per_sqft:all:all,community,452,Al Hebiah Second,,quarter,2022-10-01,2022-12-31,median_rent_per_sqft,all,all,540.2,64,moderate,[],2026-09-08,dlx-aggregates-2
community:452:quarter:2023-01-01:median_rent_per_sqft:all:all,community,452,Al Hebiah Second,,quarter,2023-01-01,2023-03-31,median_rent_per_sqft,all,all,601.36,53,moderate,[],2026-09-08,dlx-aggregates-2
community:452:quarter:2023-04-01:median_rent_per_sqft:all:all,community,452,Al Hebiah Second,,quarter,2023-04-01,2023-06-30,median_rent_per_sqft,all,all,653.42,61,moderate,[],2026-09-08,dlx-aggregates-2
community:452:quarter:2023-07-01:median_rent_per_sqft:all:all,community,452,Al Hebiah Second,,quarter,2023-07-01,2023-09-30,median_rent_per_sqft,all,all,664.03,109,moderate,[],2026-09-08,dlx-aggregates-2
community:452:quarter:2023-10-01:median_rent_per_sqft:all:all,community,452,Al Hebiah Second,,quarter,2023-10-01,2023-12-31,median_rent_per_sqft,all,all,601.91,55,moderate,[],2026-09-08,dlx-aggregates-2
community:452:quarter:2024-01-01:median_rent_per_sqft:all:all,community,452,Al Hebiah Second,,quarter,2024-01-01,2024-03-31,median_rent_per_sqft,all,all,664.7,67,moderate,[],2026-09-08,dlx-aggregates-2
community:452:quarter:2024-04-01:median_rent_per_sqft:all:all,community,452,Al Hebiah Second,,quarter,2024-04-01,2024-06-30,median_rent_per_sqft,all,all,720.37,63,moderate,[],2026-09-08,dlx-aggregates-2
community:452:quarter:2024-07-01:median_rent_per_sqft:all:all,community,452,Al Hebiah Second,,quarter,2024-07-01,2024-09-30,median_rent_per_sqft,all,all,704.27,100,moderate,[],2026-09-08,dlx-aggregates-2
community:452:quarter:2024-10-01:median_rent_per_sqft:all:all,community,452,Al Hebiah Second,,quarter,2024-10-01,2024-12-31,median_rent_per_sqft,all,all,746.03,42,moderate,[],2026-09-08,dlx-aggregates-2
community:452:quarter:2025-01-01:median_rent_per_sqft:all:all,community,452,Al Hebiah Second,,quarter,2025-01-01,2025-03-31,median_rent_per_sqft,all,all,718.77,53,moderate,[],2026-09-08,dlx-aggregates-2
community:452:quarter:2025-04-01:median_rent_per_sqft:all:all,community,452,Al Hebiah Second,,quarter,2025-04-01,2025-06-30,median_rent_per_sqft,all,all,741.49,63,moderate,[],2026-09-08,dlx-aggregates-2
community:452:quarter:2025-07-01:median_rent_per_sqft:all:all,community,452,Al Hebiah Second,,quarter,2025-07-01,2025-09-30,median_rent_per_sqft,all,all,744.8,83,moderate,[],2026-09-08,dlx-aggregates-2
community:452:quarter:2025-10-01:median_rent_per_sqft:all:all,community,452,Al Hebiah Second,,quarter,2025-10-01,2025-12-31,median_rent_per_sqft,all,all,742.12,64,moderate,[],2026-09-08,dlx-aggregates-2
community:452:quarter:2026-01-01:median_rent_per_sqft:all:all,community,452,Al Hebiah Second,,quarter,2026-01-01,2026-03-31,median_rent_per_sqft,all,all,781.23,51,moderate,[],2026-09-08,dlx-aggregates-2
community:452:quarter:2026-04-01:median_rent_per_sqft:all:all,community,452,Al Hebiah Second,,quarter,2026-04-01,2026-06-30,median_rent_per_sqft,all,all,737.46,75,moderate,[],2026-09-08,dlx-aggregates-2
community:452:quarter:2026-07-01:median_rent_per_sqft:all:all,community,452,Al Hebiah Second,,quarter,2026-07-01,2026-09-30,median_rent_per_sqft,all,all,742.15,68,moderate,[],2026-09-08,dlx-aggregates-2
community:453:quarter:2019-01-01:median_rent_per_sqft:all:all,community,453,Saih Shuaib 2,,quarter,2019-01-01,2019-03-31,median_rent_per_sqft,all,all,493.12,36,moderate,[],2026-09-08,dlx-aggregates-2
community:453:quarter:2019-10-01:median_rent_per_sqft:all:all,community,453,Saih Shuaib 2,,quarter,2019-10-01,2019-12-31,median_rent_per_sqft,all,all,447.89,36,moderate,[],2026-09-08,dlx-aggregates-2
community:453:quarter:2020-01-01:median_rent_per_sqft:all:all,community,453,Saih Shuaib 2,,quarter,2020-01-01,2020-03-31,median_rent_per_sqft,all,all,438.08,33,moderate,[],2026-09-08,dlx-aggregates-2
community:453:quarter:2020-07-01:median_rent_per_sqft:all:all,community,453,Saih Shuaib 2,,quarter,2020-07-01,2020-09-30,median_rent_per_sqft,all,all,371.39,40,moderate,[],2026-09-08,dlx-aggregates-2
community:453:quarter:2020-10-01:median_rent_per_sqft:all:all,community,453,Saih Shuaib 2,,quarter,2020-10-01,2020-12-31,median_rent_per_sqft,all,all,548.01,69,moderate,[],2026-09-08,dlx-aggregates-2
community:453:quarter:2021-01-01:median_rent_per_sqft:all:all,community,453,Saih Shuaib 2,,quarter,2021-01-01,2021-03-31,median_rent_per_sqft,all,all,326.77,36,moderate,[],2026-09-08,dlx-aggregates-2
community:453:quarter:2021-04-01:median_rent_per_sqft:all:all,community,453,Saih Shuaib 2,,quarter,2021-04-01,2021-06-30,median_rent_per_sqft,all,all,407.0,57,moderate,[],2026-09-08,dlx-aggregates-2
community:453:quarter:2021-07-01:median_rent_per_sqft:all:all,community,453,Saih Shuaib 2,,quarter,2021-07-01,2021-09-30,median_rent_per_sqft,all,all,328.68,36,moderate,[],2026-09-08,dlx-aggregates-2
community:453:quarter:2022-01-01:median_rent_per_sqft:all:all,community,453,Saih Shuaib 2,,quarter,2022-01-01,2022-03-31,median_rent_per_sqft,all,all,363.77,38,moderate,[],2026-09-08,dlx-aggregates-2
community:453:quarter:2022-04-01:median_rent_per_sqft:all:all,community,453,Saih Shuaib 2,,quarter,2022-04-01,2022-06-30,median_rent_per_sqft,all,all,380.43,31,moderate,[],2026-09-08,dlx-aggregates-2
community:453:quarter:2022-07-01:median_rent_per_sqft:all:all,community,453,Saih Shuaib 2,,quarter,2022-07-01,2022-09-30,median_rent_per_sqft,all,all,355.02,40,moderate,[],2026-09-08,dlx-aggregates-2
community:453:quarter:2022-10-01:median_rent_per_sqft:all:all,community,453,Saih Shuaib 2,,quarter,2022-10-01,2022-12-31,median_rent_per_sqft,all,all,392.81,40,moderate,[],2026-09-08,dlx-aggregates-2
community:453:quarter:2023-01-01:median_rent_per_sqft:all:all,community,453,Saih Shuaib 2,,quarter,2023-01-01,2023-03-31,median_rent_per_sqft,all,all,380.43,41,moderate,[],2026-09-08,dlx-aggregates-2
community:453:quarter:2023-07-01:median_rent_per_sqft:all:all,community,453,Saih Shuaib 2,,quarter,2023-07-01,2023-09-30,median_rent_per_sqft,all,all,438.08,32,moderate,[],2026-09-08,dlx-aggregates-2
community:453:quarter:2023-10-01:median_rent_per_sqft:all:all,community,453,Saih Shuaib 2,,quarter,2023-10-01,2023-12-31,median_rent_per_sqft,all,all,434.33,64,moderate,[],2026-09-08,dlx-aggregates-2
community:453:quarter:2024-01-01:median_rent_per_sqft:all:all,community,453,Saih Shuaib 2,,quarter,2024-01-01,2024-03-31,median_rent_per_sqft,all,all,419.5,51,moderate,[],2026-09-08,dlx-aggregates-2
community:453:quarter:2024-04-01:median_rent_per_sqft:all:all,community,453,Saih Shuaib 2,,quarter,2024-04-01,2024-06-30,median_rent_per_sqft,all,all,532.72,41,moderate,[],2026-09-08,dlx-aggregates-2
community:453:quarter:2024-07-01:median_rent_per_sqft:all:all,community,453,Saih Shuaib 2,,quarter,2024-07-01,2024-09-30,median_rent_per_sqft,all,all,543.32,47,moderate,[],2026-09-08,dlx-aggregates-2
community:453:quarter:2024-10-01:median_rent_per_sqft:all:all,community,453,Saih Shuaib 2,,quarter,2024-10-01,2024-12-31,median_rent_per_sqft,all,all,508.74,51,moderate,[],2026-09-08,dlx-aggregates-2
community:453:quarter:2025-01-01:median_rent_per_sqft:all:all,community,453,Saih Shuaib 2,,quarter,2025-01-01,2025-03-31,median_rent_per_sqft,all,all,540.5,53,moderate,[],2026-09-08,dlx-aggregates-2
community:453:quarter:2025-04-01:median_rent_per_sqft:all:all,community,453,Saih Shuaib 2,,quarter,2025-04-01,2025-06-30,median_rent_per_sqft,all,all,656.23,60,moderate,[],2026-09-08,dlx-aggregates-2
community:453:quarter:2025-07-01:median_rent_per_sqft:all:all,community,453,Saih Shuaib 2,,quarter,2025-07-01,2025-09-30,median_rent_per_sqft,all,all,689.59,100,moderate,[],2026-09-08,dlx-aggregates-2
community:453:quarter:2025-10-01:median_rent_per_sqft:all:all,community,453,Saih Shuaib 2,,quarter,2025-10-01,2025-12-31,median_rent_per_sqft,all,all,588.34,77,moderate,[],2026-09-08,dlx-aggregates-2
community:453:quarter:2026-01-01:median_rent_per_sqft:all:all,community,453,Saih Shuaib 2,,quarter,2026-01-01,2026-03-31,median_rent_per_sqft,all,all,620.41,56,moderate,[],2026-09-08,dlx-aggregates-2
community:453:quarter:2026-04-01:median_rent_per_sqft:all:all,community,453,Saih Shuaib 2,,quarter,2026-04-01,2026-06-30,median_rent_per_sqft,all,all,633.68,56,moderate,[],2026-09-08,dlx-aggregates-2
community:453:quarter:2026-07-01:median_rent_per_sqft:all:all,community,453,Saih Shuaib 2,,quarter,2026-07-01,2026-09-30,median_rent_per_sqft,all,all,691.19,44,moderate,[],2026-09-08,dlx-aggregates-2
community:455:quarter:2019-01-01:median_rent_per_sqft:all:all,community,455,Saih Shuaib 4,,quarter,2019-01-01,2019-03-31,median_rent_per_sqft,all,all,3854.7,41,moderate,[],2026-09-08,dlx-aggregates-2
community:458:quarter:2019-01-01:median_rent_per_sqft:all:all,community,458,Dubai Investment Park First,,quarter,2019-01-01,2019-03-31,median_rent_per_sqft,all,all,515.48,303,higher,[],2026-09-08,dlx-aggregates-2
community:458:quarter:2019-04-01:median_rent_per_sqft:all:all,community,458,Dubai Investment Park First,,quarter,2019-04-01,2019-06-30,median_rent_per_sqft,all,all,520.83,286,higher,[],2026-09-08,dlx-aggregates-2
community:458:quarter:2019-07-01:median_rent_per_sqft:all:all,community,458,Dubai Investment Park First,,quarter,2019-07-01,2019-09-30,median_rent_per_sqft,all,all,505.94,304,higher,[],2026-09-08,dlx-aggregates-2
community:458:quarter:2019-10-01:median_rent_per_sqft:all:all,community,458,Dubai Investment Park First,,quarter,2019-10-01,2019-12-31,median_rent_per_sqft,all,all,512.3,376,higher,[],2026-09-08,dlx-aggregates-2
community:458:quarter:2020-01-01:median_rent_per_sqft:all:all,community,458,Dubai Investment Park First,,quarter,2020-01-01,2020-03-31,median_rent_per_sqft,all,all,464.39,312,higher,[],2026-09-08,dlx-aggregates-2
community:458:quarter:2020-04-01:median_rent_per_sqft:all:all,community,458,Dubai Investment Park First,,quarter,2020-04-01,2020-06-30,median_rent_per_sqft,all,all,449.43,237,higher,[],2026-09-08,dlx-aggregates-2
community:458:quarter:2020-07-01:median_rent_per_sqft:all:all,community,458,Dubai Investment Park First,,quarter,2020-07-01,2020-09-30,median_rent_per_sqft,all,all,423.5,320,higher,[],2026-09-08,dlx-aggregates-2
community:458:quarter:2020-10-01:median_rent_per_sqft:all:all,community,458,Dubai Investment Park First,,quarter,2020-10-01,2020-12-31,median_rent_per_sqft,all,all,447.04,493,higher,[],2026-09-08,dlx-aggregates-2
community:458:quarter:2021-01-01:median_rent_per_sqft:all:all,community,458,Dubai Investment Park First,,quarter,2021-01-01,2021-03-31,median_rent_per_sqft,all,all,429.45,456,higher,[],2026-09-08,dlx-aggregates-2
community:458:quarter:2021-04-01:median_rent_per_sqft:all:all,community,458,Dubai Investment Park First,,quarter,2021-04-01,2021-06-30,median_rent_per_sqft,all,all,430.66,453,higher,[],2026-09-08,dlx-aggregates-2
community:458:quarter:2021-07-01:median_rent_per_sqft:all:all,community,458,Dubai Investment Park First,,quarter,2021-07-01,2021-09-30,median_rent_per_sqft,all,all,450.05,493,higher,[],2026-09-08,dlx-aggregates-2
community:458:quarter:2021-10-01:median_rent_per_sqft:all:all,community,458,Dubai Investment Park First,,quarter,2021-10-01,2021-12-31,median_rent_per_sqft,all,all,429.45,424,higher,[],2026-09-08,dlx-aggregates-2
community:458:quarter:2022-01-01:median_rent_per_sqft:all:all,community,458,Dubai Investment Park First,,quarter,2022-01-01,2022-03-31,median_rent_per_sqft,all,all,440.27,408,higher,[],2026-09-08,dlx-aggregates-2
community:458:quarter:2022-04-01:median_rent_per_sqft:all:all,community,458,Dubai Investment Park First,,quarter,2022-04-01,2022-06-30,median_rent_per_sqft,all,all,450.94,359,higher,[],2026-09-08,dlx-aggregates-2
community:458:quarter:2022-07-01:median_rent_per_sqft:all:all,community,458,Dubai Investment Park First,,quarter,2022-07-01,2022-09-30,median_rent_per_sqft,all,all,462.21,424,higher,[],2026-09-08,dlx-aggregates-2
community:458:quarter:2022-10-01:median_rent_per_sqft:all:all,community,458,Dubai Investment Park First,,quarter,2022-10-01,2022-12-31,median_rent_per_sqft,all,all,470.81,502,higher,[],2026-09-08,dlx-aggregates-2
community:458:quarter:2023-01-01:median_rent_per_sqft:all:all,community,458,Dubai Investment Park First,,quarter,2023-01-01,2023-03-31,median_rent_per_sqft,all,all,470.68,415,higher,[],2026-09-08,dlx-aggregates-2
community:458:quarter:2023-04-01:median_rent_per_sqft:all:all,community,458,Dubai Investment Park First,,quarter,2023-04-01,2023-06-30,median_rent_per_sqft,all,all,490.52,419,higher,[],2026-09-08,dlx-aggregates-2
community:458:quarter:2023-07-01:median_rent_per_sqft:all:all,community,458,Dubai Investment Park First,,quarter,2023-07-01,2023-09-30,median_rent_per_sqft,all,all,506.65,479,higher,[],2026-09-08,dlx-aggregates-2
community:458:quarter:2023-10-01:median_rent_per_sqft:all:all,community,458,Dubai Investment Park First,,quarter,2023-10-01,2023-12-31,median_rent_per_sqft,all,all,520.39,472,higher,[],2026-09-08,dlx-aggregates-2
community:458:quarter:2024-01-01:median_rent_per_sqft:all:all,community,458,Dubai Investment Park First,,quarter,2024-01-01,2024-03-31,median_rent_per_sqft,all,all,531.4,480,higher,[],2026-09-08,dlx-aggregates-2
community:458:quarter:2024-04-01:median_rent_per_sqft:all:all,community,458,Dubai Investment Park First,,quarter,2024-04-01,2024-06-30,median_rent_per_sqft,all,all,536.48,451,higher,[],2026-09-08,dlx-aggregates-2
community:458:quarter:2024-07-01:median_rent_per_sqft:all:all,community,458,Dubai Investment Park First,,quarter,2024-07-01,2024-09-30,median_rent_per_sqft,all,all,564.13,487,higher,[],2026-09-08,dlx-aggregates-2
community:458:quarter:2024-10-01:median_rent_per_sqft:all:all,community,458,Dubai Investment Park First,,quarter,2024-10-01,2024-12-31,median_rent_per_sqft,all,all,591.09,469,higher,[],2026-09-08,dlx-aggregates-2
community:458:quarter:2025-01-01:median_rent_per_sqft:all:all,community,458,Dubai Investment Park First,,quarter,2025-01-01,2025-03-31,median_rent_per_sqft,all,all,574.11,406,higher,[],2026-09-08,dlx-aggregates-2
community:458:quarter:2025-04-01:median_rent_per_sqft:all:all,community,458,Dubai Investment Park First,,quarter,2025-04-01,2025-06-30,median_rent_per_sqft,all,all,594.07,426,higher,[],2026-09-08,dlx-aggregates-2
community:458:quarter:2025-07-01:median_rent_per_sqft:all:all,community,458,Dubai Investment Park First,,quarter,2025-07-01,2025-09-30,median_rent_per_sqft,all,all,604.38,482,higher,[],2026-09-08,dlx-aggregates-2
community:458:quarter:2025-10-01:median_rent_per_sqft:all:all,community,458,Dubai Investment Park First,,quarter,2025-10-01,2025-12-31,median_rent_per_sqft,all,all,632.91,462,higher,[],2026-09-08,dlx-aggregates-2
community:458:quarter:2026-01-01:median_rent_per_sqft:all:all,community,458,Dubai Investment Park First,,quarter,2026-01-01,2026-03-31,median_rent_per_sqft,all,all,654.35,382,higher,[],2026-09-08,dlx-aggregates-2
community:458:quarter:2026-04-01:median_rent_per_sqft:all:all,community,458,Dubai Investment Park First,,quarter,2026-04-01,2026-06-30,median_rent_per_sqft,all,all,607.15,307,higher,[],2026-09-08,dlx-aggregates-2
community:458:quarter:2026-07-01:median_rent_per_sqft:all:all,community,458,Dubai Investment Park First,,quarter,2026-07-01,2026-09-30,median_rent_per_sqft,all,all,615.2,256,higher,[],2026-09-08,dlx-aggregates-2
community:459:quarter:2019-01-01:median_rent_per_sqft:all:all,community,459,Dubai Investment Park Second,,quarter,2019-01-01,2019-03-31,median_rent_per_sqft,all,all,1218.46,254,higher,[],2026-09-08,dlx-aggregates-2
community:459:quarter:2019-04-01:median_rent_per_sqft:all:all,community,459,Dubai Investment Park Second,,quarter,2019-04-01,2019-06-30,median_rent_per_sqft,all,all,500.1,97,moderate,[],2026-09-08,dlx-aggregates-2
community:459:quarter:2019-07-01:median_rent_per_sqft:all:all,community,459,Dubai Investment Park Second,,quarter,2019-07-01,2019-09-30,median_rent_per_sqft,all,all,446.49,86,moderate,[],2026-09-08,dlx-aggregates-2
community:459:quarter:2019-10-01:median_rent_per_sqft:all:all,community,459,Dubai Investment Park Second,,quarter,2019-10-01,2019-12-31,median_rent_per_sqft,all,all,456.37,105,moderate,[],2026-09-08,dlx-aggregates-2
community:459:quarter:2020-01-01:median_rent_per_sqft:all:all,community,459,Dubai Investment Park Second,,quarter,2020-01-01,2020-03-31,median_rent_per_sqft,all,all,1227.27,221,higher,[],2026-09-08,dlx-aggregates-2
community:459:quarter:2020-04-01:median_rent_per_sqft:all:all,community,459,Dubai Investment Park Second,,quarter,2020-04-01,2020-06-30,median_rent_per_sqft,all,all,416.85,88,moderate,[],2026-09-08,dlx-aggregates-2
community:459:quarter:2020-07-01:median_rent_per_sqft:all:all,community,459,Dubai Investment Park Second,,quarter,2020-07-01,2020-09-30,median_rent_per_sqft,all,all,371.72,116,moderate,[],2026-09-08,dlx-aggregates-2
community:459:quarter:2020-10-01:median_rent_per_sqft:all:all,community,459,Dubai Investment Park Second,,quarter,2020-10-01,2020-12-31,median_rent_per_sqft,all,all,374.92,107,moderate,[],2026-09-08,dlx-aggregates-2
community:459:quarter:2021-01-01:median_rent_per_sqft:all:all,community,459,Dubai Investment Park Second,,quarter,2021-01-01,2021-03-31,median_rent_per_sqft,all,all,420.48,145,moderate,[],2026-09-08,dlx-aggregates-2
community:459:quarter:2021-04-01:median_rent_per_sqft:all:all,community,459,Dubai Investment Park Second,,quarter,2021-04-01,2021-06-30,median_rent_per_sqft,all,all,415.76,130,moderate,[],2026-09-08,dlx-aggregates-2
community:459:quarter:2021-07-01:median_rent_per_sqft:all:all,community,459,Dubai Investment Park Second,,quarter,2021-07-01,2021-09-30,median_rent_per_sqft,all,all,366.1,110,moderate,[],2026-09-08,dlx-aggregates-2
community:459:quarter:2021-10-01:median_rent_per_sqft:all:all,community,459,Dubai Investment Park Second,,quarter,2021-10-01,2021-12-31,median_rent_per_sqft,all,all,375.89,78,moderate,[],2026-09-08,dlx-aggregates-2
community:459:quarter:2022-01-01:median_rent_per_sqft:all:all,community,459,Dubai Investment Park Second,,quarter,2022-01-01,2022-03-31,median_rent_per_sqft,all,all,413.79,157,moderate,[],2026-09-08,dlx-aggregates-2
community:459:quarter:2022-04-01:median_rent_per_sqft:all:all,community,459,Dubai Investment Park Second,,quarter,2022-04-01,2022-06-30,median_rent_per_sqft,all,all,395.92,105,moderate,[],2026-09-08,dlx-aggregates-2
community:459:quarter:2022-07-01:median_rent_per_sqft:all:all,community,459,Dubai Investment Park Second,,quarter,2022-07-01,2022-09-30,median_rent_per_sqft,all,all,394.9,137,moderate,[],2026-09-08,dlx-aggregates-2
community:459:quarter:2022-10-01:median_rent_per_sqft:all:all,community,459,Dubai Investment Park Second,,quarter,2022-10-01,2022-12-31,median_rent_per_sqft,all,all,413.19,144,moderate,[],2026-09-08,dlx-aggregates-2
community:459:quarter:2023-01-01:median_rent_per_sqft:all:all,community,459,Dubai Investment Park Second,,quarter,2023-01-01,2023-03-31,median_rent_per_sqft,all,all,452.44,150,moderate,[],2026-09-08,dlx-aggregates-2
community:459:quarter:2023-04-01:median_rent_per_sqft:all:all,community,459,Dubai Investment Park Second,,quarter,2023-04-01,2023-06-30,median_rent_per_sqft,all,all,419.73,87,moderate,[],2026-09-08,dlx-aggregates-2
community:459:quarter:2023-07-01:median_rent_per_sqft:all:all,community,459,Dubai Investment Park Second,,quarter,2023-07-01,2023-09-30,median_rent_per_sqft,all,all,446.99,150,moderate,[],2026-09-08,dlx-aggregates-2
community:459:quarter:2023-10-01:median_rent_per_sqft:all:all,community,459,Dubai Investment Park Second,,quarter,2023-10-01,2023-12-31,median_rent_per_sqft,all,all,414.83,133,moderate,[],2026-09-08,dlx-aggregates-2
community:459:quarter:2024-01-01:median_rent_per_sqft:all:all,community,459,Dubai Investment Park Second,,quarter,2024-01-01,2024-03-31,median_rent_per_sqft,all,all,454.56,176,moderate,[],2026-09-08,dlx-aggregates-2
community:459:quarter:2024-04-01:median_rent_per_sqft:all:all,community,459,Dubai Investment Park Second,,quarter,2024-04-01,2024-06-30,median_rent_per_sqft,all,all,442.97,96,moderate,[],2026-09-08,dlx-aggregates-2
community:459:quarter:2024-07-01:median_rent_per_sqft:all:all,community,459,Dubai Investment Park Second,,quarter,2024-07-01,2024-09-30,median_rent_per_sqft,all,all,490.91,155,moderate,[],2026-09-08,dlx-aggregates-2
community:459:quarter:2024-10-01:median_rent_per_sqft:all:all,community,459,Dubai Investment Park Second,,quarter,2024-10-01,2024-12-31,median_rent_per_sqft,all,all,506.28,159,moderate,[],2026-09-08,dlx-aggregates-2
community:459:quarter:2025-01-01:median_rent_per_sqft:all:all,community,459,Dubai Investment Park Second,,quarter,2025-01-01,2025-03-31,median_rent_per_sqft,all,all,592.41,221,higher,[],2026-09-08,dlx-aggregates-2
community:459:quarter:2025-04-01:median_rent_per_sqft:all:all,community,459,Dubai Investment Park Second,,quarter,2025-04-01,2025-06-30,median_rent_per_sqft,all,all,521.26,96,moderate,[],2026-09-08,dlx-aggregates-2
community:459:quarter:2025-07-01:median_rent_per_sqft:all:all,community,459,Dubai Investment Park Second,,quarter,2025-07-01,2025-09-30,median_rent_per_sqft,all,all,582.01,161,moderate,[],2026-09-08,dlx-aggregates-2
community:459:quarter:2025-10-01:median_rent_per_sqft:all:all,community,459,Dubai Investment Park Second,,quarter,2025-10-01,2025-12-31,median_rent_per_sqft,all,all,584.59,146,moderate,[],2026-09-08,dlx-aggregates-2
community:459:quarter:2026-01-01:median_rent_per_sqft:all:all,community,459,Dubai Investment Park Second,,quarter,2026-01-01,2026-03-31,median_rent_per_sqft,all,all,637.98,166,moderate,[],2026-09-08,dlx-aggregates-2
community:459:quarter:2026-04-01:median_rent_per_sqft:all:all,community,459,Dubai Investment Park Second,,quarter,2026-04-01,2026-06-30,median_rent_per_sqft,all,all,547.97,84,moderate,[],2026-09-08,dlx-aggregates-2
community:459:quarter:2026-07-01:median_rent_per_sqft:all:all,community,459,Dubai Investment Park Second,,quarter,2026-07-01,2026-09-30,median_rent_per_sqft,all,all,487.51,84,moderate,[],2026-09-08,dlx-aggregates-2
community:462:quarter:2020-04-01:median_rent_per_sqft:all:all,community,462,Madinat Al Mataar,,quarter,2020-04-01,2020-06-30,median_rent_per_sqft,all,all,323.03,30,moderate,[],2026-09-08,dlx-aggregates-2
community:462:quarter:2020-07-01:median_rent_per_sqft:all:all,community,462,Madinat Al Mataar,,quarter,2020-07-01,2020-09-30,median_rent_per_sqft,all,all,313.95,313,higher,[],2026-09-08,dlx-aggregates-2
community:462:quarter:2020-10-01:median_rent_per_sqft:all:all,community,462,Madinat Al Mataar,,quarter,2020-10-01,2020-12-31,median_rent_per_sqft,all,all,322.45,273,higher,[],2026-09-08,dlx-aggregates-2
community:462:quarter:2021-01-01:median_rent_per_sqft:all:all,community,462,Madinat Al Mataar,,quarter,2021-01-01,2021-03-31,median_rent_per_sqft,all,all,314.25,201,higher,[],2026-09-08,dlx-aggregates-2
community:462:quarter:2021-04-01:median_rent_per_sqft:all:all,community,462,Madinat Al Mataar,,quarter,2021-04-01,2021-06-30,median_rent_per_sqft,all,all,335.99,195,moderate,[],2026-09-08,dlx-aggregates-2
community:462:quarter:2021-07-01:median_rent_per_sqft:all:all,community,462,Madinat Al Mataar,,quarter,2021-07-01,2021-09-30,median_rent_per_sqft,all,all,330.72,321,higher,[],2026-09-08,dlx-aggregates-2
community:462:quarter:2021-10-01:median_rent_per_sqft:all:all,community,462,Madinat Al Mataar,,quarter,2021-10-01,2021-12-31,median_rent_per_sqft,all,all,337.2,301,higher,[],2026-09-08,dlx-aggregates-2
community:462:quarter:2022-01-01:median_rent_per_sqft:all:all,community,462,Madinat Al Mataar,,quarter,2022-01-01,2022-03-31,median_rent_per_sqft,all,all,340.72,253,higher,[],2026-09-08,dlx-aggregates-2
community:462:quarter:2022-04-01:median_rent_per_sqft:all:all,community,462,Madinat Al Mataar,,quarter,2022-04-01,2022-06-30,median_rent_per_sqft,all,all,351.94,237,higher,[],2026-09-08,dlx-aggregates-2
community:462:quarter:2022-07-01:median_rent_per_sqft:all:all,community,462,Madinat Al Mataar,,quarter,2022-07-01,2022-09-30,median_rent_per_sqft,all,all,362.76,429,higher,[],2026-09-08,dlx-aggregates-2
community:462:quarter:2022-10-01:median_rent_per_sqft:all:all,community,462,Madinat Al Mataar,,quarter,2022-10-01,2022-12-31,median_rent_per_sqft,all,all,382.06,526,higher,[],2026-09-08,dlx-aggregates-2
community:462:quarter:2023-01-01:median_rent_per_sqft:all:all,community,462,Madinat Al Mataar,,quarter,2023-01-01,2023-03-31,median_rent_per_sqft,all,all,444.88,640,higher,[],2026-09-08,dlx-aggregates-2
community:462:quarter:2023-04-01:median_rent_per_sqft:all:all,community,462,Madinat Al Mataar,,quarter,2023-04-01,2023-06-30,median_rent_per_sqft,all,all,485.08,510,higher,[],2026-09-08,dlx-aggregates-2
community:462:quarter:2023-07-01:median_rent_per_sqft:all:all,community,462,Madinat Al Mataar,,quarter,2023-07-01,2023-09-30,median_rent_per_sqft,all,all,459.95,665,higher,[],2026-09-08,dlx-aggregates-2
community:462:quarter:2023-10-01:median_rent_per_sqft:all:all,community,462,Madinat Al Mataar,,quarter,2023-10-01,2023-12-31,median_rent_per_sqft,all,all,514.27,696,higher,[],2026-09-08,dlx-aggregates-2
community:462:quarter:2024-01-01:median_rent_per_sqft:all:all,community,462,Madinat Al Mataar,,quarter,2024-01-01,2024-03-31,median_rent_per_sqft,all,all,557.29,873,higher,[],2026-09-08,dlx-aggregates-2
community:462:quarter:2024-04-01:median_rent_per_sqft:all:all,community,462,Madinat Al Mataar,,quarter,2024-04-01,2024-06-30,median_rent_per_sqft,all,all,618.67,697,higher,[],2026-09-08,dlx-aggregates-2
community:462:quarter:2024-07-01:median_rent_per_sqft:all:all,community,462,Madinat Al Mataar,,quarter,2024-07-01,2024-09-30,median_rent_per_sqft,all,all,641.15,870,higher,[],2026-09-08,dlx-aggregates-2
community:462:quarter:2024-10-01:median_rent_per_sqft:all:all,community,462,Madinat Al Mataar,,quarter,2024-10-01,2024-12-31,median_rent_per_sqft,all,all,648.84,803,higher,[],2026-09-08,dlx-aggregates-2
community:462:quarter:2025-01-01:median_rent_per_sqft:all:all,community,462,Madinat Al Mataar,,quarter,2025-01-01,2025-03-31,median_rent_per_sqft,all,all,689.58,934,higher,[],2026-09-08,dlx-aggregates-2
community:462:quarter:2025-04-01:median_rent_per_sqft:all:all,community,462,Madinat Al Mataar,,quarter,2025-04-01,2025-06-30,median_rent_per_sqft,all,all,684.4,977,higher,[],2026-09-08,dlx-aggregates-2
community:462:quarter:2025-07-01:median_rent_per_sqft:all:all,community,462,Madinat Al Mataar,,quarter,2025-07-01,2025-09-30,median_rent_per_sqft,all,all,704.53,1256,higher,[],2026-09-08,dlx-aggregates-2
community:462:quarter:2025-10-01:median_rent_per_sqft:all:all,community,462,Madinat Al Mataar,,quarter,2025-10-01,2025-12-31,median_rent_per_sqft,all,all,707.17,1157,higher,[],2026-09-08,dlx-aggregates-2
community:462:quarter:2026-01-01:median_rent_per_sqft:all:all,community,462,Madinat Al Mataar,,quarter,2026-01-01,2026-03-31,median_rent_per_sqft,all,all,740.86,1057,higher,[],2026-09-08,dlx-aggregates-2
community:462:quarter:2026-04-01:median_rent_per_sqft:all:all,community,462,Madinat Al Mataar,,quarter,2026-04-01,2026-06-30,median_rent_per_sqft,all,all,708.92,959,higher,[],2026-09-08,dlx-aggregates-2
community:462:quarter:2026-07-01:median_rent_per_sqft:all:all,community,462,Madinat Al Mataar,,quarter,2026-07-01,2026-09-30,median_rent_per_sqft,all,all,710.23,884,higher,[],2026-09-08,dlx-aggregates-2
community:463:quarter:2019-01-01:median_rent_per_sqft:all:all,community,463,Wadi Al Safa 7,,quarter,2019-01-01,2019-03-31,median_rent_per_sqft,all,all,405.84,481,higher,[],2026-09-08,dlx-aggregates-2
community:463:quarter:2019-04-01:median_rent_per_sqft:all:all,community,463,Wadi Al Safa 7,,quarter,2019-04-01,2019-06-30,median_rent_per_sqft,all,all,397.03,438,higher,[],2026-09-08,dlx-aggregates-2
community:463:quarter:2019-07-01:median_rent_per_sqft:all:all,community,463,Wadi Al Safa 7,,quarter,2019-07-01,2019-09-30,median_rent_per_sqft,all,all,429.08,518,higher,[],2026-09-08,dlx-aggregates-2
community:463:quarter:2019-10-01:median_rent_per_sqft:all:all,community,463,Wadi Al Safa 7,,quarter,2019-10-01,2019-12-31,median_rent_per_sqft,all,all,417.51,449,higher,[],2026-09-08,dlx-aggregates-2
community:463:quarter:2020-01-01:median_rent_per_sqft:all:all,community,463,Wadi Al Safa 7,,quarter,2020-01-01,2020-03-31,median_rent_per_sqft,all,all,382.72,633,higher,[],2026-09-08,dlx-aggregates-2
community:463:quarter:2020-04-01:median_rent_per_sqft:all:all,community,463,Wadi Al Safa 7,,quarter,2020-04-01,2020-06-30,median_rent_per_sqft,all,all,383.34,485,higher,[],2026-09-08,dlx-aggregates-2
community:463:quarter:2020-07-01:median_rent_per_sqft:all:all,community,463,Wadi Al Safa 7,,quarter,2020-07-01,2020-09-30,median_rent_per_sqft,all,all,383.58,831,higher,[],2026-09-08,dlx-aggregates-2
community:463:quarter:2020-10-01:median_rent_per_sqft:all:all,community,463,Wadi Al Safa 7,,quarter,2020-10-01,2020-12-31,median_rent_per_sqft,all,all,399.54,670,higher,[],2026-09-08,dlx-aggregates-2
community:463:quarter:2021-01-01:median_rent_per_sqft:all:all,community,463,Wadi Al Safa 7,,quarter,2021-01-01,2021-03-31,median_rent_per_sqft,all,all,387.91,710,higher,[],2026-09-08,dlx-aggregates-2
community:463:quarter:2021-04-01:median_rent_per_sqft:all:all,community,463,Wadi Al Safa 7,,quarter,2021-04-01,2021-06-30,median_rent_per_sqft,all,all,407.39,501,higher,[],2026-09-08,dlx-aggregates-2
community:463:quarter:2021-07-01:median_rent_per_sqft:all:all,community,463,Wadi Al Safa 7,,quarter,2021-07-01,2021-09-30,median_rent_per_sqft,all,all,420.8,832,higher,[],2026-09-08,dlx-aggregates-2
community:463:quarter:2021-10-01:median_rent_per_sqft:all:all,community,463,Wadi Al Safa 7,,quarter,2021-10-01,2021-12-31,median_rent_per_sqft,all,all,425.69,609,higher,[],2026-09-08,dlx-aggregates-2
community:463:quarter:2022-01-01:median_rent_per_sqft:all:all,community,463,Wadi Al Safa 7,,quarter,2022-01-01,2022-03-31,median_rent_per_sqft,all,all,442.61,752,higher,[],2026-09-08,dlx-aggregates-2
community:463:quarter:2022-04-01:median_rent_per_sqft:all:all,community,463,Wadi Al Safa 7,,quarter,2022-04-01,2022-06-30,median_rent_per_sqft,all,all,509.9,659,higher,[],2026-09-08,dlx-aggregates-2
community:463:quarter:2022-07-01:median_rent_per_sqft:all:all,community,463,Wadi Al Safa 7,,quarter,2022-07-01,2022-09-30,median_rent_per_sqft,all,all,522.78,975,higher,[],2026-09-08,dlx-aggregates-2
community:463:quarter:2022-10-01:median_rent_per_sqft:all:all,community,463,Wadi Al Safa 7,,quarter,2022-10-01,2022-12-31,median_rent_per_sqft,all,all,516.2,590,higher,[],2026-09-08,dlx-aggregates-2
community:463:quarter:2023-01-01:median_rent_per_sqft:all:all,community,463,Wadi Al Safa 7,,quarter,2023-01-01,2023-03-31,median_rent_per_sqft,all,all,520.35,666,higher,[],2026-09-08,dlx-aggregates-2
community:463:quarter:2023-04-01:median_rent_per_sqft:all:all,community,463,Wadi Al Safa 7,,quarter,2023-04-01,2023-06-30,median_rent_per_sqft,all,all,581.46,601,higher,[],2026-09-08,dlx-aggregates-2
community:463:quarter:2023-07-01:median_rent_per_sqft:all:all,community,463,Wadi Al Safa 7,,quarter,2023-07-01,2023-09-30,median_rent_per_sqft,all,all,605.83,923,higher,[],2026-09-08,dlx-aggregates-2
community:463:quarter:2023-10-01:median_rent_per_sqft:all:all,community,463,Wadi Al Safa 7,,quarter,2023-10-01,2023-12-31,median_rent_per_sqft,all,all,594.61,549,higher,[],2026-09-08,dlx-aggregates-2
community:463:quarter:2024-01-01:median_rent_per_sqft:all:all,community,463,Wadi Al Safa 7,,quarter,2024-01-01,2024-03-31,median_rent_per_sqft,all,all,622.35,635,higher,[],2026-09-08,dlx-aggregates-2
community:463:quarter:2024-04-01:median_rent_per_sqft:all:all,community,463,Wadi Al Safa 7,,quarter,2024-04-01,2024-06-30,median_rent_per_sqft,all,all,651.42,581,higher,[],2026-09-08,dlx-aggregates-2
community:463:quarter:2024-07-01:median_rent_per_sqft:all:all,community,463,Wadi Al Safa 7,,quarter,2024-07-01,2024-09-30,median_rent_per_sqft,all,all,676.94,878,higher,[],2026-09-08,dlx-aggregates-2
community:463:quarter:2024-10-01:median_rent_per_sqft:all:all,community,463,Wadi Al Safa 7,,quarter,2024-10-01,2024-12-31,median_rent_per_sqft,all,all,684.48,530,higher,[],2026-09-08,dlx-aggregates-2
community:463:quarter:2025-01-01:median_rent_per_sqft:all:all,community,463,Wadi Al Safa 7,,quarter,2025-01-01,2025-03-31,median_rent_per_sqft,all,all,667.54,556,higher,[],2026-09-08,dlx-aggregates-2
community:463:quarter:2025-04-01:median_rent_per_sqft:all:all,community,463,Wadi Al Safa 7,,quarter,2025-04-01,2025-06-30,median_rent_per_sqft,all,all,691.44,560,higher,[],2026-09-08,dlx-aggregates-2
community:463:quarter:2025-07-01:median_rent_per_sqft:all:all,community,463,Wadi Al Safa 7,,quarter,2025-07-01,2025-09-30,median_rent_per_sqft,all,all,737.48,862,higher,[],2026-09-08,dlx-aggregates-2
community:463:quarter:2025-10-01:median_rent_per_sqft:all:all,community,463,Wadi Al Safa 7,,quarter,2025-10-01,2025-12-31,median_rent_per_sqft,all,all,730.7,549,higher,[],2026-09-08,dlx-aggregates-2
community:463:quarter:2026-01-01:median_rent_per_sqft:all:all,community,463,Wadi Al Safa 7,,quarter,2026-01-01,2026-03-31,median_rent_per_sqft,all,all,707.11,512,higher,[],2026-09-08,dlx-aggregates-2
community:463:quarter:2026-04-01:median_rent_per_sqft:all:all,community,463,Wadi Al Safa 7,,quarter,2026-04-01,2026-06-30,median_rent_per_sqft,all,all,697.8,528,higher,[],2026-09-08,dlx-aggregates-2
community:463:quarter:2026-07-01:median_rent_per_sqft:all:all,community,463,Wadi Al Safa 7,,quarter,2026-07-01,2026-09-30,median_rent_per_sqft,all,all,720.55,647,higher,[],2026-09-08,dlx-aggregates-2
community:464:quarter:2019-01-01:median_rent_per_sqft:all:all,community,464,Wadi Al Safa 2,,quarter,2019-01-01,2019-03-31,median_rent_per_sqft,all,all,461.69,176,moderate,[],2026-09-08,dlx-aggregates-2
community:464:quarter:2019-04-01:median_rent_per_sqft:all:all,community,464,Wadi Al Safa 2,,quarter,2019-04-01,2019-06-30,median_rent_per_sqft,all,all,428.73,179,moderate,[],2026-09-08,dlx-aggregates-2
community:464:quarter:2019-07-01:median_rent_per_sqft:all:all,community,464,Wadi Al Safa 2,,quarter,2019-07-01,2019-09-30,median_rent_per_sqft,all,all,434.32,245,higher,[],2026-09-08,dlx-aggregates-2
community:464:quarter:2019-10-01:median_rent_per_sqft:all:all,community,464,Wadi Al Safa 2,,quarter,2019-10-01,2019-12-31,median_rent_per_sqft,all,all,414.62,245,higher,[],2026-09-08,dlx-aggregates-2
community:464:quarter:2020-01-01:median_rent_per_sqft:all:all,community,464,Wadi Al Safa 2,,quarter,2020-01-01,2020-03-31,median_rent_per_sqft,all,all,399.1,192,moderate,[],2026-09-08,dlx-aggregates-2
community:464:quarter:2020-04-01:median_rent_per_sqft:all:all,community,464,Wadi Al Safa 2,,quarter,2020-04-01,2020-06-30,median_rent_per_sqft,all,all,371.92,163,moderate,[],2026-09-08,dlx-aggregates-2
community:464:quarter:2020-07-01:median_rent_per_sqft:all:all,community,464,Wadi Al Safa 2,,quarter,2020-07-01,2020-09-30,median_rent_per_sqft,all,all,367.01,264,higher,[],2026-09-08,dlx-aggregates-2
community:464:quarter:2020-10-01:median_rent_per_sqft:all:all,community,464,Wadi Al Safa 2,,quarter,2020-10-01,2020-12-31,median_rent_per_sqft,all,all,364.23,331,higher,[],2026-09-08,dlx-aggregates-2
community:464:quarter:2021-01-01:median_rent_per_sqft:all:all,community,464,Wadi Al Safa 2,,quarter,2021-01-01,2021-03-31,median_rent_per_sqft,all,all,358.97,225,higher,[],2026-09-08,dlx-aggregates-2
community:464:quarter:2021-04-01:median_rent_per_sqft:all:all,community,464,Wadi Al Safa 2,,quarter,2021-04-01,2021-06-30,median_rent_per_sqft,all,all,351.46,178,moderate,[],2026-09-08,dlx-aggregates-2
community:464:quarter:2021-07-01:median_rent_per_sqft:all:all,community,464,Wadi Al Safa 2,,quarter,2021-07-01,2021-09-30,median_rent_per_sqft,all,all,350.07,218,higher,[],2026-09-08,dlx-aggregates-2
community:464:quarter:2021-10-01:median_rent_per_sqft:all:all,community,464,Wadi Al Safa 2,,quarter,2021-10-01,2021-12-31,median_rent_per_sqft,all,all,347.89,293,higher,[],2026-09-08,dlx-aggregates-2
community:464:quarter:2022-01-01:median_rent_per_sqft:all:all,community,464,Wadi Al Safa 2,,quarter,2022-01-01,2022-03-31,median_rent_per_sqft,all,all,376.2,279,higher,[],2026-09-08,dlx-aggregates-2
community:464:quarter:2022-04-01:median_rent_per_sqft:all:all,community,464,Wadi Al Safa 2,,quarter,2022-04-01,2022-06-30,median_rent_per_sqft,all,all,380.44,203,higher,[],2026-09-08,dlx-aggregates-2
community:464:quarter:2022-07-01:median_rent_per_sqft:all:all,community,464,Wadi Al Safa 2,,quarter,2022-07-01,2022-09-30,median_rent_per_sqft,all,all,373.79,224,higher,[],2026-09-08,dlx-aggregates-2
community:464:quarter:2022-10-01:median_rent_per_sqft:all:all,community,464,Wadi Al Safa 2,,quarter,2022-10-01,2022-12-31,median_rent_per_sqft,all,all,388.63,266,higher,[],2026-09-08,dlx-aggregates-2
community:464:quarter:2023-01-01:median_rent_per_sqft:all:all,community,464,Wadi Al Safa 2,,quarter,2023-01-01,2023-03-31,median_rent_per_sqft,all,all,431.72,317,higher,[],2026-09-08,dlx-aggregates-2
community:464:quarter:2023-04-01:median_rent_per_sqft:all:all,community,464,Wadi Al Safa 2,,quarter,2023-04-01,2023-06-30,median_rent_per_sqft,all,all,451.93,239,higher,[],2026-09-08,dlx-aggregates-2
community:464:quarter:2023-07-01:median_rent_per_sqft:all:all,community,464,Wadi Al Safa 2,,quarter,2023-07-01,2023-09-30,median_rent_per_sqft,all,all,445.34,241,higher,[],2026-09-08,dlx-aggregates-2
community:464:quarter:2023-10-01:median_rent_per_sqft:all:all,community,464,Wadi Al Safa 2,,quarter,2023-10-01,2023-12-31,median_rent_per_sqft,all,all,442.78,255,higher,[],2026-09-08,dlx-aggregates-2
community:464:quarter:2024-01-01:median_rent_per_sqft:all:all,community,464,Wadi Al Safa 2,,quarter,2024-01-01,2024-03-31,median_rent_per_sqft,all,all,473.47,321,higher,[],2026-09-08,dlx-aggregates-2
community:464:quarter:2024-04-01:median_rent_per_sqft:all:all,community,464,Wadi Al Safa 2,,quarter,2024-04-01,2024-06-30,median_rent_per_sqft,all,all,502.52,236,higher,[],2026-09-08,dlx-aggregates-2
community:464:quarter:2024-07-01:median_rent_per_sqft:all:all,community,464,Wadi Al Safa 2,,quarter,2024-07-01,2024-09-30,median_rent_per_sqft,all,all,560.74,294,higher,[],2026-09-08,dlx-aggregates-2
community:464:quarter:2024-10-01:median_rent_per_sqft:all:all,community,464,Wadi Al Safa 2,,quarter,2024-10-01,2024-12-31,median_rent_per_sqft,all,all,503.0,283,higher,[],2026-09-08,dlx-aggregates-2
community:464:quarter:2025-01-01:median_rent_per_sqft:all:all,community,464,Wadi Al Safa 2,,quarter,2025-01-01,2025-03-31,median_rent_per_sqft,all,all,521.65,343,higher,[],2026-09-08,dlx-aggregates-2
community:464:quarter:2025-04-01:median_rent_per_sqft:all:all,community,464,Wadi Al Safa 2,,quarter,2025-04-01,2025-06-30,median_rent_per_sqft,all,all,559.28,278,higher,[],2026-09-08,dlx-aggregates-2
community:464:quarter:2025-07-01:median_rent_per_sqft:all:all,community,464,Wadi Al Safa 2,,quarter,2025-07-01,2025-09-30,median_rent_per_sqft,all,all,591.15,293,higher,[],2026-09-08,dlx-aggregates-2
community:464:quarter:2025-10-01:median_rent_per_sqft:all:all,community,464,Wadi Al Safa 2,,quarter,2025-10-01,2025-12-31,median_rent_per_sqft,all,all,550.79,289,higher,[],2026-09-08,dlx-aggregates-2
community:464:quarter:2026-01-01:median_rent_per_sqft:all:all,community,464,Wadi Al Safa 2,,quarter,2026-01-01,2026-03-31,median_rent_per_sqft,all,all,641.01,360,higher,[],2026-09-08,dlx-aggregates-2
community:464:quarter:2026-04-01:median_rent_per_sqft:all:all,community,464,Wadi Al Safa 2,,quarter,2026-04-01,2026-06-30,median_rent_per_sqft,all,all,588.79,238,higher,[],2026-09-08,dlx-aggregates-2
community:464:quarter:2026-07-01:median_rent_per_sqft:all:all,community,464,Wadi Al Safa 2,,quarter,2026-07-01,2026-09-30,median_rent_per_sqft,all,all,635.56,189,moderate,[],2026-09-08,dlx-aggregates-2
community:465:quarter:2019-01-01:median_rent_per_sqft:all:all,community,465,Wadi Al Safa 3,,quarter,2019-01-01,2019-03-31,median_rent_per_sqft,all,all,501.91,128,moderate,[],2026-09-08,dlx-aggregates-2
community:465:quarter:2019-04-01:median_rent_per_sqft:all:all,community,465,Wadi Al Safa 3,,quarter,2019-04-01,2019-06-30,median_rent_per_sqft,all,all,511.97,144,moderate,[],2026-09-08,dlx-aggregates-2
community:465:quarter:2019-07-01:median_rent_per_sqft:all:all,community,465,Wadi Al Safa 3,,quarter,2019-07-01,2019-09-30,median_rent_per_sqft,all,all,450.14,184,moderate,[],2026-09-08,dlx-aggregates-2
community:465:quarter:2019-10-01:median_rent_per_sqft:all:all,community,465,Wadi Al Safa 3,,quarter,2019-10-01,2019-12-31,median_rent_per_sqft,all,all,556.33,296,higher,[],2026-09-08,dlx-aggregates-2
community:465:quarter:2020-01-01:median_rent_per_sqft:all:all,community,465,Wadi Al Safa 3,,quarter,2020-01-01,2020-03-31,median_rent_per_sqft,all,all,441.69,149,moderate,[],2026-09-08,dlx-aggregates-2
community:465:quarter:2020-04-01:median_rent_per_sqft:all:all,community,465,Wadi Al Safa 3,,quarter,2020-04-01,2020-06-30,median_rent_per_sqft,all,all,419.5,144,moderate,[],2026-09-08,dlx-aggregates-2
community:465:quarter:2020-07-01:median_rent_per_sqft:all:all,community,465,Wadi Al Safa 3,,quarter,2020-07-01,2020-09-30,median_rent_per_sqft,all,all,425.74,236,higher,[],2026-09-08,dlx-aggregates-2
community:465:quarter:2020-10-01:median_rent_per_sqft:all:all,community,465,Wadi Al Safa 3,,quarter,2020-10-01,2020-12-31,median_rent_per_sqft,all,all,450.64,281,higher,[],2026-09-08,dlx-aggregates-2
community:465:quarter:2021-01-01:median_rent_per_sqft:all:all,community,465,Wadi Al Safa 3,,quarter,2021-01-01,2021-03-31,median_rent_per_sqft,all,all,432.53,289,higher,[],2026-09-08,dlx-aggregates-2
community:465:quarter:2021-04-01:median_rent_per_sqft:all:all,community,465,Wadi Al Safa 3,,quarter,2021-04-01,2021-06-30,median_rent_per_sqft,all,all,400.0,224,higher,[],2026-09-08,dlx-aggregates-2
community:465:quarter:2021-07-01:median_rent_per_sqft:all:all,community,465,Wadi Al Safa 3,,quarter,2021-07-01,2021-09-30,median_rent_per_sqft,all,all,398.03,307,higher,[],2026-09-08,dlx-aggregates-2
community:465:quarter:2021-10-01:median_rent_per_sqft:all:all,community,465,Wadi Al Safa 3,,quarter,2021-10-01,2021-12-31,median_rent_per_sqft,all,all,433.65,335,higher,[],2026-09-08,dlx-aggregates-2
community:465:quarter:2022-01-01:median_rent_per_sqft:all:all,community,465,Wadi Al Safa 3,,quarter,2022-01-01,2022-03-31,median_rent_per_sqft,all,all,423.02,263,higher,[],2026-09-08,dlx-aggregates-2
community:465:quarter:2022-04-01:median_rent_per_sqft:all:all,community,465,Wadi Al Safa 3,,quarter,2022-04-01,2022-06-30,median_rent_per_sqft,all,all,410.36,230,higher,[],2026-09-08,dlx-aggregates-2
community:465:quarter:2022-07-01:median_rent_per_sqft:all:all,community,465,Wadi Al Safa 3,,quarter,2022-07-01,2022-09-30,median_rent_per_sqft,all,all,445.05,298,higher,[],2026-09-08,dlx-aggregates-2
community:465:quarter:2022-10-01:median_rent_per_sqft:all:all,community,465,Wadi Al Safa 3,,quarter,2022-10-01,2022-12-31,median_rent_per_sqft,all,all,484.35,360,higher,[],2026-09-08,dlx-aggregates-2
community:465:quarter:2023-01-01:median_rent_per_sqft:all:all,community,465,Wadi Al Safa 3,,quarter,2023-01-01,2023-03-31,median_rent_per_sqft,all,all,6413.77,1387,higher,[],2026-09-08,dlx-aggregates-2
community:465:quarter:2023-04-01:median_rent_per_sqft:all:all,community,465,Wadi Al Safa 3,,quarter,2023-04-01,2023-06-30,median_rent_per_sqft,all,all,468.13,260,higher,[],2026-09-08,dlx-aggregates-2
community:465:quarter:2023-07-01:median_rent_per_sqft:all:all,community,465,Wadi Al Safa 3,,quarter,2023-07-01,2023-09-30,median_rent_per_sqft,all,all,522.86,362,higher,[],2026-09-08,dlx-aggregates-2
community:465:quarter:2023-10-01:median_rent_per_sqft:all:all,community,465,Wadi Al Safa 3,,quarter,2023-10-01,2023-12-31,median_rent_per_sqft,all,all,556.52,383,higher,[],2026-09-08,dlx-aggregates-2
community:465:quarter:2024-01-01:median_rent_per_sqft:all:all,community,465,Wadi Al Safa 3,,quarter,2024-01-01,2024-03-31,median_rent_per_sqft,all,all,653.0,467,higher,[],2026-09-08,dlx-aggregates-2
community:465:quarter:2024-04-01:median_rent_per_sqft:all:all,community,465,Wadi Al Safa 3,,quarter,2024-04-01,2024-06-30,median_rent_per_sqft,all,all,567.51,309,higher,[],2026-09-08,dlx-aggregates-2
community:465:quarter:2024-07-01:median_rent_per_sqft:all:all,community,465,Wadi Al Safa 3,,quarter,2024-07-01,2024-09-30,median_rent_per_sqft,all,all,610.58,409,higher,[],2026-09-08,dlx-aggregates-2
community:465:quarter:2024-10-01:median_rent_per_sqft:all:all,community,465,Wadi Al Safa 3,,quarter,2024-10-01,2024-12-31,median_rent_per_sqft,all,all,598.14,352,higher,[],2026-09-08,dlx-aggregates-2
community:465:quarter:2025-01-01:median_rent_per_sqft:all:all,community,465,Wadi Al Safa 3,,quarter,2025-01-01,2025-03-31,median_rent_per_sqft,all,all,694.08,434,higher,[],2026-09-08,dlx-aggregates-2
community:465:quarter:2025-04-01:median_rent_per_sqft:all:all,community,465,Wadi Al Safa 3,,quarter,2025-04-01,2025-06-30,median_rent_per_sqft,all,all,676.36,303,higher,[],2026-09-08,dlx-aggregates-2
community:465:quarter:2025-07-01:median_rent_per_sqft:all:all,community,465,Wadi Al Safa 3,,quarter,2025-07-01,2025-09-30,median_rent_per_sqft,all,all,676.52,467,higher,[],2026-09-08,dlx-aggregates-2
community:465:quarter:2025-10-01:median_rent_per_sqft:all:all,community,465,Wadi Al Safa 3,,quarter,2025-10-01,2025-12-31,median_rent_per_sqft,all,all,750.25,455,higher,[],2026-09-08,dlx-aggregates-2
community:465:quarter:2026-01-01:median_rent_per_sqft:all:all,community,465,Wadi Al Safa 3,,quarter,2026-01-01,2026-03-31,median_rent_per_sqft,all,all,776.67,512,higher,[],2026-09-08,dlx-aggregates-2
community:465:quarter:2026-04-01:median_rent_per_sqft:all:all,community,465,Wadi Al Safa 3,,quarter,2026-04-01,2026-06-30,median_rent_per_sqft,all,all,707.08,351,higher,[],2026-09-08,dlx-aggregates-2
community:465:quarter:2026-07-01:median_rent_per_sqft:all:all,community,465,Wadi Al Safa 3,,quarter,2026-07-01,2026-09-30,median_rent_per_sqft,all,all,760.73,358,higher,[],2026-09-08,dlx-aggregates-2
community:467:quarter:2019-01-01:median_rent_per_sqft:all:all,community,467,Wadi Al Safa 5,,quarter,2019-01-01,2019-03-31,median_rent_per_sqft,all,all,460.14,429,higher,[],2026-09-08,dlx-aggregates-2
community:467:quarter:2019-04-01:median_rent_per_sqft:all:all,community,467,Wadi Al Safa 5,,quarter,2019-04-01,2019-06-30,median_rent_per_sqft,all,all,443.4,457,higher,[],2026-09-08,dlx-aggregates-2
community:467:quarter:2019-07-01:median_rent_per_sqft:all:all,community,467,Wadi Al Safa 5,,quarter,2019-07-01,2019-09-30,median_rent_per_sqft,all,all,418.21,712,higher,[],2026-09-08,dlx-aggregates-2
community:467:quarter:2019-10-01:median_rent_per_sqft:all:all,community,467,Wadi Al Safa 5,,quarter,2019-10-01,2019-12-31,median_rent_per_sqft,all,all,418.31,635,higher,[],2026-09-08,dlx-aggregates-2
community:467:quarter:2020-01-01:median_rent_per_sqft:all:all,community,467,Wadi Al Safa 5,,quarter,2020-01-01,2020-03-31,median_rent_per_sqft,all,all,396.35,511,higher,[],2026-09-08,dlx-aggregates-2
community:467:quarter:2020-04-01:median_rent_per_sqft:all:all,community,467,Wadi Al Safa 5,,quarter,2020-04-01,2020-06-30,median_rent_per_sqft,all,all,384.64,426,higher,[],2026-09-08,dlx-aggregates-2
community:467:quarter:2020-07-01:median_rent_per_sqft:all:all,community,467,Wadi Al Safa 5,,quarter,2020-07-01,2020-09-30,median_rent_per_sqft,all,all,351.38,705,higher,[],2026-09-08,dlx-aggregates-2
community:467:quarter:2020-10-01:median_rent_per_sqft:all:all,community,467,Wadi Al Safa 5,,quarter,2020-10-01,2020-12-31,median_rent_per_sqft,all,all,355.98,688,higher,[],2026-09-08,dlx-aggregates-2
community:467:quarter:2021-01-01:median_rent_per_sqft:all:all,community,467,Wadi Al Safa 5,,quarter,2021-01-01,2021-03-31,median_rent_per_sqft,all,all,344.19,616,higher,[],2026-09-08,dlx-aggregates-2
community:467:quarter:2021-04-01:median_rent_per_sqft:all:all,community,467,Wadi Al Safa 5,,quarter,2021-04-01,2021-06-30,median_rent_per_sqft,all,all,334.64,495,higher,[],2026-09-08,dlx-aggregates-2
community:467:quarter:2021-07-01:median_rent_per_sqft:all:all,community,467,Wadi Al Safa 5,,quarter,2021-07-01,2021-09-30,median_rent_per_sqft,all,all,346.77,780,higher,[],2026-09-08,dlx-aggregates-2
community:467:quarter:2021-10-01:median_rent_per_sqft:all:all,community,467,Wadi Al Safa 5,,quarter,2021-10-01,2021-12-31,median_rent_per_sqft,all,all,351.36,752,higher,[],2026-09-08,dlx-aggregates-2
community:467:quarter:2022-01-01:median_rent_per_sqft:all:all,community,467,Wadi Al Safa 5,,quarter,2022-01-01,2022-03-31,median_rent_per_sqft,all,all,372.55,849,higher,[],2026-09-08,dlx-aggregates-2
community:467:quarter:2022-04-01:median_rent_per_sqft:all:all,community,467,Wadi Al Safa 5,,quarter,2022-04-01,2022-06-30,median_rent_per_sqft,all,all,386.37,791,higher,[],2026-09-08,dlx-aggregates-2
community:467:quarter:2022-07-01:median_rent_per_sqft:all:all,community,467,Wadi Al Safa 5,,quarter,2022-07-01,2022-09-30,median_rent_per_sqft,all,all,405.88,1105,higher,[],2026-09-08,dlx-aggregates-2
community:467:quarter:2022-10-01:median_rent_per_sqft:all:all,community,467,Wadi Al Safa 5,,quarter,2022-10-01,2022-12-31,median_rent_per_sqft,all,all,444.75,1087,higher,[],2026-09-08,dlx-aggregates-2
community:467:quarter:2023-01-01:median_rent_per_sqft:all:all,community,467,Wadi Al Safa 5,,quarter,2023-01-01,2023-03-31,median_rent_per_sqft,all,all,435.4,1011,higher,[],2026-09-08,dlx-aggregates-2
community:467:quarter:2023-04-01:median_rent_per_sqft:all:all,community,467,Wadi Al Safa 5,,quarter,2023-04-01,2023-06-30,median_rent_per_sqft,all,all,462.22,998,higher,[],2026-09-08,dlx-aggregates-2
community:467:quarter:2023-07-01:median_rent_per_sqft:all:all,community,467,Wadi Al Safa 5,,quarter,2023-07-01,2023-09-30,median_rent_per_sqft,all,all,504.25,1419,higher,[],2026-09-08,dlx-aggregates-2
community:467:quarter:2023-10-01:median_rent_per_sqft:all:all,community,467,Wadi Al Safa 5,,quarter,2023-10-01,2023-12-31,median_rent_per_sqft,all,all,546.12,1303,higher,[],2026-09-08,dlx-aggregates-2
community:467:quarter:2024-01-01:median_rent_per_sqft:all:all,community,467,Wadi Al Safa 5,,quarter,2024-01-01,2024-03-31,median_rent_per_sqft,all,all,575.01,1169,higher,[],2026-09-08,dlx-aggregates-2
community:467:quarter:2024-04-01:median_rent_per_sqft:all:all,community,467,Wadi Al Safa 5,,quarter,2024-04-01,2024-06-30,median_rent_per_sqft,all,all,606.34,1161,higher,[],2026-09-08,dlx-aggregates-2
community:467:quarter:2024-07-01:median_rent_per_sqft:all:all,community,467,Wadi Al Safa 5,,quarter,2024-07-01,2024-09-30,median_rent_per_sqft,all,all,653.26,1658,higher,[],2026-09-08,dlx-aggregates-2
community:467:quarter:2024-10-01:median_rent_per_sqft:all:all,community,467,Wadi Al Safa 5,,quarter,2024-10-01,2024-12-31,median_rent_per_sqft,all,all,677.25,1404,higher,[],2026-09-08,dlx-aggregates-2
community:467:quarter:2025-01-01:median_rent_per_sqft:all:all,community,467,Wadi Al Safa 5,,quarter,2025-01-01,2025-03-31,median_rent_per_sqft,all,all,689.68,1242,higher,[],2026-09-08,dlx-aggregates-2
community:467:quarter:2025-04-01:median_rent_per_sqft:all:all,community,467,Wadi Al Safa 5,,quarter,2025-04-01,2025-06-30,median_rent_per_sqft,all,all,701.65,1254,higher,[],2026-09-08,dlx-aggregates-2
community:467:quarter:2025-07-01:median_rent_per_sqft:all:all,community,467,Wadi Al Safa 5,,quarter,2025-07-01,2025-09-30,median_rent_per_sqft,all,all,737.44,1760,higher,[],2026-09-08,dlx-aggregates-2
community:467:quarter:2025-10-01:median_rent_per_sqft:all:all,community,467,Wadi Al Safa 5,,quarter,2025-10-01,2025-12-31,median_rent_per_sqft,all,all,720.0,1441,higher,[],2026-09-08,dlx-aggregates-2
community:467:quarter:2026-01-01:median_rent_per_sqft:all:all,community,467,Wadi Al Safa 5,,quarter,2026-01-01,2026-03-31,median_rent_per_sqft,all,all,770.74,1302,higher,[],2026-09-08,dlx-aggregates-2
community:467:quarter:2026-04-01:median_rent_per_sqft:all:all,community,467,Wadi Al Safa 5,,quarter,2026-04-01,2026-06-30,median_rent_per_sqft,all,all,728.09,1271,higher,[],2026-09-08,dlx-aggregates-2
community:467:quarter:2026-07-01:median_rent_per_sqft:all:all,community,467,Wadi Al Safa 5,,quarter,2026-07-01,2026-09-30,median_rent_per_sqft,all,all,749.32,1386,higher,[],2026-09-08,dlx-aggregates-2
community:469:quarter:2024-04-01:median_rent_per_sqft:all:all,community,469,Al Yufrah 1,,quarter,2024-04-01,2024-06-30,median_rent_per_sqft,all,all,706.79,54,moderate,[],2026-09-08,dlx-aggregates-2
community:469:quarter:2024-07-01:median_rent_per_sqft:all:all,community,469,Al Yufrah 1,,quarter,2024-07-01,2024-09-30,median_rent_per_sqft,all,all,729.89,103,moderate,[],2026-09-08,dlx-aggregates-2
community:469:quarter:2024-10-01:median_rent_per_sqft:all:all,community,469,Al Yufrah 1,,quarter,2024-10-01,2024-12-31,median_rent_per_sqft,all,all,833.33,31,moderate,[],2026-09-08,dlx-aggregates-2
community:469:quarter:2025-04-01:median_rent_per_sqft:all:all,community,469,Al Yufrah 1,,quarter,2025-04-01,2025-06-30,median_rent_per_sqft,all,all,760.65,75,moderate,[],2026-09-08,dlx-aggregates-2
community:469:quarter:2025-07-01:median_rent_per_sqft:all:all,community,469,Al Yufrah 1,,quarter,2025-07-01,2025-09-30,median_rent_per_sqft,all,all,748.13,194,moderate,[],2026-09-08,dlx-aggregates-2
community:469:quarter:2025-10-01:median_rent_per_sqft:all:all,community,469,Al Yufrah 1,,quarter,2025-10-01,2025-12-31,median_rent_per_sqft,all,all,775.86,202,higher,[],2026-09-08,dlx-aggregates-2
community:469:quarter:2026-01-01:median_rent_per_sqft:all:all,community,469,Al Yufrah 1,,quarter,2026-01-01,2026-03-31,median_rent_per_sqft,all,all,775.86,210,higher,[],2026-09-08,dlx-aggregates-2
community:469:quarter:2026-04-01:median_rent_per_sqft:all:all,community,469,Al Yufrah 1,,quarter,2026-04-01,2026-06-30,median_rent_per_sqft,all,all,731.16,174,moderate,[],2026-09-08,dlx-aggregates-2
community:469:quarter:2026-07-01:median_rent_per_sqft:all:all,community,469,Al Yufrah 1,,quarter,2026-07-01,2026-09-30,median_rent_per_sqft,all,all,724.14,235,higher,[],2026-09-08,dlx-aggregates-2
community:471:quarter:2019-01-01:median_rent_per_sqft:all:all,community,471,Al Rowaiyah Third,,quarter,2019-01-01,2019-03-31,median_rent_per_sqft,all,all,100962.7,200,higher,[],2026-09-08,dlx-aggregates-2
community:471:quarter:2023-01-01:median_rent_per_sqft:all:all,community,471,Al Rowaiyah Third,,quarter,2023-01-01,2023-03-31,median_rent_per_sqft,all,all,361.01,32,moderate,[],2026-09-08,dlx-aggregates-2
community:471:quarter:2023-10-01:median_rent_per_sqft:all:all,community,471,Al Rowaiyah Third,,quarter,2023-10-01,2023-12-31,median_rent_per_sqft,all,all,359.05,36,moderate,[],2026-09-08,dlx-aggregates-2
community:471:quarter:2024-01-01:median_rent_per_sqft:all:all,community,471,Al Rowaiyah Third,,quarter,2024-01-01,2024-03-31,median_rent_per_sqft,all,all,384.01,36,moderate,[],2026-09-08,dlx-aggregates-2
community:471:quarter:2024-04-01:median_rent_per_sqft:all:all,community,471,Al Rowaiyah Third,,quarter,2024-04-01,2024-06-30,median_rent_per_sqft,all,all,428.51,30,moderate,[],2026-09-08,dlx-aggregates-2
community:471:quarter:2024-07-01:median_rent_per_sqft:all:all,community,471,Al Rowaiyah Third,,quarter,2024-07-01,2024-09-30,median_rent_per_sqft,all,all,460.97,97,moderate,[],2026-09-08,dlx-aggregates-2
community:471:quarter:2024-10-01:median_rent_per_sqft:all:all,community,471,Al Rowaiyah Third,,quarter,2024-10-01,2024-12-31,median_rent_per_sqft,all,all,415.16,42,moderate,[],2026-09-08,dlx-aggregates-2
community:471:quarter:2025-01-01:median_rent_per_sqft:all:all,community,471,Al Rowaiyah Third,,quarter,2025-01-01,2025-03-31,median_rent_per_sqft,all,all,441.46,35,moderate,[],2026-09-08,dlx-aggregates-2
community:471:quarter:2025-04-01:median_rent_per_sqft:all:all,community,471,Al Rowaiyah Third,,quarter,2025-04-01,2025-06-30,median_rent_per_sqft,all,all,568.26,30,moderate,[],2026-09-08,dlx-aggregates-2
community:471:quarter:2025-07-01:median_rent_per_sqft:all:all,community,471,Al Rowaiyah Third,,quarter,2025-07-01,2025-09-30,median_rent_per_sqft,all,all,635.11,97,moderate,[],2026-09-08,dlx-aggregates-2
community:471:quarter:2025-10-01:median_rent_per_sqft:all:all,community,471,Al Rowaiyah Third,,quarter,2025-10-01,2025-12-31,median_rent_per_sqft,all,all,435.92,42,moderate,[],2026-09-08,dlx-aggregates-2
community:471:quarter:2026-01-01:median_rent_per_sqft:all:all,community,471,Al Rowaiyah Third,,quarter,2026-01-01,2026-03-31,median_rent_per_sqft,all,all,463.53,31,moderate,[],2026-09-08,dlx-aggregates-2
community:478:quarter:2023-07-01:median_rent_per_sqft:all:all,community,478,Jabal Ali Industrial Second,,quarter,2023-07-01,2023-09-30,median_rent_per_sqft,all,all,613.17,43,moderate,[],2026-09-08,dlx-aggregates-2
community:478:quarter:2024-07-01:median_rent_per_sqft:all:all,community,478,Jabal Ali Industrial Second,,quarter,2024-07-01,2024-09-30,median_rent_per_sqft,all,all,625.13,34,moderate,[],2026-09-08,dlx-aggregates-2
community:478:quarter:2025-07-01:median_rent_per_sqft:all:all,community,478,Jabal Ali Industrial Second,,quarter,2025-07-01,2025-09-30,median_rent_per_sqft,all,all,639.15,39,moderate,[],2026-09-08,dlx-aggregates-2
community:480:quarter:2024-04-01:median_rent_per_sqft:all:all,community,480,Saih Shuaib 1,,quarter,2024-04-01,2024-06-30,median_rent_per_sqft,all,all,394.03,32,moderate,[],2026-09-08,dlx-aggregates-2
community:480:quarter:2025-10-01:median_rent_per_sqft:all:all,community,480,Saih Shuaib 1,,quarter,2025-10-01,2025-12-31,median_rent_per_sqft,all,all,444.39,36,moderate,[],2026-09-08,dlx-aggregates-2
community:480:quarter:2026-01-01:median_rent_per_sqft:all:all,community,480,Saih Shuaib 1,,quarter,2026-01-01,2026-03-31,median_rent_per_sqft,all,all,401.29,30,moderate,[],2026-09-08,dlx-aggregates-2
community:480:quarter:2026-04-01:median_rent_per_sqft:all:all,community,480,Saih Shuaib 1,,quarter,2026-04-01,2026-06-30,median_rent_per_sqft,all,all,415.73,32,moderate,[],2026-09-08,dlx-aggregates-2
community:482:quarter:2019-07-01:median_rent_per_sqft:all:all,community,482,Hadaeq Sheikh Mohammed Bin Rashid,,quarter,2019-07-01,2019-09-30,median_rent_per_sqft,all,all,645.13,94,moderate,[],2026-09-08,dlx-aggregates-2
community:482:quarter:2019-10-01:median_rent_per_sqft:all:all,community,482,Hadaeq Sheikh Mohammed Bin Rashid,,quarter,2019-10-01,2019-12-31,median_rent_per_sqft,all,all,542.18,368,higher,[],2026-09-08,dlx-aggregates-2
community:482:quarter:2020-01-01:median_rent_per_sqft:all:all,community,482,Hadaeq Sheikh Mohammed Bin Rashid,,quarter,2020-01-01,2020-03-31,median_rent_per_sqft,all,all,510.04,623,higher,[],2026-09-08,dlx-aggregates-2
community:482:quarter:2020-04-01:median_rent_per_sqft:all:all,community,482,Hadaeq Sheikh Mohammed Bin Rashid,,quarter,2020-04-01,2020-06-30,median_rent_per_sqft,all,all,420.56,431,higher,[],2026-09-08,dlx-aggregates-2
community:482:quarter:2020-07-01:median_rent_per_sqft:all:all,community,482,Hadaeq Sheikh Mohammed Bin Rashid,,quarter,2020-07-01,2020-09-30,median_rent_per_sqft,all,all,470.86,460,higher,[],2026-09-08,dlx-aggregates-2
community:482:quarter:2020-10-01:median_rent_per_sqft:all:all,community,482,Hadaeq Sheikh Mohammed Bin Rashid,,quarter,2020-10-01,2020-12-31,median_rent_per_sqft,all,all,512.22,563,higher,[],2026-09-08,dlx-aggregates-2
community:482:quarter:2021-01-01:median_rent_per_sqft:all:all,community,482,Hadaeq Sheikh Mohammed Bin Rashid,,quarter,2021-01-01,2021-03-31,median_rent_per_sqft,all,all,513.24,802,higher,[],2026-09-08,dlx-aggregates-2
community:482:quarter:2021-04-01:median_rent_per_sqft:all:all,community,482,Hadaeq Sheikh Mohammed Bin Rashid,,quarter,2021-04-01,2021-06-30,median_rent_per_sqft,all,all,532.46,659,higher,[],2026-09-08,dlx-aggregates-2
community:482:quarter:2021-07-01:median_rent_per_sqft:all:all,community,482,Hadaeq Sheikh Mohammed Bin Rashid,,quarter,2021-07-01,2021-09-30,median_rent_per_sqft,all,all,601.92,599,higher,[],2026-09-08,dlx-aggregates-2
community:482:quarter:2021-10-01:median_rent_per_sqft:all:all,community,482,Hadaeq Sheikh Mohammed Bin Rashid,,quarter,2021-10-01,2021-12-31,median_rent_per_sqft,all,all,643.95,660,higher,[],2026-09-08,dlx-aggregates-2
community:482:quarter:2022-01-01:median_rent_per_sqft:all:all,community,482,Hadaeq Sheikh Mohammed Bin Rashid,,quarter,2022-01-01,2022-03-31,median_rent_per_sqft,all,all,608.29,766,higher,[],2026-09-08,dlx-aggregates-2
community:482:quarter:2022-04-01:median_rent_per_sqft:all:all,community,482,Hadaeq Sheikh Mohammed Bin Rashid,,quarter,2022-04-01,2022-06-30,median_rent_per_sqft,all,all,668.73,649,higher,[],2026-09-08,dlx-aggregates-2
community:482:quarter:2022-07-01:median_rent_per_sqft:all:all,community,482,Hadaeq Sheikh Mohammed Bin Rashid,,quarter,2022-07-01,2022-09-30,median_rent_per_sqft,all,all,750.63,724,higher,[],2026-09-08,dlx-aggregates-2
community:482:quarter:2022-10-01:median_rent_per_sqft:all:all,community,482,Hadaeq Sheikh Mohammed Bin Rashid,,quarter,2022-10-01,2022-12-31,median_rent_per_sqft,all,all,791.3,698,higher,[],2026-09-08,dlx-aggregates-2
community:482:quarter:2023-01-01:median_rent_per_sqft:all:all,community,482,Hadaeq Sheikh Mohammed Bin Rashid,,quarter,2023-01-01,2023-03-31,median_rent_per_sqft,all,all,848.95,655,higher,[],2026-09-08,dlx-aggregates-2
community:482:quarter:2023-04-01:median_rent_per_sqft:all:all,community,482,Hadaeq Sheikh Mohammed Bin Rashid,,quarter,2023-04-01,2023-06-30,median_rent_per_sqft,all,all,922.78,608,higher,[],2026-09-08,dlx-aggregates-2
community:482:quarter:2023-07-01:median_rent_per_sqft:all:all,community,482,Hadaeq Sheikh Mohammed Bin Rashid,,quarter,2023-07-01,2023-09-30,median_rent_per_sqft,all,all,977.59,801,higher,[],2026-09-08,dlx-aggregates-2
community:482:quarter:2023-10-01:median_rent_per_sqft:all:all,community,482,Hadaeq Sheikh Mohammed Bin Rashid,,quarter,2023-10-01,2023-12-31,median_rent_per_sqft,all,all,951.66,681,higher,[],2026-09-08,dlx-aggregates-2
community:482:quarter:2024-01-01:median_rent_per_sqft:all:all,community,482,Hadaeq Sheikh Mohammed Bin Rashid,,quarter,2024-01-01,2024-03-31,median_rent_per_sqft,all,all,1044.28,571,higher,[],2026-09-08,dlx-aggregates-2
community:482:quarter:2024-04-01:median_rent_per_sqft:all:all,community,482,Hadaeq Sheikh Mohammed Bin Rashid,,quarter,2024-04-01,2024-06-30,median_rent_per_sqft,all,all,1110.91,628,higher,[],2026-09-08,dlx-aggregates-2
community:482:quarter:2024-07-01:median_rent_per_sqft:all:all,community,482,Hadaeq Sheikh Mohammed Bin Rashid,,quarter,2024-07-01,2024-09-30,median_rent_per_sqft,all,all,1178.18,984,higher,[],2026-09-08,dlx-aggregates-2
community:482:quarter:2024-10-01:median_rent_per_sqft:all:all,community,482,Hadaeq Sheikh Mohammed Bin Rashid,,quarter,2024-10-01,2024-12-31,median_rent_per_sqft,all,all,1179.46,808,higher,[],2026-09-08,dlx-aggregates-2
community:482:quarter:2025-01-01:median_rent_per_sqft:all:all,community,482,Hadaeq Sheikh Mohammed Bin Rashid,,quarter,2025-01-01,2025-03-31,median_rent_per_sqft,all,all,1242.32,601,higher,[],2026-09-08,dlx-aggregates-2
community:482:quarter:2025-04-01:median_rent_per_sqft:all:all,community,482,Hadaeq Sheikh Mohammed Bin Rashid,,quarter,2025-04-01,2025-06-30,median_rent_per_sqft,all,all,1236.73,581,higher,[],2026-09-08,dlx-aggregates-2
community:482:quarter:2025-07-01:median_rent_per_sqft:all:all,community,482,Hadaeq Sheikh Mohammed Bin Rashid,,quarter,2025-07-01,2025-09-30,median_rent_per_sqft,all,all,1229.95,1086,higher,[],2026-09-08,dlx-aggregates-2
community:482:quarter:2025-10-01:median_rent_per_sqft:all:all,community,482,Hadaeq Sheikh Mohammed Bin Rashid,,quarter,2025-10-01,2025-12-31,median_rent_per_sqft,all,all,1286.08,828,higher,[],2026-09-08,dlx-aggregates-2
community:482:quarter:2026-01-01:median_rent_per_sqft:all:all,community,482,Hadaeq Sheikh Mohammed Bin Rashid,,quarter,2026-01-01,2026-03-31,median_rent_per_sqft,all,all,1361.85,634,higher,[],2026-09-08,dlx-aggregates-2
community:482:quarter:2026-04-01:median_rent_per_sqft:all:all,community,482,Hadaeq Sheikh Mohammed Bin Rashid,,quarter,2026-04-01,2026-06-30,median_rent_per_sqft,all,all,1267.93,627,higher,[],2026-09-08,dlx-aggregates-2
community:482:quarter:2026-07-01:median_rent_per_sqft:all:all,community,482,Hadaeq Sheikh Mohammed Bin Rashid,,quarter,2026-07-01,2026-09-30,median_rent_per_sqft,all,all,1218.03,873,higher,[],2026-09-08,dlx-aggregates-2
community:483:quarter:2019-01-01:median_rent_per_sqft:all:all,community,483,Warsan Fourth,,quarter,2019-01-01,2019-03-31,median_rent_per_sqft,all,all,426.95,128,moderate,[],2026-09-08,dlx-aggregates-2
community:483:quarter:2019-04-01:median_rent_per_sqft:all:all,community,483,Warsan Fourth,,quarter,2019-04-01,2019-06-30,median_rent_per_sqft,all,all,390.02,149,moderate,[],2026-09-08,dlx-aggregates-2
community:483:quarter:2019-07-01:median_rent_per_sqft:all:all,community,483,Warsan Fourth,,quarter,2019-07-01,2019-09-30,median_rent_per_sqft,all,all,465.84,154,moderate,[],2026-09-08,dlx-aggregates-2
community:483:quarter:2019-10-01:median_rent_per_sqft:all:all,community,483,Warsan Fourth,,quarter,2019-10-01,2019-12-31,median_rent_per_sqft,all,all,419.5,165,moderate,[],2026-09-08,dlx-aggregates-2
community:483:quarter:2020-01-01:median_rent_per_sqft:all:all,community,483,Warsan Fourth,,quarter,2020-01-01,2020-03-31,median_rent_per_sqft,all,all,404.56,194,moderate,[],2026-09-08,dlx-aggregates-2
community:483:quarter:2020-04-01:median_rent_per_sqft:all:all,community,483,Warsan Fourth,,quarter,2020-04-01,2020-06-30,median_rent_per_sqft,all,all,359.28,179,moderate,[],2026-09-08,dlx-aggregates-2
community:483:quarter:2020-07-01:median_rent_per_sqft:all:all,community,483,Warsan Fourth,,quarter,2020-07-01,2020-09-30,median_rent_per_sqft,all,all,374.03,245,higher,[],2026-09-08,dlx-aggregates-2
community:483:quarter:2020-10-01:median_rent_per_sqft:all:all,community,483,Warsan Fourth,,quarter,2020-10-01,2020-12-31,median_rent_per_sqft,all,all,374.52,189,moderate,[],2026-09-08,dlx-aggregates-2
community:483:quarter:2021-01-01:median_rent_per_sqft:all:all,community,483,Warsan Fourth,,quarter,2021-01-01,2021-03-31,median_rent_per_sqft,all,all,379.26,239,higher,[],2026-09-08,dlx-aggregates-2
community:483:quarter:2021-04-01:median_rent_per_sqft:all:all,community,483,Warsan Fourth,,quarter,2021-04-01,2021-06-30,median_rent_per_sqft,all,all,347.56,170,moderate,[],2026-09-08,dlx-aggregates-2
community:483:quarter:2021-07-01:median_rent_per_sqft:all:all,community,483,Warsan Fourth,,quarter,2021-07-01,2021-09-30,median_rent_per_sqft,all,all,345.33,252,higher,[],2026-09-08,dlx-aggregates-2
community:483:quarter:2021-10-01:median_rent_per_sqft:all:all,community,483,Warsan Fourth,,quarter,2021-10-01,2021-12-31,median_rent_per_sqft,all,all,412.98,361,higher,[],2026-09-08,dlx-aggregates-2
community:483:quarter:2022-01-01:median_rent_per_sqft:all:all,community,483,Warsan Fourth,,quarter,2022-01-01,2022-03-31,median_rent_per_sqft,all,all,376.53,222,higher,[],2026-09-08,dlx-aggregates-2
community:483:quarter:2022-04-01:median_rent_per_sqft:all:all,community,483,Warsan Fourth,,quarter,2022-04-01,2022-06-30,median_rent_per_sqft,all,all,410.96,282,higher,[],2026-09-08,dlx-aggregates-2
community:483:quarter:2022-07-01:median_rent_per_sqft:all:all,community,483,Warsan Fourth,,quarter,2022-07-01,2022-09-30,median_rent_per_sqft,all,all,397.36,286,higher,[],2026-09-08,dlx-aggregates-2
community:483:quarter:2022-10-01:median_rent_per_sqft:all:all,community,483,Warsan Fourth,,quarter,2022-10-01,2022-12-31,median_rent_per_sqft,all,all,376.11,289,higher,[],2026-09-08,dlx-aggregates-2
community:483:quarter:2023-01-01:median_rent_per_sqft:all:all,community,483,Warsan Fourth,,quarter,2023-01-01,2023-03-31,median_rent_per_sqft,all,all,396.57,238,higher,[],2026-09-08,dlx-aggregates-2
community:483:quarter:2023-04-01:median_rent_per_sqft:all:all,community,483,Warsan Fourth,,quarter,2023-04-01,2023-06-30,median_rent_per_sqft,all,all,380.7,222,higher,[],2026-09-08,dlx-aggregates-2
community:483:quarter:2023-07-01:median_rent_per_sqft:all:all,community,483,Warsan Fourth,,quarter,2023-07-01,2023-09-30,median_rent_per_sqft,all,all,404.23,270,higher,[],2026-09-08,dlx-aggregates-2
community:483:quarter:2023-10-01:median_rent_per_sqft:all:all,community,483,Warsan Fourth,,quarter,2023-10-01,2023-12-31,median_rent_per_sqft,all,all,444.93,386,higher,[],2026-09-08,dlx-aggregates-2
community:483:quarter:2024-01-01:median_rent_per_sqft:all:all,community,483,Warsan Fourth,,quarter,2024-01-01,2024-03-31,median_rent_per_sqft,all,all,432.94,301,higher,[],2026-09-08,dlx-aggregates-2
community:483:quarter:2024-04-01:median_rent_per_sqft:all:all,community,483,Warsan Fourth,,quarter,2024-04-01,2024-06-30,median_rent_per_sqft,all,all,370.39,307,higher,[],2026-09-08,dlx-aggregates-2
community:483:quarter:2024-07-01:median_rent_per_sqft:all:all,community,483,Warsan Fourth,,quarter,2024-07-01,2024-09-30,median_rent_per_sqft,all,all,443.48,341,higher,[],2026-09-08,dlx-aggregates-2
community:483:quarter:2024-10-01:median_rent_per_sqft:all:all,community,483,Warsan Fourth,,quarter,2024-10-01,2024-12-31,median_rent_per_sqft,all,all,461.79,448,higher,[],2026-09-08,dlx-aggregates-2
community:483:quarter:2025-01-01:median_rent_per_sqft:all:all,community,483,Warsan Fourth,,quarter,2025-01-01,2025-03-31,median_rent_per_sqft,all,all,468.62,321,higher,[],2026-09-08,dlx-aggregates-2
community:483:quarter:2025-04-01:median_rent_per_sqft:all:all,community,483,Warsan Fourth,,quarter,2025-04-01,2025-06-30,median_rent_per_sqft,all,all,416.58,288,higher,[],2026-09-08,dlx-aggregates-2
community:483:quarter:2025-07-01:median_rent_per_sqft:all:all,community,483,Warsan Fourth,,quarter,2025-07-01,2025-09-30,median_rent_per_sqft,all,all,477.38,362,higher,[],2026-09-08,dlx-aggregates-2
community:483:quarter:2025-10-01:median_rent_per_sqft:all:all,community,483,Warsan Fourth,,quarter,2025-10-01,2025-12-31,median_rent_per_sqft,all,all,489.94,407,higher,[],2026-09-08,dlx-aggregates-2
community:483:quarter:2026-01-01:median_rent_per_sqft:all:all,community,483,Warsan Fourth,,quarter,2026-01-01,2026-03-31,median_rent_per_sqft,all,all,512.01,319,higher,[],2026-09-08,dlx-aggregates-2
community:483:quarter:2026-04-01:median_rent_per_sqft:all:all,community,483,Warsan Fourth,,quarter,2026-04-01,2026-06-30,median_rent_per_sqft,all,all,483.01,315,higher,[],2026-09-08,dlx-aggregates-2
community:483:quarter:2026-07-01:median_rent_per_sqft:all:all,community,483,Warsan Fourth,,quarter,2026-07-01,2026-09-30,median_rent_per_sqft,all,all,500.42,238,higher,[],2026-09-08,dlx-aggregates-2
community:484:quarter:2019-01-01:median_rent_per_sqft:all:all,community,484,Nadd Hessa,,quarter,2019-01-01,2019-03-31,median_rent_per_sqft,all,all,566.03,847,higher,[],2026-09-08,dlx-aggregates-2
community:484:quarter:2019-04-01:median_rent_per_sqft:all:all,community,484,Nadd Hessa,,quarter,2019-04-01,2019-06-30,median_rent_per_sqft,all,all,538.26,861,higher,[],2026-09-08,dlx-aggregates-2
community:484:quarter:2019-07-01:median_rent_per_sqft:all:all,community,484,Nadd Hessa,,quarter,2019-07-01,2019-09-30,median_rent_per_sqft,all,all,554.89,1180,higher,[],2026-09-08,dlx-aggregates-2
community:484:quarter:2019-10-01:median_rent_per_sqft:all:all,community,484,Nadd Hessa,,quarter,2019-10-01,2019-12-31,median_rent_per_sqft,all,all,533.58,1137,higher,[],2026-09-08,dlx-aggregates-2
community:484:quarter:2020-01-01:median_rent_per_sqft:all:all,community,484,Nadd Hessa,,quarter,2020-01-01,2020-03-31,median_rent_per_sqft,all,all,500.0,904,higher,[],2026-09-08,dlx-aggregates-2
community:484:quarter:2020-04-01:median_rent_per_sqft:all:all,community,484,Nadd Hessa,,quarter,2020-04-01,2020-06-30,median_rent_per_sqft,all,all,481.39,831,higher,[],2026-09-08,dlx-aggregates-2
community:484:quarter:2020-07-01:median_rent_per_sqft:all:all,community,484,Nadd Hessa,,quarter,2020-07-01,2020-09-30,median_rent_per_sqft,all,all,476.94,1236,higher,[],2026-09-08,dlx-aggregates-2
community:484:quarter:2020-10-01:median_rent_per_sqft:all:all,community,484,Nadd Hessa,,quarter,2020-10-01,2020-12-31,median_rent_per_sqft,all,all,444.01,1217,higher,[],2026-09-08,dlx-aggregates-2
community:484:quarter:2021-01-01:median_rent_per_sqft:all:all,community,484,Nadd Hessa,,quarter,2021-01-01,2021-03-31,median_rent_per_sqft,all,all,426.18,1232,higher,[],2026-09-08,dlx-aggregates-2
community:484:quarter:2021-04-01:median_rent_per_sqft:all:all,community,484,Nadd Hessa,,quarter,2021-04-01,2021-06-30,median_rent_per_sqft,all,all,419.46,1119,higher,[],2026-09-08,dlx-aggregates-2
community:484:quarter:2021-07-01:median_rent_per_sqft:all:all,community,484,Nadd Hessa,,quarter,2021-07-01,2021-09-30,median_rent_per_sqft,all,all,441.23,1405,higher,[],2026-09-08,dlx-aggregates-2
community:484:quarter:2021-10-01:median_rent_per_sqft:all:all,community,484,Nadd Hessa,,quarter,2021-10-01,2021-12-31,median_rent_per_sqft,all,all,446.45,1332,higher,[],2026-09-08,dlx-aggregates-2
community:484:quarter:2022-01-01:median_rent_per_sqft:all:all,community,484,Nadd Hessa,,quarter,2022-01-01,2022-03-31,median_rent_per_sqft,all,all,437.62,1216,higher,[],2026-09-08,dlx-aggregates-2
community:484:quarter:2022-04-01:median_rent_per_sqft:all:all,community,484,Nadd Hessa,,quarter,2022-04-01,2022-06-30,median_rent_per_sqft,all,all,439.09,1205,higher,[],2026-09-08,dlx-aggregates-2
community:484:quarter:2022-07-01:median_rent_per_sqft:all:all,community,484,Nadd Hessa,,quarter,2022-07-01,2022-09-30,median_rent_per_sqft,all,all,464.41,1449,higher,[],2026-09-08,dlx-aggregates-2
community:484:quarter:2022-10-01:median_rent_per_sqft:all:all,community,484,Nadd Hessa,,quarter,2022-10-01,2022-12-31,median_rent_per_sqft,all,all,475.73,1356,higher,[],2026-09-08,dlx-aggregates-2
community:484:quarter:2023-01-01:median_rent_per_sqft:all:all,community,484,Nadd Hessa,,quarter,2023-01-01,2023-03-31,median_rent_per_sqft,all,all,475.73,1187,higher,[],2026-09-08,dlx-aggregates-2
community:484:quarter:2023-04-01:median_rent_per_sqft:all:all,community,484,Nadd Hessa,,quarter,2023-04-01,2023-06-30,median_rent_per_sqft,all,all,485.11,1158,higher,[],2026-09-08,dlx-aggregates-2
community:484:quarter:2023-07-01:median_rent_per_sqft:all:all,community,484,Nadd Hessa,,quarter,2023-07-01,2023-09-30,median_rent_per_sqft,all,all,502.31,1476,higher,[],2026-09-08,dlx-aggregates-2
community:484:quarter:2023-10-01:median_rent_per_sqft:all:all,community,484,Nadd Hessa,,quarter,2023-10-01,2023-12-31,median_rent_per_sqft,all,all,509.48,1385,higher,[],2026-09-08,dlx-aggregates-2
community:484:quarter:2024-01-01:median_rent_per_sqft:all:all,community,484,Nadd Hessa,,quarter,2024-01-01,2024-03-31,median_rent_per_sqft,all,all,508.88,1230,higher,[],2026-09-08,dlx-aggregates-2
community:484:quarter:2024-04-01:median_rent_per_sqft:all:all,community,484,Nadd Hessa,,quarter,2024-04-01,2024-06-30,median_rent_per_sqft,all,all,509.09,1183,higher,[],2026-09-08,dlx-aggregates-2
community:484:quarter:2024-07-01:median_rent_per_sqft:all:all,community,484,Nadd Hessa,,quarter,2024-07-01,2024-09-30,median_rent_per_sqft,all,all,549.54,1533,higher,[],2026-09-08,dlx-aggregates-2
community:484:quarter:2024-10-01:median_rent_per_sqft:all:all,community,484,Nadd Hessa,,quarter,2024-10-01,2024-12-31,median_rent_per_sqft,all,all,551.14,1317,higher,[],2026-09-08,dlx-aggregates-2
community:484:quarter:2025-01-01:median_rent_per_sqft:all:all,community,484,Nadd Hessa,,quarter,2025-01-01,2025-03-31,median_rent_per_sqft,all,all,558.71,1246,higher,[],2026-09-08,dlx-aggregates-2
community:484:quarter:2025-04-01:median_rent_per_sqft:all:all,community,484,Nadd Hessa,,quarter,2025-04-01,2025-06-30,median_rent_per_sqft,all,all,549.34,1164,higher,[],2026-09-08,dlx-aggregates-2
community:484:quarter:2025-07-01:median_rent_per_sqft:all:all,community,484,Nadd Hessa,,quarter,2025-07-01,2025-09-30,median_rent_per_sqft,all,all,574.51,1505,higher,[],2026-09-08,dlx-aggregates-2
community:484:quarter:2025-10-01:median_rent_per_sqft:all:all,community,484,Nadd Hessa,,quarter,2025-10-01,2025-12-31,median_rent_per_sqft,all,all,572.73,1199,higher,[],2026-09-08,dlx-aggregates-2
community:484:quarter:2026-01-01:median_rent_per_sqft:all:all,community,484,Nadd Hessa,,quarter,2026-01-01,2026-03-31,median_rent_per_sqft,all,all,597.14,1135,higher,[],2026-09-08,dlx-aggregates-2
community:484:quarter:2026-04-01:median_rent_per_sqft:all:all,community,484,Nadd Hessa,,quarter,2026-04-01,2026-06-30,median_rent_per_sqft,all,all,594.47,1045,higher,[],2026-09-08,dlx-aggregates-2
community:484:quarter:2026-07-01:median_rent_per_sqft:all:all,community,484,Nadd Hessa,,quarter,2026-07-01,2026-09-30,median_rent_per_sqft,all,all,614.75,804,higher,[],2026-09-08,dlx-aggregates-2
community:485:quarter:2019-01-01:median_rent_per_sqft:all:all,community,485,Me'Aisem First,,quarter,2019-01-01,2019-03-31,median_rent_per_sqft,all,all,493.5,219,higher,[],2026-09-08,dlx-aggregates-2
community:485:quarter:2019-04-01:median_rent_per_sqft:all:all,community,485,Me'Aisem First,,quarter,2019-04-01,2019-06-30,median_rent_per_sqft,all,all,474.16,214,higher,[],2026-09-08,dlx-aggregates-2
community:485:quarter:2019-07-01:median_rent_per_sqft:all:all,community,485,Me'Aisem First,,quarter,2019-07-01,2019-09-30,median_rent_per_sqft,all,all,482.07,263,higher,[],2026-09-08,dlx-aggregates-2
community:485:quarter:2019-10-01:median_rent_per_sqft:all:all,community,485,Me'Aisem First,,quarter,2019-10-01,2019-12-31,median_rent_per_sqft,all,all,426.3,211,higher,[],2026-09-08,dlx-aggregates-2
community:485:quarter:2020-01-01:median_rent_per_sqft:all:all,community,485,Me'Aisem First,,quarter,2020-01-01,2020-03-31,median_rent_per_sqft,all,all,465.3,216,higher,[],2026-09-08,dlx-aggregates-2
community:485:quarter:2020-04-01:median_rent_per_sqft:all:all,community,485,Me'Aisem First,,quarter,2020-04-01,2020-06-30,median_rent_per_sqft,all,all,447.18,245,higher,[],2026-09-08,dlx-aggregates-2
community:485:quarter:2020-07-01:median_rent_per_sqft:all:all,community,485,Me'Aisem First,,quarter,2020-07-01,2020-09-30,median_rent_per_sqft,all,all,404.49,455,higher,[],2026-09-08,dlx-aggregates-2
community:485:quarter:2020-10-01:median_rent_per_sqft:all:all,community,485,Me'Aisem First,,quarter,2020-10-01,2020-12-31,median_rent_per_sqft,all,all,376.79,339,higher,[],2026-09-08,dlx-aggregates-2
community:485:quarter:2021-01-01:median_rent_per_sqft:all:all,community,485,Me'Aisem First,,quarter,2021-01-01,2021-03-31,median_rent_per_sqft,all,all,382.9,308,higher,[],2026-09-08,dlx-aggregates-2
community:485:quarter:2021-04-01:median_rent_per_sqft:all:all,community,485,Me'Aisem First,,quarter,2021-04-01,2021-06-30,median_rent_per_sqft,all,all,438.18,300,higher,[],2026-09-08,dlx-aggregates-2
community:485:quarter:2021-07-01:median_rent_per_sqft:all:all,community,485,Me'Aisem First,,quarter,2021-07-01,2021-09-30,median_rent_per_sqft,all,all,467.14,483,higher,[],2026-09-08,dlx-aggregates-2
community:485:quarter:2021-10-01:median_rent_per_sqft:all:all,community,485,Me'Aisem First,,quarter,2021-10-01,2021-12-31,median_rent_per_sqft,all,all,399.33,329,higher,[],2026-09-08,dlx-aggregates-2
community:485:quarter:2022-01-01:median_rent_per_sqft:all:all,community,485,Me'Aisem First,,quarter,2022-01-01,2022-03-31,median_rent_per_sqft,all,all,471.33,296,higher,[],2026-09-08,dlx-aggregates-2
community:485:quarter:2022-04-01:median_rent_per_sqft:all:all,community,485,Me'Aisem First,,quarter,2022-04-01,2022-06-30,median_rent_per_sqft,all,all,494.87,291,higher,[],2026-09-08,dlx-aggregates-2
community:485:quarter:2022-07-01:median_rent_per_sqft:all:all,community,485,Me'Aisem First,,quarter,2022-07-01,2022-09-30,median_rent_per_sqft,all,all,534.33,494,higher,[],2026-09-08,dlx-aggregates-2
community:485:quarter:2022-10-01:median_rent_per_sqft:all:all,community,485,Me'Aisem First,,quarter,2022-10-01,2022-12-31,median_rent_per_sqft,all,all,514.31,368,higher,[],2026-09-08,dlx-aggregates-2
community:485:quarter:2023-01-01:median_rent_per_sqft:all:all,community,485,Me'Aisem First,,quarter,2023-01-01,2023-03-31,median_rent_per_sqft,all,all,561.89,354,higher,[],2026-09-08,dlx-aggregates-2
community:485:quarter:2023-04-01:median_rent_per_sqft:all:all,community,485,Me'Aisem First,,quarter,2023-04-01,2023-06-30,median_rent_per_sqft,all,all,568.34,310,higher,[],2026-09-08,dlx-aggregates-2
community:485:quarter:2023-07-01:median_rent_per_sqft:all:all,community,485,Me'Aisem First,,quarter,2023-07-01,2023-09-30,median_rent_per_sqft,all,all,627.99,461,higher,[],2026-09-08,dlx-aggregates-2
community:485:quarter:2023-10-01:median_rent_per_sqft:all:all,community,485,Me'Aisem First,,quarter,2023-10-01,2023-12-31,median_rent_per_sqft,all,all,650.41,399,higher,[],2026-09-08,dlx-aggregates-2
community:485:quarter:2024-01-01:median_rent_per_sqft:all:all,community,485,Me'Aisem First,,quarter,2024-01-01,2024-03-31,median_rent_per_sqft,all,all,786.15,365,higher,[],2026-09-08,dlx-aggregates-2
community:485:quarter:2024-04-01:median_rent_per_sqft:all:all,community,485,Me'Aisem First,,quarter,2024-04-01,2024-06-30,median_rent_per_sqft,all,all,686.01,337,higher,[],2026-09-08,dlx-aggregates-2
community:485:quarter:2024-07-01:median_rent_per_sqft:all:all,community,485,Me'Aisem First,,quarter,2024-07-01,2024-09-30,median_rent_per_sqft,all,all,824.89,463,higher,[],2026-09-08,dlx-aggregates-2
community:485:quarter:2024-10-01:median_rent_per_sqft:all:all,community,485,Me'Aisem First,,quarter,2024-10-01,2024-12-31,median_rent_per_sqft,all,all,854.19,465,higher,[],2026-09-08,dlx-aggregates-2
community:485:quarter:2025-01-01:median_rent_per_sqft:all:all,community,485,Me'Aisem First,,quarter,2025-01-01,2025-03-31,median_rent_per_sqft,all,all,858.47,364,higher,[],2026-09-08,dlx-aggregates-2
community:485:quarter:2025-04-01:median_rent_per_sqft:all:all,community,485,Me'Aisem First,,quarter,2025-04-01,2025-06-30,median_rent_per_sqft,all,all,788.91,325,higher,[],2026-09-08,dlx-aggregates-2
community:485:quarter:2025-07-01:median_rent_per_sqft:all:all,community,485,Me'Aisem First,,quarter,2025-07-01,2025-09-30,median_rent_per_sqft,all,all,944.05,479,higher,[],2026-09-08,dlx-aggregates-2
community:485:quarter:2025-10-01:median_rent_per_sqft:all:all,community,485,Me'Aisem First,,quarter,2025-10-01,2025-12-31,median_rent_per_sqft,all,all,929.37,442,higher,[],2026-09-08,dlx-aggregates-2
community:485:quarter:2026-01-01:median_rent_per_sqft:all:all,community,485,Me'Aisem First,,quarter,2026-01-01,2026-03-31,median_rent_per_sqft,all,all,978.74,396,higher,[],2026-09-08,dlx-aggregates-2
community:485:quarter:2026-04-01:median_rent_per_sqft:all:all,community,485,Me'Aisem First,,quarter,2026-04-01,2026-06-30,median_rent_per_sqft,all,all,856.97,303,higher,[],2026-09-08,dlx-aggregates-2
community:485:quarter:2026-07-01:median_rent_per_sqft:all:all,community,485,Me'Aisem First,,quarter,2026-07-01,2026-09-30,median_rent_per_sqft,all,all,911.08,281,higher,[],2026-09-08,dlx-aggregates-2
community:505:quarter:2019-10-01:median_rent_per_sqft:all:all,community,505,Madinat Hind 4,,quarter,2019-10-01,2019-12-31,median_rent_per_sqft,all,all,457.98,72,moderate,[],2026-09-08,dlx-aggregates-2
community:505:quarter:2020-01-01:median_rent_per_sqft:all:all,community,505,Madinat Hind 4,,quarter,2020-01-01,2020-03-31,median_rent_per_sqft,all,all,371.85,136,moderate,[],2026-09-08,dlx-aggregates-2
community:505:quarter:2020-04-01:median_rent_per_sqft:all:all,community,505,Madinat Hind 4,,quarter,2020-04-01,2020-06-30,median_rent_per_sqft,all,all,320.43,186,moderate,[],2026-09-08,dlx-aggregates-2
community:505:quarter:2020-07-01:median_rent_per_sqft:all:all,community,505,Madinat Hind 4,,quarter,2020-07-01,2020-09-30,median_rent_per_sqft,all,all,374.2,376,higher,[],2026-09-08,dlx-aggregates-2
community:505:quarter:2020-10-01:median_rent_per_sqft:all:all,community,505,Madinat Hind 4,,quarter,2020-10-01,2020-12-31,median_rent_per_sqft,all,all,361.96,403,higher,[],2026-09-08,dlx-aggregates-2
community:505:quarter:2021-01-01:median_rent_per_sqft:all:all,community,505,Madinat Hind 4,,quarter,2021-01-01,2021-03-31,median_rent_per_sqft,all,all,356.38,440,higher,[],2026-09-08,dlx-aggregates-2
community:505:quarter:2021-04-01:median_rent_per_sqft:all:all,community,505,Madinat Hind 4,,quarter,2021-04-01,2021-06-30,median_rent_per_sqft,all,all,347.47,550,higher,[],2026-09-08,dlx-aggregates-2
community:505:quarter:2021-07-01:median_rent_per_sqft:all:all,community,505,Madinat Hind 4,,quarter,2021-07-01,2021-09-30,median_rent_per_sqft,all,all,356.38,877,higher,[],2026-09-08,dlx-aggregates-2
community:505:quarter:2021-10-01:median_rent_per_sqft:all:all,community,505,Madinat Hind 4,,quarter,2021-10-01,2021-12-31,median_rent_per_sqft,all,all,369.94,928,higher,[],2026-09-08,dlx-aggregates-2
community:505:quarter:2022-01-01:median_rent_per_sqft:all:all,community,505,Madinat Hind 4,,quarter,2022-01-01,2022-03-31,median_rent_per_sqft,all,all,371.85,985,higher,[],2026-09-08,dlx-aggregates-2
community:505:quarter:2022-04-01:median_rent_per_sqft:all:all,community,505,Madinat Hind 4,,quarter,2022-04-01,2022-06-30,median_rent_per_sqft,all,all,374.2,980,higher,[],2026-09-08,dlx-aggregates-2
community:505:quarter:2022-07-01:median_rent_per_sqft:all:all,community,505,Madinat Hind 4,,quarter,2022-07-01,2022-09-30,median_rent_per_sqft,all,all,383.11,1316,higher,[],2026-09-08,dlx-aggregates-2
community:505:quarter:2022-10-01:median_rent_per_sqft:all:all,community,505,Madinat Hind 4,,quarter,2022-10-01,2022-12-31,median_rent_per_sqft,all,all,409.84,1351,higher,[],2026-09-08,dlx-aggregates-2
community:505:quarter:2023-01-01:median_rent_per_sqft:all:all,community,505,Madinat Hind 4,,quarter,2023-01-01,2023-03-31,median_rent_per_sqft,all,all,429.06,1189,higher,[],2026-09-08,dlx-aggregates-2
community:505:quarter:2023-04-01:median_rent_per_sqft:all:all,community,505,Madinat Hind 4,,quarter,2023-04-01,2023-06-30,median_rent_per_sqft,all,all,445.47,1127,higher,[],2026-09-08,dlx-aggregates-2
community:505:quarter:2023-07-01:median_rent_per_sqft:all:all,community,505,Madinat Hind 4,,quarter,2023-07-01,2023-09-30,median_rent_per_sqft,all,all,457.67,1424,higher,[],2026-09-08,dlx-aggregates-2
community:505:quarter:2023-10-01:median_rent_per_sqft:all:all,community,505,Madinat Hind 4,,quarter,2023-10-01,2023-12-31,median_rent_per_sqft,all,all,490.02,1321,higher,[],2026-09-08,dlx-aggregates-2
community:505:quarter:2024-01-01:median_rent_per_sqft:all:all,community,505,Madinat Hind 4,,quarter,2024-01-01,2024-03-31,median_rent_per_sqft,all,all,509.62,1157,higher,[],2026-09-08,dlx-aggregates-2
community:505:quarter:2024-04-01:median_rent_per_sqft:all:all,community,505,Madinat Hind 4,,quarter,2024-04-01,2024-06-30,median_rent_per_sqft,all,all,543.48,1096,higher,[],2026-09-08,dlx-aggregates-2
community:505:quarter:2024-07-01:median_rent_per_sqft:all:all,community,505,Madinat Hind 4,,quarter,2024-07-01,2024-09-30,median_rent_per_sqft,all,all,579.12,1429,higher,[],2026-09-08,dlx-aggregates-2
community:505:quarter:2024-10-01:median_rent_per_sqft:all:all,community,505,Madinat Hind 4,,quarter,2024-10-01,2024-12-31,median_rent_per_sqft,all,all,612.02,1297,higher,[],2026-09-08,dlx-aggregates-2
community:505:quarter:2025-01-01:median_rent_per_sqft:all:all,community,505,Madinat Hind 4,,quarter,2025-01-01,2025-03-31,median_rent_per_sqft,all,all,623.66,1209,higher,[],2026-09-08,dlx-aggregates-2
community:505:quarter:2025-04-01:median_rent_per_sqft:all:all,community,505,Madinat Hind 4,,quarter,2025-04-01,2025-06-30,median_rent_per_sqft,all,all,624.22,1205,higher,[],2026-09-08,dlx-aggregates-2
community:505:quarter:2025-07-01:median_rent_per_sqft:all:all,community,505,Madinat Hind 4,,quarter,2025-07-01,2025-09-30,median_rent_per_sqft,all,all,657.89,1431,higher,[],2026-09-08,dlx-aggregates-2
community:505:quarter:2025-10-01:median_rent_per_sqft:all:all,community,505,Madinat Hind 4,,quarter,2025-10-01,2025-12-31,median_rent_per_sqft,all,all,658.76,1324,higher,[],2026-09-08,dlx-aggregates-2
community:505:quarter:2026-01-01:median_rent_per_sqft:all:all,community,505,Madinat Hind 4,,quarter,2026-01-01,2026-03-31,median_rent_per_sqft,all,all,668.21,1154,higher,[],2026-09-08,dlx-aggregates-2
community:505:quarter:2026-04-01:median_rent_per_sqft:all:all,community,505,Madinat Hind 4,,quarter,2026-04-01,2026-06-30,median_rent_per_sqft,all,all,657.29,1120,higher,[],2026-09-08,dlx-aggregates-2
community:505:quarter:2026-07-01:median_rent_per_sqft:all:all,community,505,Madinat Hind 4,,quarter,2026-07-01,2026-09-30,median_rent_per_sqft,all,all,658.76,1127,higher,[],2026-09-08,dlx-aggregates-2
community:506:quarter:2019-01-01:median_rent_per_sqft:all:all,community,506,Al Yelayiss 1,,quarter,2019-01-01,2019-03-31,median_rent_per_sqft,all,all,475.98,352,higher,[],2026-09-08,dlx-aggregates-2
community:506:quarter:2019-04-01:median_rent_per_sqft:all:all,community,506,Al Yelayiss 1,,quarter,2019-04-01,2019-06-30,median_rent_per_sqft,all,all,427.84,519,higher,[],2026-09-08,dlx-aggregates-2
community:506:quarter:2019-07-01:median_rent_per_sqft:all:all,community,506,Al Yelayiss 1,,quarter,2019-07-01,2019-09-30,median_rent_per_sqft,all,all,421.51,379,higher,[],2026-09-08,dlx-aggregates-2
community:506:quarter:2019-10-01:median_rent_per_sqft:all:all,community,506,Al Yelayiss 1,,quarter,2019-10-01,2019-12-31,median_rent_per_sqft,all,all,419.85,225,higher,[],2026-09-08,dlx-aggregates-2
community:506:quarter:2020-01-01:median_rent_per_sqft:all:all,community,506,Al Yelayiss 1,,quarter,2020-01-01,2020-03-31,median_rent_per_sqft,all,all,386.42,418,higher,[],2026-09-08,dlx-aggregates-2
community:506:quarter:2020-04-01:median_rent_per_sqft:all:all,community,506,Al Yelayiss 1,,quarter,2020-04-01,2020-06-30,median_rent_per_sqft,all,all,345.98,719,higher,[],2026-09-08,dlx-aggregates-2
community:506:quarter:2020-07-01:median_rent_per_sqft:all:all,community,506,Al Yelayiss 1,,quarter,2020-07-01,2020-09-30,median_rent_per_sqft,all,all,351.36,675,higher,[],2026-09-08,dlx-aggregates-2
community:506:quarter:2020-10-01:median_rent_per_sqft:all:all,community,506,Al Yelayiss 1,,quarter,2020-10-01,2020-12-31,median_rent_per_sqft,all,all,368.23,348,higher,[],2026-09-08,dlx-aggregates-2
community:506:quarter:2021-01-01:median_rent_per_sqft:all:all,community,506,Al Yelayiss 1,,quarter,2021-01-01,2021-03-31,median_rent_per_sqft,all,all,370.11,433,higher,[],2026-09-08,dlx-aggregates-2
community:506:quarter:2021-04-01:median_rent_per_sqft:all:all,community,506,Al Yelayiss 1,,quarter,2021-04-01,2021-06-30,median_rent_per_sqft,all,all,367.02,657,higher,[],2026-09-08,dlx-aggregates-2
community:506:quarter:2021-07-01:median_rent_per_sqft:all:all,community,506,Al Yelayiss 1,,quarter,2021-07-01,2021-09-30,median_rent_per_sqft,all,all,377.31,724,higher,[],2026-09-08,dlx-aggregates-2
community:506:quarter:2021-10-01:median_rent_per_sqft:all:all,community,506,Al Yelayiss 1,,quarter,2021-10-01,2021-12-31,median_rent_per_sqft,all,all,401.31,380,higher,[],2026-09-08,dlx-aggregates-2
community:506:quarter:2022-01-01:median_rent_per_sqft:all:all,community,506,Al Yelayiss 1,,quarter,2022-01-01,2022-03-31,median_rent_per_sqft,all,all,404.54,394,higher,[],2026-09-08,dlx-aggregates-2
community:506:quarter:2022-04-01:median_rent_per_sqft:all:all,community,506,Al Yelayiss 1,,quarter,2022-04-01,2022-06-30,median_rent_per_sqft,all,all,408.59,592,higher,[],2026-09-08,dlx-aggregates-2
community:506:quarter:2022-07-01:median_rent_per_sqft:all:all,community,506,Al Yelayiss 1,,quarter,2022-07-01,2022-09-30,median_rent_per_sqft,all,all,422.48,735,higher,[],2026-09-08,dlx-aggregates-2
community:506:quarter:2022-10-01:median_rent_per_sqft:all:all,community,506,Al Yelayiss 1,,quarter,2022-10-01,2022-12-31,median_rent_per_sqft,all,all,453.7,395,higher,[],2026-09-08,dlx-aggregates-2
community:506:quarter:2023-01-01:median_rent_per_sqft:all:all,community,506,Al Yelayiss 1,,quarter,2023-01-01,2023-03-31,median_rent_per_sqft,all,all,470.3,364,higher,[],2026-09-08,dlx-aggregates-2
community:506:quarter:2023-04-01:median_rent_per_sqft:all:all,community,506,Al Yelayiss 1,,quarter,2023-04-01,2023-06-30,median_rent_per_sqft,all,all,474.14,501,higher,[],2026-09-08,dlx-aggregates-2
community:506:quarter:2023-07-01:median_rent_per_sqft:all:all,community,506,Al Yelayiss 1,,quarter,2023-07-01,2023-09-30,median_rent_per_sqft,all,all,479.96,653,higher,[],2026-09-08,dlx-aggregates-2
community:506:quarter:2023-10-01:median_rent_per_sqft:all:all,community,506,Al Yelayiss 1,,quarter,2023-10-01,2023-12-31,median_rent_per_sqft,all,all,532.75,401,higher,[],2026-09-08,dlx-aggregates-2
community:506:quarter:2024-01-01:median_rent_per_sqft:all:all,community,506,Al Yelayiss 1,,quarter,2024-01-01,2024-03-31,median_rent_per_sqft,all,all,561.41,422,higher,[],2026-09-08,dlx-aggregates-2
community:506:quarter:2024-04-01:median_rent_per_sqft:all:all,community,506,Al Yelayiss 1,,quarter,2024-04-01,2024-06-30,median_rent_per_sqft,all,all,586.32,482,higher,[],2026-09-08,dlx-aggregates-2
community:506:quarter:2024-07-01:median_rent_per_sqft:all:all,community,506,Al Yelayiss 1,,quarter,2024-07-01,2024-09-30,median_rent_per_sqft,all,all,572.52,579,higher,[],2026-09-08,dlx-aggregates-2
community:506:quarter:2024-10-01:median_rent_per_sqft:all:all,community,506,Al Yelayiss 1,,quarter,2024-10-01,2024-12-31,median_rent_per_sqft,all,all,623.86,367,higher,[],2026-09-08,dlx-aggregates-2
community:506:quarter:2025-01-01:median_rent_per_sqft:all:all,community,506,Al Yelayiss 1,,quarter,2025-01-01,2025-03-31,median_rent_per_sqft,all,all,632.91,387,higher,[],2026-09-08,dlx-aggregates-2
community:506:quarter:2025-04-01:median_rent_per_sqft:all:all,community,506,Al Yelayiss 1,,quarter,2025-04-01,2025-06-30,median_rent_per_sqft,all,all,647.4,452,higher,[],2026-09-08,dlx-aggregates-2
community:506:quarter:2025-07-01:median_rent_per_sqft:all:all,community,506,Al Yelayiss 1,,quarter,2025-07-01,2025-09-30,median_rent_per_sqft,all,all,628.84,503,higher,[],2026-09-08,dlx-aggregates-2
community:506:quarter:2025-10-01:median_rent_per_sqft:all:all,community,506,Al Yelayiss 1,,quarter,2025-10-01,2025-12-31,median_rent_per_sqft,all,all,659.88,342,higher,[],2026-09-08,dlx-aggregates-2
community:506:quarter:2026-01-01:median_rent_per_sqft:all:all,community,506,Al Yelayiss 1,,quarter,2026-01-01,2026-03-31,median_rent_per_sqft,all,all,656.57,369,higher,[],2026-09-08,dlx-aggregates-2
community:506:quarter:2026-04-01:median_rent_per_sqft:all:all,community,506,Al Yelayiss 1,,quarter,2026-04-01,2026-06-30,median_rent_per_sqft,all,all,655.76,366,higher,[],2026-09-08,dlx-aggregates-2
community:506:quarter:2026-07-01:median_rent_per_sqft:all:all,community,506,Al Yelayiss 1,,quarter,2026-07-01,2026-09-30,median_rent_per_sqft,all,all,636.81,351,higher,[],2026-09-08,dlx-aggregates-2
community:507:quarter:2019-01-01:median_rent_per_sqft:all:all,community,507,Al Yelayiss 2,,quarter,2019-01-01,2019-03-31,median_rent_per_sqft,all,all,529.35,182,moderate,[],2026-09-08,dlx-aggregates-2
community:507:quarter:2019-04-01:median_rent_per_sqft:all:all,community,507,Al Yelayiss 2,,quarter,2019-04-01,2019-06-30,median_rent_per_sqft,all,all,504.81,133,moderate,[],2026-09-08,dlx-aggregates-2
community:507:quarter:2019-07-01:median_rent_per_sqft:all:all,community,507,Al Yelayiss 2,,quarter,2019-07-01,2019-09-30,median_rent_per_sqft,all,all,500.1,297,higher,[],2026-09-08,dlx-aggregates-2
community:507:quarter:2019-10-01:median_rent_per_sqft:all:all,community,507,Al Yelayiss 2,,quarter,2019-10-01,2019-12-31,median_rent_per_sqft,all,all,462.14,342,higher,[],2026-09-08,dlx-aggregates-2
community:507:quarter:2020-01-01:median_rent_per_sqft:all:all,community,507,Al Yelayiss 2,,quarter,2020-01-01,2020-03-31,median_rent_per_sqft,all,all,452.54,303,higher,[],2026-09-08,dlx-aggregates-2
community:507:quarter:2020-04-01:median_rent_per_sqft:all:all,community,507,Al Yelayiss 2,,quarter,2020-04-01,2020-06-30,median_rent_per_sqft,all,all,425.49,231,higher,[],2026-09-08,dlx-aggregates-2
community:507:quarter:2020-07-01:median_rent_per_sqft:all:all,community,507,Al Yelayiss 2,,quarter,2020-07-01,2020-09-30,median_rent_per_sqft,all,all,417.71,617,higher,[],2026-09-08,dlx-aggregates-2
community:507:quarter:2020-10-01:median_rent_per_sqft:all:all,community,507,Al Yelayiss 2,,quarter,2020-10-01,2020-12-31,median_rent_per_sqft,all,all,419.51,667,higher,[],2026-09-08,dlx-aggregates-2
community:507:quarter:2021-01-01:median_rent_per_sqft:all:all,community,507,Al Yelayiss 2,,quarter,2021-01-01,2021-03-31,median_rent_per_sqft,all,all,424.85,474,higher,[],2026-09-08,dlx-aggregates-2
community:507:quarter:2021-04-01:median_rent_per_sqft:all:all,community,507,Al Yelayiss 2,,quarter,2021-04-01,2021-06-30,median_rent_per_sqft,all,all,453.35,402,higher,[],2026-09-08,dlx-aggregates-2
community:507:quarter:2021-07-01:median_rent_per_sqft:all:all,community,507,Al Yelayiss 2,,quarter,2021-07-01,2021-09-30,median_rent_per_sqft,all,all,445.6,692,higher,[],2026-09-08,dlx-aggregates-2
community:507:quarter:2021-10-01:median_rent_per_sqft:all:all,community,507,Al Yelayiss 2,,quarter,2021-10-01,2021-12-31,median_rent_per_sqft,all,all,452.07,644,higher,[],2026-09-08,dlx-aggregates-2
community:507:quarter:2022-01-01:median_rent_per_sqft:all:all,community,507,Al Yelayiss 2,,quarter,2022-01-01,2022-03-31,median_rent_per_sqft,all,all,475.13,566,higher,[],2026-09-08,dlx-aggregates-2
community:507:quarter:2022-04-01:median_rent_per_sqft:all:all,community,507,Al Yelayiss 2,,quarter,2022-04-01,2022-06-30,median_rent_per_sqft,all,all,504.84,517,higher,[],2026-09-08,dlx-aggregates-2
community:507:quarter:2022-07-01:median_rent_per_sqft:all:all,community,507,Al Yelayiss 2,,quarter,2022-07-01,2022-09-30,median_rent_per_sqft,all,all,498.91,718,higher,[],2026-09-08,dlx-aggregates-2
community:507:quarter:2022-10-01:median_rent_per_sqft:all:all,community,507,Al Yelayiss 2,,quarter,2022-10-01,2022-12-31,median_rent_per_sqft,all,all,497.85,597,higher,[],2026-09-08,dlx-aggregates-2
community:507:quarter:2023-01-01:median_rent_per_sqft:all:all,community,507,Al Yelayiss 2,,quarter,2023-01-01,2023-03-31,median_rent_per_sqft,all,all,531.33,550,higher,[],2026-09-08,dlx-aggregates-2
community:507:quarter:2023-04-01:median_rent_per_sqft:all:all,community,507,Al Yelayiss 2,,quarter,2023-04-01,2023-06-30,median_rent_per_sqft,all,all,567.9,545,higher,[],2026-09-08,dlx-aggregates-2
community:507:quarter:2023-07-01:median_rent_per_sqft:all:all,community,507,Al Yelayiss 2,,quarter,2023-07-01,2023-09-30,median_rent_per_sqft,all,all,573.31,670,higher,[],2026-09-08,dlx-aggregates-2
community:507:quarter:2023-10-01:median_rent_per_sqft:all:all,community,507,Al Yelayiss 2,,quarter,2023-10-01,2023-12-31,median_rent_per_sqft,all,all,583.78,500,higher,[],2026-09-08,dlx-aggregates-2
community:507:quarter:2024-01-01:median_rent_per_sqft:all:all,community,507,Al Yelayiss 2,,quarter,2024-01-01,2024-03-31,median_rent_per_sqft,all,all,626.2,527,higher,[],2026-09-08,dlx-aggregates-2
community:507:quarter:2024-04-01:median_rent_per_sqft:all:all,community,507,Al Yelayiss 2,,quarter,2024-04-01,2024-06-30,median_rent_per_sqft,all,all,673.51,677,higher,[],2026-09-08,dlx-aggregates-2
community:507:quarter:2024-07-01:median_rent_per_sqft:all:all,community,507,Al Yelayiss 2,,quarter,2024-07-01,2024-09-30,median_rent_per_sqft,all,all,665.15,722,higher,[],2026-09-08,dlx-aggregates-2
community:507:quarter:2024-10-01:median_rent_per_sqft:all:all,community,507,Al Yelayiss 2,,quarter,2024-10-01,2024-12-31,median_rent_per_sqft,all,all,697.77,552,higher,[],2026-09-08,dlx-aggregates-2
community:507:quarter:2025-01-01:median_rent_per_sqft:all:all,community,507,Al Yelayiss 2,,quarter,2025-01-01,2025-03-31,median_rent_per_sqft,all,all,722.7,551,higher,[],2026-09-08,dlx-aggregates-2
community:507:quarter:2025-04-01:median_rent_per_sqft:all:all,community,507,Al Yelayiss 2,,quarter,2025-04-01,2025-06-30,median_rent_per_sqft,all,all,717.95,692,higher,[],2026-09-08,dlx-aggregates-2
community:507:quarter:2025-07-01:median_rent_per_sqft:all:all,community,507,Al Yelayiss 2,,quarter,2025-07-01,2025-09-30,median_rent_per_sqft,all,all,743.71,848,higher,[],2026-09-08,dlx-aggregates-2
community:507:quarter:2025-10-01:median_rent_per_sqft:all:all,community,507,Al Yelayiss 2,,quarter,2025-10-01,2025-12-31,median_rent_per_sqft,all,all,768.47,700,higher,[],2026-09-08,dlx-aggregates-2
community:507:quarter:2026-01-01:median_rent_per_sqft:all:all,community,507,Al Yelayiss 2,,quarter,2026-01-01,2026-03-31,median_rent_per_sqft,all,all,762.43,563,higher,[],2026-09-08,dlx-aggregates-2
community:507:quarter:2026-04-01:median_rent_per_sqft:all:all,community,507,Al Yelayiss 2,,quarter,2026-04-01,2026-06-30,median_rent_per_sqft,all,all,735.99,717,higher,[],2026-09-08,dlx-aggregates-2
community:507:quarter:2026-07-01:median_rent_per_sqft:all:all,community,507,Al Yelayiss 2,,quarter,2026-07-01,2026-09-30,median_rent_per_sqft,all,all,754.53,627,higher,[],2026-09-08,dlx-aggregates-2
community:522:quarter:2019-01-01:median_rent_per_sqft:all:all,community,522,Hessyan First,,quarter,2019-01-01,2019-03-31,median_rent_per_sqft,all,all,294.13,33,moderate,[],2026-09-08,dlx-aggregates-2
community:522:quarter:2019-04-01:median_rent_per_sqft:all:all,community,522,Hessyan First,,quarter,2019-04-01,2019-06-30,median_rent_per_sqft,all,all,186.96,34,moderate,[],2026-09-08,dlx-aggregates-2
community:522:quarter:2019-07-01:median_rent_per_sqft:all:all,community,522,Hessyan First,,quarter,2019-07-01,2019-09-30,median_rent_per_sqft,all,all,289.75,47,moderate,[],2026-09-08,dlx-aggregates-2
community:522:quarter:2019-10-01:median_rent_per_sqft:all:all,community,522,Hessyan First,,quarter,2019-10-01,2019-12-31,median_rent_per_sqft,all,all,251.47,34,moderate,[],2026-09-08,dlx-aggregates-2
community:522:quarter:2020-01-01:median_rent_per_sqft:all:all,community,522,Hessyan First,,quarter,2020-01-01,2020-03-31,median_rent_per_sqft,all,all,272.71,33,moderate,[],2026-09-08,dlx-aggregates-2
community:522:quarter:2020-04-01:median_rent_per_sqft:all:all,community,522,Hessyan First,,quarter,2020-04-01,2020-06-30,median_rent_per_sqft,all,all,192.6,31,moderate,[],2026-09-08,dlx-aggregates-2
community:522:quarter:2020-07-01:median_rent_per_sqft:all:all,community,522,Hessyan First,,quarter,2020-07-01,2020-09-30,median_rent_per_sqft,all,all,239.04,59,moderate,[],2026-09-08,dlx-aggregates-2
community:522:quarter:2020-10-01:median_rent_per_sqft:all:all,community,522,Hessyan First,,quarter,2020-10-01,2020-12-31,median_rent_per_sqft,all,all,217.3,41,moderate,[],2026-09-08,dlx-aggregates-2
community:522:quarter:2021-01-01:median_rent_per_sqft:all:all,community,522,Hessyan First,,quarter,2021-01-01,2021-03-31,median_rent_per_sqft,all,all,193.17,46,moderate,[],2026-09-08,dlx-aggregates-2
community:522:quarter:2021-04-01:median_rent_per_sqft:all:all,community,522,Hessyan First,,quarter,2021-04-01,2021-06-30,median_rent_per_sqft,all,all,176.91,35,moderate,[],2026-09-08,dlx-aggregates-2
community:522:quarter:2021-07-01:median_rent_per_sqft:all:all,community,522,Hessyan First,,quarter,2021-07-01,2021-09-30,median_rent_per_sqft,all,all,182.56,68,moderate,[],2026-09-08,dlx-aggregates-2
community:522:quarter:2021-10-01:median_rent_per_sqft:all:all,community,522,Hessyan First,,quarter,2021-10-01,2021-12-31,median_rent_per_sqft,all,all,208.44,64,moderate,[],2026-09-08,dlx-aggregates-2
community:522:quarter:2022-01-01:median_rent_per_sqft:all:all,community,522,Hessyan First,,quarter,2022-01-01,2022-03-31,median_rent_per_sqft,all,all,202.84,62,moderate,[],2026-09-08,dlx-aggregates-2
community:522:quarter:2022-04-01:median_rent_per_sqft:all:all,community,522,Hessyan First,,quarter,2022-04-01,2022-06-30,median_rent_per_sqft,all,all,211.93,32,moderate,[],2026-09-08,dlx-aggregates-2
community:522:quarter:2022-07-01:median_rent_per_sqft:all:all,community,522,Hessyan First,,quarter,2022-07-01,2022-09-30,median_rent_per_sqft,all,all,224.05,62,moderate,[],2026-09-08,dlx-aggregates-2
community:522:quarter:2022-10-01:median_rent_per_sqft:all:all,community,522,Hessyan First,,quarter,2022-10-01,2022-12-31,median_rent_per_sqft,all,all,257.09,65,moderate,[],2026-09-08,dlx-aggregates-2
community:522:quarter:2023-01-01:median_rent_per_sqft:all:all,community,522,Hessyan First,,quarter,2023-01-01,2023-03-31,median_rent_per_sqft,all,all,217.66,75,moderate,[],2026-09-08,dlx-aggregates-2
community:522:quarter:2023-04-01:median_rent_per_sqft:all:all,community,522,Hessyan First,,quarter,2023-04-01,2023-06-30,median_rent_per_sqft,all,all,244.0,47,moderate,[],2026-09-08,dlx-aggregates-2
community:522:quarter:2023-07-01:median_rent_per_sqft:all:all,community,522,Hessyan First,,quarter,2023-07-01,2023-09-30,median_rent_per_sqft,all,all,237.16,53,moderate,[],2026-09-08,dlx-aggregates-2
community:522:quarter:2023-10-01:median_rent_per_sqft:all:all,community,522,Hessyan First,,quarter,2023-10-01,2023-12-31,median_rent_per_sqft,all,all,277.86,68,moderate,[],2026-09-08,dlx-aggregates-2
community:522:quarter:2024-01-01:median_rent_per_sqft:all:all,community,522,Hessyan First,,quarter,2024-01-01,2024-03-31,median_rent_per_sqft,all,all,236.21,66,moderate,[],2026-09-08,dlx-aggregates-2
community:522:quarter:2024-04-01:median_rent_per_sqft:all:all,community,522,Hessyan First,,quarter,2024-04-01,2024-06-30,median_rent_per_sqft,all,all,277.11,50,moderate,[],2026-09-08,dlx-aggregates-2
community:522:quarter:2024-07-01:median_rent_per_sqft:all:all,community,522,Hessyan First,,quarter,2024-07-01,2024-09-30,median_rent_per_sqft,all,all,283.49,56,moderate,[],2026-09-08,dlx-aggregates-2
community:522:quarter:2024-10-01:median_rent_per_sqft:all:all,community,522,Hessyan First,,quarter,2024-10-01,2024-12-31,median_rent_per_sqft,all,all,270.58,64,moderate,[],2026-09-08,dlx-aggregates-2
community:522:quarter:2025-01-01:median_rent_per_sqft:all:all,community,522,Hessyan First,,quarter,2025-01-01,2025-03-31,median_rent_per_sqft,all,all,271.57,70,moderate,[],2026-09-08,dlx-aggregates-2
community:522:quarter:2025-04-01:median_rent_per_sqft:all:all,community,522,Hessyan First,,quarter,2025-04-01,2025-06-30,median_rent_per_sqft,all,all,293.33,49,moderate,[],2026-09-08,dlx-aggregates-2
community:522:quarter:2025-07-01:median_rent_per_sqft:all:all,community,522,Hessyan First,,quarter,2025-07-01,2025-09-30,median_rent_per_sqft,all,all,286.13,65,moderate,[],2026-09-08,dlx-aggregates-2
community:522:quarter:2025-10-01:median_rent_per_sqft:all:all,community,522,Hessyan First,,quarter,2025-10-01,2025-12-31,median_rent_per_sqft,all,all,296.41,64,moderate,[],2026-09-08,dlx-aggregates-2
community:522:quarter:2026-01-01:median_rent_per_sqft:all:all,community,522,Hessyan First,,quarter,2026-01-01,2026-03-31,median_rent_per_sqft,all,all,283.73,62,moderate,[],2026-09-08,dlx-aggregates-2
community:522:quarter:2026-04-01:median_rent_per_sqft:all:all,community,522,Hessyan First,,quarter,2026-04-01,2026-06-30,median_rent_per_sqft,all,all,293.52,48,moderate,[],2026-09-08,dlx-aggregates-2
community:522:quarter:2026-07-01:median_rent_per_sqft:all:all,community,522,Hessyan First,,quarter,2026-07-01,2026-09-30,median_rent_per_sqft,all,all,278.75,38,moderate,[],2026-09-08,dlx-aggregates-2
community:523:quarter:2019-01-01:median_rent_per_sqft:all:all,community,523,Al Hebiah Third,,quarter,2019-01-01,2019-03-31,median_rent_per_sqft,all,all,408.42,225,higher,[],2026-09-08,dlx-aggregates-2
community:523:quarter:2019-04-01:median_rent_per_sqft:all:all,community,523,Al Hebiah Third,,quarter,2019-04-01,2019-06-30,median_rent_per_sqft,all,all,395.92,282,higher,[],2026-09-08,dlx-aggregates-2
community:523:quarter:2019-07-01:median_rent_per_sqft:all:all,community,523,Al Hebiah Third,,quarter,2019-07-01,2019-09-30,median_rent_per_sqft,all,all,410.43,388,higher,[],2026-09-08,dlx-aggregates-2
community:523:quarter:2019-10-01:median_rent_per_sqft:all:all,community,523,Al Hebiah Third,,quarter,2019-10-01,2019-12-31,median_rent_per_sqft,all,all,401.23,256,higher,[],2026-09-08,dlx-aggregates-2
community:523:quarter:2020-01-01:median_rent_per_sqft:all:all,community,523,Al Hebiah Third,,quarter,2020-01-01,2020-03-31,median_rent_per_sqft,all,all,389.54,305,higher,[],2026-09-08,dlx-aggregates-2
community:523:quarter:2020-04-01:median_rent_per_sqft:all:all,community,523,Al Hebiah Third,,quarter,2020-04-01,2020-06-30,median_rent_per_sqft,all,all,375.03,251,higher,[],2026-09-08,dlx-aggregates-2
community:523:quarter:2020-07-01:median_rent_per_sqft:all:all,community,523,Al Hebiah Third,,quarter,2020-07-01,2020-09-30,median_rent_per_sqft,all,all,375.49,466,higher,[],2026-09-08,dlx-aggregates-2
community:523:quarter:2020-10-01:median_rent_per_sqft:all:all,community,523,Al Hebiah Third,,quarter,2020-10-01,2020-12-31,median_rent_per_sqft,all,all,388.58,285,higher,[],2026-09-08,dlx-aggregates-2
community:523:quarter:2021-01-01:median_rent_per_sqft:all:all,community,523,Al Hebiah Third,,quarter,2021-01-01,2021-03-31,median_rent_per_sqft,all,all,398.07,339,higher,[],2026-09-08,dlx-aggregates-2
community:523:quarter:2021-04-01:median_rent_per_sqft:all:all,community,523,Al Hebiah Third,,quarter,2021-04-01,2021-06-30,median_rent_per_sqft,all,all,401.34,279,higher,[],2026-09-08,dlx-aggregates-2
community:523:quarter:2021-07-01:median_rent_per_sqft:all:all,community,523,Al Hebiah Third,,quarter,2021-07-01,2021-09-30,median_rent_per_sqft,all,all,413.0,462,higher,[],2026-09-08,dlx-aggregates-2
community:523:quarter:2021-10-01:median_rent_per_sqft:all:all,community,523,Al Hebiah Third,,quarter,2021-10-01,2021-12-31,median_rent_per_sqft,all,all,462.99,298,higher,[],2026-09-08,dlx-aggregates-2
community:523:quarter:2022-01-01:median_rent_per_sqft:all:all,community,523,Al Hebiah Third,,quarter,2022-01-01,2022-03-31,median_rent_per_sqft,all,all,437.25,317,higher,[],2026-09-08,dlx-aggregates-2
community:523:quarter:2022-04-01:median_rent_per_sqft:all:all,community,523,Al Hebiah Third,,quarter,2022-04-01,2022-06-30,median_rent_per_sqft,all,all,473.91,257,higher,[],2026-09-08,dlx-aggregates-2
community:523:quarter:2022-07-01:median_rent_per_sqft:all:all,community,523,Al Hebiah Third,,quarter,2022-07-01,2022-09-30,median_rent_per_sqft,all,all,517.43,474,higher,[],2026-09-08,dlx-aggregates-2
community:523:quarter:2022-10-01:median_rent_per_sqft:all:all,community,523,Al Hebiah Third,,quarter,2022-10-01,2022-12-31,median_rent_per_sqft,all,all,592.89,307,higher,[],2026-09-08,dlx-aggregates-2
community:523:quarter:2023-01-01:median_rent_per_sqft:all:all,community,523,Al Hebiah Third,,quarter,2023-01-01,2023-03-31,median_rent_per_sqft,all,all,592.89,357,higher,[],2026-09-08,dlx-aggregates-2
community:523:quarter:2023-04-01:median_rent_per_sqft:all:all,community,523,Al Hebiah Third,,quarter,2023-04-01,2023-06-30,median_rent_per_sqft,all,all,645.73,284,higher,[],2026-09-08,dlx-aggregates-2
community:523:quarter:2023-07-01:median_rent_per_sqft:all:all,community,523,Al Hebiah Third,,quarter,2023-07-01,2023-09-30,median_rent_per_sqft,all,all,632.59,475,higher,[],2026-09-08,dlx-aggregates-2
community:523:quarter:2023-10-01:median_rent_per_sqft:all:all,community,523,Al Hebiah Third,,quarter,2023-10-01,2023-12-31,median_rent_per_sqft,all,all,712.06,306,higher,[],2026-09-08,dlx-aggregates-2
community:523:quarter:2024-01-01:median_rent_per_sqft:all:all,community,523,Al Hebiah Third,,quarter,2024-01-01,2024-03-31,median_rent_per_sqft,all,all,716.99,293,higher,[],2026-09-08,dlx-aggregates-2
community:523:quarter:2024-04-01:median_rent_per_sqft:all:all,community,523,Al Hebiah Third,,quarter,2024-04-01,2024-06-30,median_rent_per_sqft,all,all,765.66,277,higher,[],2026-09-08,dlx-aggregates-2
community:523:quarter:2024-07-01:median_rent_per_sqft:all:all,community,523,Al Hebiah Third,,quarter,2024-07-01,2024-09-30,median_rent_per_sqft,all,all,747.97,487,higher,[],2026-09-08,dlx-aggregates-2
community:523:quarter:2024-10-01:median_rent_per_sqft:all:all,community,523,Al Hebiah Third,,quarter,2024-10-01,2024-12-31,median_rent_per_sqft,all,all,847.98,356,higher,[],2026-09-08,dlx-aggregates-2
community:523:quarter:2025-01-01:median_rent_per_sqft:all:all,community,523,Al Hebiah Third,,quarter,2025-01-01,2025-03-31,median_rent_per_sqft,all,all,886.8,388,higher,[],2026-09-08,dlx-aggregates-2
community:523:quarter:2025-04-01:median_rent_per_sqft:all:all,community,523,Al Hebiah Third,,quarter,2025-04-01,2025-06-30,median_rent_per_sqft,all,all,830.04,357,higher,[],2026-09-08,dlx-aggregates-2
community:523:quarter:2025-07-01:median_rent_per_sqft:all:all,community,523,Al Hebiah Third,,quarter,2025-07-01,2025-09-30,median_rent_per_sqft,all,all,828.35,502,higher,[],2026-09-08,dlx-aggregates-2
community:523:quarter:2025-10-01:median_rent_per_sqft:all:all,community,523,Al Hebiah Third,,quarter,2025-10-01,2025-12-31,median_rent_per_sqft,all,all,888.36,374,higher,[],2026-09-08,dlx-aggregates-2
community:523:quarter:2026-01-01:median_rent_per_sqft:all:all,community,523,Al Hebiah Third,,quarter,2026-01-01,2026-03-31,median_rent_per_sqft,all,all,897.23,318,higher,[],2026-09-08,dlx-aggregates-2
community:523:quarter:2026-04-01:median_rent_per_sqft:all:all,community,523,Al Hebiah Third,,quarter,2026-04-01,2026-06-30,median_rent_per_sqft,all,all,849.87,340,higher,[],2026-09-08,dlx-aggregates-2
community:523:quarter:2026-07-01:median_rent_per_sqft:all:all,community,523,Al Hebiah Third,,quarter,2026-07-01,2026-09-30,median_rent_per_sqft,all,all,826.36,406,higher,[],2026-09-08,dlx-aggregates-2
community:526:quarter:2019-01-01:median_rent_per_sqft:all:all,community,526,Business Bay,,quarter,2019-01-01,2019-03-31,median_rent_per_sqft,all,all,733.35,831,higher,[],2026-09-08,dlx-aggregates-2
community:526:quarter:2019-04-01:median_rent_per_sqft:all:all,community,526,Business Bay,,quarter,2019-04-01,2019-06-30,median_rent_per_sqft,all,all,720.35,815,higher,[],2026-09-08,dlx-aggregates-2
community:526:quarter:2019-07-01:median_rent_per_sqft:all:all,community,526,Business Bay,,quarter,2019-07-01,2019-09-30,median_rent_per_sqft,all,all,695.7,1099,higher,[],2026-09-08,dlx-aggregates-2
community:526:quarter:2019-10-01:median_rent_per_sqft:all:all,community,526,Business Bay,,quarter,2019-10-01,2019-12-31,median_rent_per_sqft,all,all,655.2,1504,higher,[],2026-09-08,dlx-aggregates-2
community:526:quarter:2020-01-01:median_rent_per_sqft:all:all,community,526,Business Bay,,quarter,2020-01-01,2020-03-31,median_rent_per_sqft,all,all,673.96,954,higher,[],2026-09-08,dlx-aggregates-2
community:526:quarter:2020-04-01:median_rent_per_sqft:all:all,community,526,Business Bay,,quarter,2020-04-01,2020-06-30,median_rent_per_sqft,all,all,643.27,743,higher,[],2026-09-08,dlx-aggregates-2
community:526:quarter:2020-07-01:median_rent_per_sqft:all:all,community,526,Business Bay,,quarter,2020-07-01,2020-09-30,median_rent_per_sqft,all,all,614.09,1277,higher,[],2026-09-08,dlx-aggregates-2
community:526:quarter:2020-10-01:median_rent_per_sqft:all:all,community,526,Business Bay,,quarter,2020-10-01,2020-12-31,median_rent_per_sqft,all,all,591.81,1335,higher,[],2026-09-08,dlx-aggregates-2
community:526:quarter:2021-01-01:median_rent_per_sqft:all:all,community,526,Business Bay,,quarter,2021-01-01,2021-03-31,median_rent_per_sqft,all,all,592.94,1234,higher,[],2026-09-08,dlx-aggregates-2
community:526:quarter:2021-04-01:median_rent_per_sqft:all:all,community,526,Business Bay,,quarter,2021-04-01,2021-06-30,median_rent_per_sqft,all,all,598.72,1035,higher,[],2026-09-08,dlx-aggregates-2
community:526:quarter:2021-07-01:median_rent_per_sqft:all:all,community,526,Business Bay,,quarter,2021-07-01,2021-09-30,median_rent_per_sqft,all,all,600.95,1494,higher,[],2026-09-08,dlx-aggregates-2
community:526:quarter:2021-10-01:median_rent_per_sqft:all:all,community,526,Business Bay,,quarter,2021-10-01,2021-12-31,median_rent_per_sqft,all,all,615.72,1794,higher,[],2026-09-08,dlx-aggregates-2
community:526:quarter:2022-01-01:median_rent_per_sqft:all:all,community,526,Business Bay,,quarter,2022-01-01,2022-03-31,median_rent_per_sqft,all,all,642.39,1535,higher,[],2026-09-08,dlx-aggregates-2
community:526:quarter:2022-04-01:median_rent_per_sqft:all:all,community,526,Business Bay,,quarter,2022-04-01,2022-06-30,median_rent_per_sqft,all,all,654.72,1262,higher,[],2026-09-08,dlx-aggregates-2
community:526:quarter:2022-07-01:median_rent_per_sqft:all:all,community,526,Business Bay,,quarter,2022-07-01,2022-09-30,median_rent_per_sqft,all,all,666.74,1602,higher,[],2026-09-08,dlx-aggregates-2
community:526:quarter:2022-10-01:median_rent_per_sqft:all:all,community,526,Business Bay,,quarter,2022-10-01,2022-12-31,median_rent_per_sqft,all,all,699.69,1798,higher,[],2026-09-08,dlx-aggregates-2
community:526:quarter:2023-01-01:median_rent_per_sqft:all:all,community,526,Business Bay,,quarter,2023-01-01,2023-03-31,median_rent_per_sqft,all,all,707.11,1586,higher,[],2026-09-08,dlx-aggregates-2
community:526:quarter:2023-04-01:median_rent_per_sqft:all:all,community,526,Business Bay,,quarter,2023-04-01,2023-06-30,median_rent_per_sqft,all,all,739.73,1233,higher,[],2026-09-08,dlx-aggregates-2
community:526:quarter:2023-07-01:median_rent_per_sqft:all:all,community,526,Business Bay,,quarter,2023-07-01,2023-09-30,median_rent_per_sqft,all,all,767.17,1633,higher,[],2026-09-08,dlx-aggregates-2
community:526:quarter:2023-10-01:median_rent_per_sqft:all:all,community,526,Business Bay,,quarter,2023-10-01,2023-12-31,median_rent_per_sqft,all,all,859.76,2087,higher,[],2026-09-08,dlx-aggregates-2
community:526:quarter:2024-01-01:median_rent_per_sqft:all:all,community,526,Business Bay,,quarter,2024-01-01,2024-03-31,median_rent_per_sqft,all,all,818.97,1713,higher,[],2026-09-08,dlx-aggregates-2
community:526:quarter:2024-04-01:median_rent_per_sqft:all:all,community,526,Business Bay,,quarter,2024-04-01,2024-06-30,median_rent_per_sqft,all,all,881.49,1219,higher,[],2026-09-08,dlx-aggregates-2
community:526:quarter:2024-07-01:median_rent_per_sqft:all:all,community,526,Business Bay,,quarter,2024-07-01,2024-09-30,median_rent_per_sqft,all,all,987.88,2038,higher,[],2026-09-08,dlx-aggregates-2
community:526:quarter:2024-10-01:median_rent_per_sqft:all:all,community,526,Business Bay,,quarter,2024-10-01,2024-12-31,median_rent_per_sqft,all,all,906.41,1713,higher,[],2026-09-08,dlx-aggregates-2
community:526:quarter:2025-01-01:median_rent_per_sqft:all:all,community,526,Business Bay,,quarter,2025-01-01,2025-03-31,median_rent_per_sqft,all,all,920.04,1624,higher,[],2026-09-08,dlx-aggregates-2
community:526:quarter:2025-04-01:median_rent_per_sqft:all:all,community,526,Business Bay,,quarter,2025-04-01,2025-06-30,median_rent_per_sqft,all,all,966.5,1391,higher,[],2026-09-08,dlx-aggregates-2
community:526:quarter:2025-07-01:median_rent_per_sqft:all:all,community,526,Business Bay,,quarter,2025-07-01,2025-09-30,median_rent_per_sqft,all,all,1053.04,2206,higher,[],2026-09-08,dlx-aggregates-2
community:526:quarter:2025-10-01:median_rent_per_sqft:all:all,community,526,Business Bay,,quarter,2025-10-01,2025-12-31,median_rent_per_sqft,all,all,987.5,1840,higher,[],2026-09-08,dlx-aggregates-2
community:526:quarter:2026-01-01:median_rent_per_sqft:all:all,community,526,Business Bay,,quarter,2026-01-01,2026-03-31,median_rent_per_sqft,all,all,975.42,1588,higher,[],2026-09-08,dlx-aggregates-2
community:526:quarter:2026-04-01:median_rent_per_sqft:all:all,community,526,Business Bay,,quarter,2026-04-01,2026-06-30,median_rent_per_sqft,all,all,962.36,1251,higher,[],2026-09-08,dlx-aggregates-2
community:526:quarter:2026-07-01:median_rent_per_sqft:all:all,community,526,Business Bay,,quarter,2026-07-01,2026-09-30,median_rent_per_sqft,all,all,1029.72,1608,higher,[],2026-09-08,dlx-aggregates-2
community:531:quarter:2019-01-01:median_rent_per_sqft:all:all,community,531,Al Hebiah Sixth,,quarter,2019-01-01,2019-03-31,median_rent_per_sqft,all,all,441.44,137,moderate,[],2026-09-08,dlx-aggregates-2
community:531:quarter:2019-04-01:median_rent_per_sqft:all:all,community,531,Al Hebiah Sixth,,quarter,2019-04-01,2019-06-30,median_rent_per_sqft,all,all,443.26,177,moderate,[],2026-09-08,dlx-aggregates-2
community:531:quarter:2019-07-01:median_rent_per_sqft:all:all,community,531,Al Hebiah Sixth,,quarter,2019-07-01,2019-09-30,median_rent_per_sqft,all,all,438.79,250,higher,[],2026-09-08,dlx-aggregates-2
community:531:quarter:2019-10-01:median_rent_per_sqft:all:all,community,531,Al Hebiah Sixth,,quarter,2019-10-01,2019-12-31,median_rent_per_sqft,all,all,420.1,115,moderate,[],2026-09-08,dlx-aggregates-2
community:531:quarter:2020-01-01:median_rent_per_sqft:all:all,community,531,Al Hebiah Sixth,,quarter,2020-01-01,2020-03-31,median_rent_per_sqft,all,all,412.12,144,moderate,[],2026-09-08,dlx-aggregates-2
community:531:quarter:2020-04-01:median_rent_per_sqft:all:all,community,531,Al Hebiah Sixth,,quarter,2020-04-01,2020-06-30,median_rent_per_sqft,all,all,416.67,179,moderate,[],2026-09-08,dlx-aggregates-2
community:531:quarter:2020-07-01:median_rent_per_sqft:all:all,community,531,Al Hebiah Sixth,,quarter,2020-07-01,2020-09-30,median_rent_per_sqft,all,all,397.73,440,higher,[],2026-09-08,dlx-aggregates-2
community:531:quarter:2020-10-01:median_rent_per_sqft:all:all,community,531,Al Hebiah Sixth,,quarter,2020-10-01,2020-12-31,median_rent_per_sqft,all,all,408.66,206,higher,[],2026-09-08,dlx-aggregates-2
community:531:quarter:2021-01-01:median_rent_per_sqft:all:all,community,531,Al Hebiah Sixth,,quarter,2021-01-01,2021-03-31,median_rent_per_sqft,all,all,438.69,308,higher,[],2026-09-08,dlx-aggregates-2
community:531:quarter:2021-04-01:median_rent_per_sqft:all:all,community,531,Al Hebiah Sixth,,quarter,2021-04-01,2021-06-30,median_rent_per_sqft,all,all,450.43,196,moderate,[],2026-09-08,dlx-aggregates-2
community:531:quarter:2021-07-01:median_rent_per_sqft:all:all,community,531,Al Hebiah Sixth,,quarter,2021-07-01,2021-09-30,median_rent_per_sqft,all,all,424.8,412,higher,[],2026-09-08,dlx-aggregates-2
community:531:quarter:2021-10-01:median_rent_per_sqft:all:all,community,531,Al Hebiah Sixth,,quarter,2021-10-01,2021-12-31,median_rent_per_sqft,all,all,453.41,194,moderate,[],2026-09-08,dlx-aggregates-2
community:531:quarter:2022-01-01:median_rent_per_sqft:all:all,community,531,Al Hebiah Sixth,,quarter,2022-01-01,2022-03-31,median_rent_per_sqft,all,all,459.93,264,higher,[],2026-09-08,dlx-aggregates-2
community:531:quarter:2022-04-01:median_rent_per_sqft:all:all,community,531,Al Hebiah Sixth,,quarter,2022-04-01,2022-06-30,median_rent_per_sqft,all,all,486.11,209,higher,[],2026-09-08,dlx-aggregates-2
community:531:quarter:2022-07-01:median_rent_per_sqft:all:all,community,531,Al Hebiah Sixth,,quarter,2022-07-01,2022-09-30,median_rent_per_sqft,all,all,484.81,395,higher,[],2026-09-08,dlx-aggregates-2
community:531:quarter:2022-10-01:median_rent_per_sqft:all:all,community,531,Al Hebiah Sixth,,quarter,2022-10-01,2022-12-31,median_rent_per_sqft,all,all,520.3,188,moderate,[],2026-09-08,dlx-aggregates-2
community:531:quarter:2023-01-01:median_rent_per_sqft:all:all,community,531,Al Hebiah Sixth,,quarter,2023-01-01,2023-03-31,median_rent_per_sqft,all,all,540.09,230,higher,[],2026-09-08,dlx-aggregates-2
community:531:quarter:2023-04-01:median_rent_per_sqft:all:all,community,531,Al Hebiah Sixth,,quarter,2023-04-01,2023-06-30,median_rent_per_sqft,all,all,565.61,203,higher,[],2026-09-08,dlx-aggregates-2
community:531:quarter:2023-07-01:median_rent_per_sqft:all:all,community,531,Al Hebiah Sixth,,quarter,2023-07-01,2023-09-30,median_rent_per_sqft,all,all,579.22,355,higher,[],2026-09-08,dlx-aggregates-2
community:531:quarter:2023-10-01:median_rent_per_sqft:all:all,community,531,Al Hebiah Sixth,,quarter,2023-10-01,2023-12-31,median_rent_per_sqft,all,all,634.93,196,moderate,[],2026-09-08,dlx-aggregates-2
community:531:quarter:2024-01-01:median_rent_per_sqft:all:all,community,531,Al Hebiah Sixth,,quarter,2024-01-01,2024-03-31,median_rent_per_sqft,all,all,674.94,185,moderate,[],2026-09-08,dlx-aggregates-2
community:531:quarter:2024-04-01:median_rent_per_sqft:all:all,community,531,Al Hebiah Sixth,,quarter,2024-04-01,2024-06-30,median_rent_per_sqft,all,all,695.96,195,moderate,[],2026-09-08,dlx-aggregates-2
community:531:quarter:2024-07-01:median_rent_per_sqft:all:all,community,531,Al Hebiah Sixth,,quarter,2024-07-01,2024-09-30,median_rent_per_sqft,all,all,694.62,319,higher,[],2026-09-08,dlx-aggregates-2
community:531:quarter:2024-10-01:median_rent_per_sqft:all:all,community,531,Al Hebiah Sixth,,quarter,2024-10-01,2024-12-31,median_rent_per_sqft,all,all,738.67,172,moderate,[],2026-09-08,dlx-aggregates-2
community:531:quarter:2025-01-01:median_rent_per_sqft:all:all,community,531,Al Hebiah Sixth,,quarter,2025-01-01,2025-03-31,median_rent_per_sqft,all,all,746.6,180,moderate,[],2026-09-08,dlx-aggregates-2
community:531:quarter:2025-04-01:median_rent_per_sqft:all:all,community,531,Al Hebiah Sixth,,quarter,2025-04-01,2025-06-30,median_rent_per_sqft,all,all,761.34,187,moderate,[],2026-09-08,dlx-aggregates-2
community:531:quarter:2025-07-01:median_rent_per_sqft:all:all,community,531,Al Hebiah Sixth,,quarter,2025-07-01,2025-09-30,median_rent_per_sqft,all,all,791.86,341,higher,[],2026-09-08,dlx-aggregates-2
community:531:quarter:2025-10-01:median_rent_per_sqft:all:all,community,531,Al Hebiah Sixth,,quarter,2025-10-01,2025-12-31,median_rent_per_sqft,all,all,881.07,312,higher,[],2026-09-08,dlx-aggregates-2
community:531:quarter:2026-01-01:median_rent_per_sqft:all:all,community,531,Al Hebiah Sixth,,quarter,2026-01-01,2026-03-31,median_rent_per_sqft,all,all,920.81,307,higher,[],2026-09-08,dlx-aggregates-2
community:531:quarter:2026-04-01:median_rent_per_sqft:all:all,community,531,Al Hebiah Sixth,,quarter,2026-04-01,2026-06-30,median_rent_per_sqft,all,all,827.95,222,higher,[],2026-09-08,dlx-aggregates-2
community:531:quarter:2026-07-01:median_rent_per_sqft:all:all,community,531,Al Hebiah Sixth,,quarter,2026-07-01,2026-09-30,median_rent_per_sqft,all,all,831.52,268,higher,[],2026-09-08,dlx-aggregates-2
dubai:dubai:quarter:2019-01-01:median_rent_per_sqft:all:all,dubai,dubai,Dubai,,quarter,2019-01-01,2019-03-31,median_rent_per_sqft,all,all,572.01,45446,higher,[],2026-09-08,dlx-aggregates-2
dubai:dubai:quarter:2019-04-01:median_rent_per_sqft:all:all,dubai,dubai,Dubai,,quarter,2019-04-01,2019-06-30,median_rent_per_sqft,all,all,552.79,37967,higher,[],2026-09-08,dlx-aggregates-2
dubai:dubai:quarter:2019-07-01:median_rent_per_sqft:all:all,dubai,dubai,Dubai,,quarter,2019-07-01,2019-09-30,median_rent_per_sqft,all,all,559.17,46070,higher,[],2026-09-08,dlx-aggregates-2
dubai:dubai:quarter:2019-10-01:median_rent_per_sqft:all:all,dubai,dubai,Dubai,,quarter,2019-10-01,2019-12-31,median_rent_per_sqft,all,all,541.91,42251,higher,[],2026-09-08,dlx-aggregates-2
dubai:dubai:quarter:2020-01-01:median_rent_per_sqft:all:all,dubai,dubai,Dubai,,quarter,2020-01-01,2020-03-31,median_rent_per_sqft,all,all,525.64,48163,higher,[],2026-09-08,dlx-aggregates-2
dubai:dubai:quarter:2020-04-01:median_rent_per_sqft:all:all,dubai,dubai,Dubai,,quarter,2020-04-01,2020-06-30,median_rent_per_sqft,all,all,496.9,35056,higher,[],2026-09-08,dlx-aggregates-2
dubai:dubai:quarter:2020-07-01:median_rent_per_sqft:all:all,dubai,dubai,Dubai,,quarter,2020-07-01,2020-09-30,median_rent_per_sqft,all,all,484.69,50170,higher,[],2026-09-08,dlx-aggregates-2
dubai:dubai:quarter:2020-10-01:median_rent_per_sqft:all:all,dubai,dubai,Dubai,,quarter,2020-10-01,2020-12-31,median_rent_per_sqft,all,all,478.36,48161,higher,[],2026-09-08,dlx-aggregates-2
dubai:dubai:quarter:2021-01-01:median_rent_per_sqft:all:all,dubai,dubai,Dubai,,quarter,2021-01-01,2021-03-31,median_rent_per_sqft,all,all,470.15,52854,higher,[],2026-09-08,dlx-aggregates-2
dubai:dubai:quarter:2021-04-01:median_rent_per_sqft:all:all,dubai,dubai,Dubai,,quarter,2021-04-01,2021-06-30,median_rent_per_sqft,all,all,464.67,42143,higher,[],2026-09-08,dlx-aggregates-2
dubai:dubai:quarter:2021-07-01:median_rent_per_sqft:all:all,dubai,dubai,Dubai,,quarter,2021-07-01,2021-09-30,median_rent_per_sqft,all,all,470.16,54599,higher,[],2026-09-08,dlx-aggregates-2
dubai:dubai:quarter:2021-10-01:median_rent_per_sqft:all:all,dubai,dubai,Dubai,,quarter,2021-10-01,2021-12-31,median_rent_per_sqft,all,all,482.6,56242,higher,[],2026-09-08,dlx-aggregates-2
dubai:dubai:quarter:2022-01-01:median_rent_per_sqft:all:all,dubai,dubai,Dubai,,quarter,2022-01-01,2022-03-31,median_rent_per_sqft,all,all,475.34,58224,higher,[],2026-09-08,dlx-aggregates-2
dubai:dubai:quarter:2022-04-01:median_rent_per_sqft:all:all,dubai,dubai,Dubai,,quarter,2022-04-01,2022-06-30,median_rent_per_sqft,all,all,486.27,48552,higher,[],2026-09-08,dlx-aggregates-2
dubai:dubai:quarter:2022-07-01:median_rent_per_sqft:all:all,dubai,dubai,Dubai,,quarter,2022-07-01,2022-09-30,median_rent_per_sqft,all,all,496.03,58785,higher,[],2026-09-08,dlx-aggregates-2
dubai:dubai:quarter:2022-10-01:median_rent_per_sqft:all:all,dubai,dubai,Dubai,,quarter,2022-10-01,2022-12-31,median_rent_per_sqft,all,all,517.47,58348,higher,[],2026-09-08,dlx-aggregates-2
dubai:dubai:quarter:2023-01-01:median_rent_per_sqft:all:all,dubai,dubai,Dubai,,quarter,2023-01-01,2023-03-31,median_rent_per_sqft,all,all,517.0,62359,higher,[],2026-09-08,dlx-aggregates-2
dubai:dubai:quarter:2023-04-01:median_rent_per_sqft:all:all,dubai,dubai,Dubai,,quarter,2023-04-01,2023-06-30,median_rent_per_sqft,all,all,526.91,52361,higher,[],2026-09-08,dlx-aggregates-2
dubai:dubai:quarter:2023-07-01:median_rent_per_sqft:all:all,dubai,dubai,Dubai,,quarter,2023-07-01,2023-09-30,median_rent_per_sqft,all,all,546.71,63119,higher,[],2026-09-08,dlx-aggregates-2
dubai:dubai:quarter:2023-10-01:median_rent_per_sqft:all:all,dubai,dubai,Dubai,,quarter,2023-10-01,2023-12-31,median_rent_per_sqft,all,all,565.31,61768,higher,[],2026-09-08,dlx-aggregates-2
dubai:dubai:quarter:2024-01-01:median_rent_per_sqft:all:all,dubai,dubai,Dubai,,quarter,2024-01-01,2024-03-31,median_rent_per_sqft,all,all,559.35,63453,higher,[],2026-09-08,dlx-aggregates-2
dubai:dubai:quarter:2024-04-01:median_rent_per_sqft:all:all,dubai,dubai,Dubai,,quarter,2024-04-01,2024-06-30,median_rent_per_sqft,all,all,579.79,53599,higher,[],2026-09-08,dlx-aggregates-2
dubai:dubai:quarter:2024-07-01:median_rent_per_sqft:all:all,dubai,dubai,Dubai,,quarter,2024-07-01,2024-09-30,median_rent_per_sqft,all,all,617.25,66900,higher,[],2026-09-08,dlx-aggregates-2
dubai:dubai:quarter:2024-10-01:median_rent_per_sqft:all:all,dubai,dubai,Dubai,,quarter,2024-10-01,2024-12-31,median_rent_per_sqft,all,all,629.29,63597,higher,[],2026-09-08,dlx-aggregates-2
dubai:dubai:quarter:2025-01-01:median_rent_per_sqft:all:all,dubai,dubai,Dubai,,quarter,2025-01-01,2025-03-31,median_rent_per_sqft,all,all,622.94,66049,higher,[],2026-09-08,dlx-aggregates-2
dubai:dubai:quarter:2025-04-01:median_rent_per_sqft:all:all,dubai,dubai,Dubai,,quarter,2025-04-01,2025-06-30,median_rent_per_sqft,all,all,630.33,55844,higher,[],2026-09-08,dlx-aggregates-2
dubai:dubai:quarter:2025-07-01:median_rent_per_sqft:all:all,dubai,dubai,Dubai,,quarter,2025-07-01,2025-09-30,median_rent_per_sqft,all,all,666.67,69818,higher,[],2026-09-08,dlx-aggregates-2
dubai:dubai:quarter:2025-10-01:median_rent_per_sqft:all:all,dubai,dubai,Dubai,,quarter,2025-10-01,2025-12-31,median_rent_per_sqft,all,all,678.57,64619,higher,[],2026-09-08,dlx-aggregates-2
dubai:dubai:quarter:2026-01-01:median_rent_per_sqft:all:all,dubai,dubai,Dubai,,quarter,2026-01-01,2026-03-31,median_rent_per_sqft,all,all,670.19,64999,higher,[],2026-09-08,dlx-aggregates-2
dubai:dubai:quarter:2026-04-01:median_rent_per_sqft:all:all,dubai,dubai,Dubai,,quarter,2026-04-01,2026-06-30,median_rent_per_sqft,all,all,657.16,51904,higher,[],2026-09-08,dlx-aggregates-2
dubai:dubai:quarter:2026-07-01:median_rent_per_sqft:all:all,dubai,dubai,Dubai,,quarter,2026-07-01,2026-09-30,median_rent_per_sqft,all,all,694.44,47505,higher,[],2026-09-08,dlx-aggregates-2
dubai:dubai:quarter:2026-10-01:median_rent_per_sqft:all:all,dubai,dubai,Dubai,,quarter,2026-10-01,2026-12-31,median_rent_per_sqft,all,all,608.13,1025,higher,[],2026-09-08,dlx-aggregates-2
dubai:dubai:quarter:2027-01-01:median_rent_per_sqft:all:all,dubai,dubai,Dubai,,quarter,2027-01-01,2027-03-31,median_rent_per_sqft,all,all,686.4,68,moderate,[],2026-09-08,dlx-aggregates-2
dubai:dubai:quarter:2027-04-01:median_rent_per_sqft:all:all,dubai,dubai,Dubai,,quarter,2027-04-01,2027-06-30,median_rent_per_sqft,all,all,796.3,47,moderate,[],2026-09-08,dlx-aggregates-2
